arm_id,study_id,arm_label_in_paper,arm_role,comparison_1_eligible,comparison_2_eligible,comparison_3_eligible,n_patients,pct_male,age_median_years,age_iqr_low,age_iqr_high,age_range_min,age_range_max,age_mean_years,age_sd_years,disease_aml_pct,disease_all_pct,disease_mds_pct,disease_mpn_pct,disease_cml_pct,disease_lymphoma_pct,disease_mm_pct,disease_cll_pct,disease_saa_pct,disease_other_pct,disease_risk_high_pct,disease_risk_intermediate_pct,disease_risk_low_pct,disease_risk_classifier_used,donor_msd_pct,donor_mud_pct,donor_mmud_pct,donor_haplo_pct,donor_ucb_pct,donor_predominant,graft_pbsc_pct,graft_bm_pct,graft_ucb_pct,graft_predominant,conditioning_mac_pct,conditioning_ric_pct,conditioning_nma_pct,conditioning_classification_scheme,conditioning_predominant,tbi_used_pct,hla_10_10_pct,hla_9_10_pct,hla_8_10_or_lower_pct,hla_haplo_pct,cmv_recipient_pos_pct,cmv_donor_pos_pct,cmv_DposRpos_pct,cmv_DposRneg_pct,cmv_DnegRpos_pct,cmv_DnegRneg_pct,cmv_serostatus_reporting,ptcy_used,ptcy_dose_mg_kg_per_dose,ptcy_n_doses,ptcy_days_post_transplant,ptcy_total_dose_mg_kg,ptcy_dose_category,cni_used,cni_agent,cni_target_trough_ng_ml_range,mmf_used,mmf_total_daily_dose_mg,mtx_used,mtx_schedule,mtx_total_dose_mg_m2,sirolimus_used,abatacept_used,other_immunosuppressant_used,other_immunosuppressant_description,atg_used,atg_agent,atg_total_dose_mg_kg,atg_dose_category,atg_timing,letermovir_use,letermovir_era_proxy,antifungal_prophylaxis_agent,antifungal_mold_active,antifungal_duration_target,antibacterial_prophylaxis_agent,pjp_prophylaxis_agent,cmv_monitoring_method,cmv_monitoring_frequency_per_week,cmv_preemptive_threshold,systemic_steroid_for_gvhd_exposure_pct,steroid_exposure_duration_days_median,second_line_gvhd_therapy_exposure_pct
1,2,Experimental prophylaxis (cyclophosphamide-tacrolimus-mycophenolate mofetil; PTCy/Tac/MMF),PTCy_arm,Y,N,N,214,62.6,NR,NR,NR,NR,NR,64.2,8.5,50,5.6,29.4,NR,NR,NR,NR,NR,NR,15,NR,NR,NR,DRI,28,68.7,3.3,0,0,MUD,100,0,0,PBSC,0,100,NR,investigator_defined,RIC,NR,,,,0,NR,NR,NR,NR,NR,NR,NR,Y,50,2,"D+3, D+4",100,standard_50x2,Y,tacrolimus,NR,Y,15 mg/kg/dose up to 1g TID; D+5 through D+35,N,,,N,N,N,,N,,,,,NR,post_2018,NR,NR,NR,NR,NR,NR,NR,NR,NR,NR,NR
2,2,Standard prophylaxis (tacrolimus-methotrexate; Tac/MTX),comparator_arm,Y,N,N,217,58.1,NR,NR,NR,NR,NR,64.5,8.9,46.1,12.4,30,NR,NR,NR,NR,NR,NR,11.5,NR,NR,NR,DRI,31.3,65,3.7,0,0,MUD,100,0,0,PBSC,0,100,NR,investigator_defined,RIC,NR,,,,0,NR,NR,NR,NR,NR,NR,NR,N,,,,,,Y,tacrolimus,NR,N,,Y,"IV bolus 15 mg/m2 D+1; 10 mg/m2 D+3, D+6, D+11",45,N,N,N,,N,,,,,NR,post_2018,NR,NR,NR,NR,NR,NR,NR,NR,NR,NR,NR
3,4,HaploCy,PTCy_arm,Y,N,N,757,61,58,NR,NR,3,78,NR,NR,70,3,27,NR,NR,NR,NR,NR,NR,NR,NR,NR,NR,investigator_defined,0,0,0,100,0,haplo,59,41,0,PBSC,41,59,NR,CIBMTR,RIC,70,0,0,NR,100,72,50,43,7,29,17,DR_combinations,Y,NR,NR,NR,NR,NR,Y,NR,NR,NR,NR,NR,NR,NR,NR,N,NR,NR,N,,,,,NR,mixed_spans_era,NR,NR,NR,NR,NR,NR,NR,NR,NR,NR,NR
4,4,SibCy,PTCy_arm,Y,N,N,403,60,46,NR,NR,3,75,NR,NR,77,5,18,NR,NR,NR,NR,NR,NR,NR,NR,NR,NR,investigator_defined,100,0,0,0,0,MSD,67,33,0,PBSC,55,45,NR,CIBMTR,MAC,58,100,0,0,0,68,52,43,9,25,20,DR_combinations,Y,NR,NR,NR,NR,NR,Y,NR,NR,NR,NR,NR,NR,NR,NR,N,NR,NR,N,,,,,NR,mixed_spans_era,NR,NR,NR,NR,NR,NR,NR,NR,NR,NR,NR
5,4,SibCNI,comparator_arm,Y,N,N,1605,58,57,NR,NR,2,78,NR,NR,64,4,32,NR,NR,NR,NR,NR,NR,NR,NR,NR,NR,investigator_defined,100,0,0,0,0,MSD,88,12,0,PBSC,58,42,NR,CIBMTR,MAC,27,100,0,0,0,67,53,43,10,24,20,DR_combinations,N,,,,,,Y,other,NR,mixed,NR,mixed,NR,NR,NR,N,NR,TAC/CSA+MTX±other 77%; TAC/CSA+MMF±other 23%,N,,,,,NR,mixed_spans_era,NR,NR,NR,NR,NR,NR,NR,NR,NR,NR,NR
6,5,haplo-PTCy,PTCy_arm,Y,N,N,75,NR,54,NR,NR,20,72,NR,NR,NR,NR,NR,NR,NR,11,NR,NR,,7,NR,NR,NR,NR,0,0,0,100,0,haplo,89,11,0,PBSC,43,57,0,investigator_defined,RIC,NR,NR,NR,NR,100,72,50,44,6,28,22,DR_combinations,Y,NR,NR,NR,NR,NR,Y,tacrolimus,NR,UNCL,NR,N,,,N,N,N,,N,,,,,none,mixed_spans_era,NR,NR,NR,NR,NR,PCR_qPCR,1,CMV DNAemia >=500 copies (PCR) or equivalent of >=650 IU/mL by real-time PCR,NR,NR,NR
7,5,MUD-PTCy,PTCy_arm,Y,N,N,38,NR,63,NR,NR,21,76,NR,NR,NR,NR,NR,NR,NR,35,NR,NR,,8,NR,NR,NR,NR,0,100,0,0,0,MUD,97,3,0,PBSC,26,74,0,investigator_defined,RIC,NR,NR,NR,NR,0,62,24,19,5,43,32,DR_combinations,Y,NR,NR,NR,NR,NR,Y,tacrolimus,NR,UNCL,NR,N,,,N,N,N,,N,,,,,none,mixed_spans_era,NR,NR,NR,NR,NR,PCR_qPCR,1,CMV DNAemia >=500 copies (PCR) or equivalent of >=650 IU/mL by real-time PCR,NR,NR,NR
8,5,Tac/MTX,comparator_arm,Y,N,N,89,NR,57,NR,NR,20,74,NR,NR,NR,NR,NR,NR,NR,2,NR,NR,,25,NR,NR,NR,NR,0,100,0,0,0,MUD,92,8,0,PBSC,40,60,0,investigator_defined,RIC,NR,NR,NR,NR,0,68,47,37,10,31,22,DR_combinations,N,,,,,,Y,tacrolimus,NR,N,,Y,NR,NR,N,N,N,,N,,,,,none,mixed_spans_era,NR,NR,NR,NR,NR,PCR_qPCR,1,CMV DNAemia >=500 copies (PCR) or equivalent of >=650 IU/mL by real-time PCR,NR,NR,NR
9,5,Tac/Sir,comparator_arm,Y,N,N,381,NR,60,NR,NR,19,76,NR,NR,NR,NR,NR,NR,NR,6,NR,NR,,6,NR,NR,NR,NR,0,100,0,0,0,MUD,98,2,0,PBSC,38,62,0,investigator_defined,RIC,NR,NR,NR,NR,0,63,39,28,11,35,25,DR_combinations,N,,,,,,Y,tacrolimus,NR,N,,N,,,Y,N,N,,N,,,,,none,mixed_spans_era,NR,NR,NR,NR,NR,PCR_qPCR,1,CMV DNAemia >=500 copies (PCR) or equivalent of >=650 IU/mL by real-time PCR,NR,NR,NR
10,6,PTCY,PTCy_arm,Y,Y,N,68,57,59.9,NR,NR,NR,NR,NR,NR,49,4,12,13,NR,16,6,NR,NR,0,2,84,15,investigator_defined,0,0,46,54,0,haplo,100,0,0,PBSC,7,15,0,investigator_defined,RIC,NR,0,0,46,54,59,NR,NR,13,NR,28,DR_combinations,Y,50,2,"D+3,D+4",100,standard_50x2,Y,cyclosporine,NR,Y,NR,N,,,N,N,N,,N,,,,,era_proxy_only,mixed_spans_era,NR,UNCL,NR,NR,NR,PCR_qPCR,NR,CMV > 1000 IU/ml defined as reactivation,60,NR,21
11,6,MRD/NoATLG,comparator_arm,Y,N,N,97,57,58.9,NR,NR,NR,NR,NR,NR,45,5,9,12,NR,18,10,NR,NR,0,5,73,22,investigator_defined,100,0,0,0,0,MSD,100,0,0,PBSC,20,21,0,investigator_defined,RIC,NR,100,0,0,0,53,NR,NR,15,NR,32,DR_combinations,N,,,,,,Y,cyclosporine,NR,Y,NR,N,,,N,N,N,,N,,,,,era_proxy_only,mixed_spans_era,NR,UNCL,NR,NR,NR,PCR_qPCR,NR,CMV > 1000 IU/ml defined as reactivation,80,NR,42
12,6,MUD/ATLG,comparator_arm,N,Y,N,280,56,60.8,NR,NR,NR,NR,NR,NR,50,8,8,13,NR,12,7,NR,NR,3,3,74,23,investigator_defined,0,100,0,0,0,MUD,100,0,0,PBSC,17,19,0,investigator_defined,RIC,NR,100,0,0,0,56,NR,NR,6,NR,38,DR_combinations,N,,,,,,Y,cyclosporine,NR,Y,NR,N,,,N,N,N,,Y,rabbit_grafalon_ATLG,30,high_gt_10_rabbit_ATLG,pre_transplant,era_proxy_only,mixed_spans_era,NR,UNCL,NR,NR,NR,PCR_qPCR,NR,CMV > 1000 IU/ml defined as reactivation,48,NR,15
13,6,MM/ATLG,comparator_arm,N,Y,N,54,69,60.1,NR,NR,NR,NR,NR,NR,52,9,6,13,NR,13,6,NR,NR,2,4,78,19,investigator_defined,0,0,100,0,0,MMUD,100,0,0,PBSC,26,11,0,investigator_defined,RIC,NR,0,NR,100,0,63,NR,NR,13,NR,24,DR_combinations,N,,,,,,Y,cyclosporine,NR,Y,NR,N,,,N,N,N,,Y,rabbit_grafalon_ATLG,30,high_gt_10_rabbit_ATLG,pre_transplant,era_proxy_only,mixed_spans_era,NR,UNCL,NR,NR,NR,PCR_qPCR,NR,CMV > 1000 IU/ml defined as reactivation,57,NR,22
14,7,PTCy group,PTCy_arm,Y,N,N,86,NR,34,NR,NR,18,59,NR,NR,60,40,0,0,0,0,0,0,0,0,28,64,8,investigator_defined,0,79,21,0,0,MUD,100,0,0,PBSC,24,76,0,investigator_defined,RIC,0,79,NR,NR,0,NR,NR,NR,NR,NR,NR,NR,Y,50,2,"+3,+4",100,standard_50x2,Y,tacrolimus,5-15,Y,30 mg/kg (10/10 MUD) or 45 mg/kg (8-9/10 MMUD) starting day +5 to +35,N,,,N,N,N,,N,,,,,none,pre_2018,NR,NR,NR,NR,NR,PCR_qPCR,NR,">500 copies/mL (clinically significant >10,000 copies/mL)",NR,NR,NR
15,7,ATG group (historical control),comparator_arm,Y,N,N,125,NR,31,NR,NR,18,62,NR,NR,66,34,0,0,0,0,0,0,0,0,32,62,6,investigator_defined,0,85,15,0,0,MUD,100,0,0,PBSC,26,74,0,investigator_defined,RIC,0,85,NR,NR,0,NR,NR,NR,NR,NR,NR,NR,N,,,,,,Y,tacrolimus,5-15,mixed,30 mg/kg from day -1 to +30 (subset of patients; alternative was MTX),mixed,"15 mg/m2 day +1, 10 mg/m2 day +3 (subset of patients; alternative was MMF)",25,N,N,N,,Y,horse_ATGAM,100,horse,pre_transplant,none,pre_2018,NR,NR,NR,NR,NR,PCR_qPCR,NR,">500 copies/mL (clinically significant >10,000 copies/mL)",NR,NR,NR
16,8,HaploCy,PTCy_arm,N,N,N,757,61,58,NR,NR,3,78,NR,NR,NR,NR,27,,,,,,,,NR,NR,NR,investigator_defined,0,0,0,100,0,haplo,59,41,0,PBSC,41,NR,NR,CIBMTR,RIC,NR,0,0,100,100,72,NR,NR,NR,NR,NR,R_only,Y,NR,NR,NR,NR,NR,Y,NR,NR,NR,NR,NR,NR,NR,NR,N,N,,N,,,,,none,pre_2018,NR,NR,NR,NR,NR,NR,NR,NR,NR,NR,NR
17,8,SibCy,PTCy_arm,Y,N,N,403,60,46,NR,NR,3,75,NR,NR,NR,NR,18,,,,,,,,NR,NR,NR,investigator_defined,100,0,0,0,0,MSD,67,33,0,PBSC,55,NR,NR,CIBMTR,MAC,NR,100,0,0,0,68,NR,NR,NR,NR,NR,R_only,Y,NR,NR,NR,NR,NR,Y,NR,NR,NR,NR,NR,NR,NR,NR,N,N,,N,,,,,none,pre_2018,NR,NR,NR,NR,NR,NR,NR,NR,NR,NR,NR
18,8,SibCNI,comparator_arm,Y,N,N,1605,58,57,NR,NR,2,78,NR,NR,NR,NR,32,,,,,,,,NR,NR,NR,investigator_defined,100,0,0,0,0,MSD,88,12,0,PBSC,58,NR,NR,CIBMTR,MAC,NR,100,0,0,0,67,NR,NR,NR,NR,NR,R_only,N,,,,,,Y,mixed,NR,mixed,NR,mixed,NR,NR,NR,N,N,Tac/CsA + MMF +/- others (23%); Tac/CsA + MTX +/- others (77%),N,,,,,none,pre_2018,NR,NR,NR,NR,NR,NR,NR,NR,NR,NR,NR
19,9,PTCY-based prophylaxis,PTCy_arm,Y,N,N,200,57.5,52,NR,NR,18,70,NR,NR,41,14.5,19,6,2.5,15.5,NR,NR,NR,1.5,NR,NR,NR,NR,6.5,36.5,36.5,20.5,0,mixed,96.5,3.5,0,PBSC,43.5,56.5,0,investigator_defined,RIC,16.5,43,36.5,NR,20.5,NR,NR,NR,NR,NR,NR,NR,Y,50,2,"+3,+4",100,standard_50x2,Y,tacrolimus,5-15,mixed,NR,N,,,N,N,N,,N,,,,,none,mixed_spans_era,fluconazole,N,day 1 to day 60,fluoroquinolone,TMP_SMX,NR,NR,NR,NR,NR,NR
20,9,"Other GVHD prophylaxis (CNI-based, non-PTCy)",comparator_arm,Y,N,N,130,50.8,54,NR,NR,18,70,NR,NR,40,10.8,20.8,6.9,4.6,13.8,NR,NR,NR,3.1,NR,NR,NR,NR,56.1,38.5,5.4,0,0,MSD,97.7,2.3,0,PBSC,45.4,54.6,0,investigator_defined,RIC,11.5,94.6,5.4,NR,0,NR,NR,NR,NR,NR,NR,NR,N,,,,,,Y,mixed,NR,mixed,NR,mixed,standard doses,NR,mixed,N,N,"MTX-CNI (n=54, 41.6%), MMF-CNI (n=74, 56.9%), SIR-TK (n=2, 1.5%)",N,,,,,none,mixed_spans_era,fluconazole,N,day 1 to day 60,fluoroquinolone,TMP_SMX,NR,NR,NR,NR,NR,NR
21,10,PTCy URD 8/8 (MUD with PTCy),comparator_arm,N,N,Y,1681,59.9,62,NR,NR,18,82.2,NR,NR,54.1,14.9,31.1,0,0,0,0,0,0,0,26.7,56.6,3.5,refined_DRI,0,100,0,0,0,MUD,92.4,7.6,0,PBSC,39.7,42.1,18.3,CIBMTR,mixed,NR,NR,NR,NR,0,62.9,38,27.6,10.4,35.3,26.2,DR_combinations,Y,NR,NR,NR,NR,NR,Y,mixed,NR,Y,NR,N,,,mixed,N,N,,N,,,,,NR,post_2018,NR,NR,NR,NR,NR,NR,NR,NR,NR,NR,NR
22,10,PTCy URD 7/8 (MMUD with PTCy),PTCy_arm,N,N,Y,613,45.4,57.9,NR,NR,18,78.8,NR,NR,53.8,20.9,25.3,0,0,0,0,0,0,0,25.4,60.2,2.9,refined_DRI,0,0,100,0,0,MMUD,83.4,16.6,0,PBSC,39.8,43.4,16.8,CIBMTR,mixed,NR,NR,NR,100,0,64.4,48.2,33.4,14.8,31,20.4,DR_combinations,Y,NR,NR,NR,NR,NR,Y,mixed,NR,Y,NR,N,,,mixed,N,N,,mixed,NR,NR,NR,NR,NR,post_2018,NR,NR,NR,NR,NR,NR,NR,NR,NR,NR,NR
23,12,PTCy/Tac/MMF,PTCy_arm,Y,N,N,43,60.5,72,NR,NR,70.1,78.6,72.7,2.1,60.5,0,34.9,NR,NR,4.6,NR,0,NR,0,37.2,62.8,0,DRI,11.6,86,2.3,0,0,MUD,NR,NR,NR,PBSC,0,100,0,investigator_defined,RIC,11.6,NR,NR,NR,0,NR,NR,NR,NR,NR,NR,NR,Y,50,2,"3,4",100,standard_50x2,Y,tacrolimus,NR,Y,NR,N,,,N,N,N,,N,,,,,NR,post_2018,NR,NR,NR,NR,NR,NR,NR,NR,58.1,NR,NR
24,12,Tac/MTX,comparator_arm,Y,N,N,53,67.9,73,NR,NR,70.1,77.4,73.1,1.9,54.7,3.8,34,NR,NR,5.7,NR,1.9,NR,0,32.1,58.5,9.4,DRI,15.1,83,1.9,0,0,MUD,NR,NR,NR,PBSC,0,100,0,investigator_defined,RIC,16.9,NR,NR,NR,0,NR,NR,NR,NR,NR,NR,NR,N,,,,,,Y,tacrolimus,NR,N,,Y,"days 1,3,6,11",NR,N,N,N,,N,,,,,NR,post_2018,NR,NR,NR,NR,NR,NR,NR,NR,37.1,NR,NR
25,16,"Haplo PBSCT + PTCy, age >=60",PTCy_arm,N,N,N,55,67,66,NR,NR,61,75,NR,NR,56,2,NR,NR,NR,9,NR,NR,NR,NR,13,82,5,DRI,0,0,0,100,0,haplo,100,0,0,PBSC,27,73,0,investigator_defined,RIC,NR,0,0,0,100,69,NR,NR,NR,NR,NR,R_only,Y,50,2,"+3, +4",100,standard_50x2,mixed,mixed,NR,mixed,NR,N,,,mixed,N,N,,N,,,,,NR,mixed_spans_era,NR,NR,NR,NR,NR,NR,NR,NR,NR,NR,NR
26,16,"Haplo PBSCT + PTCy, age <60",PTCy_arm,N,N,N,66,61,42,NR,NR,20,59,NR,NR,44,30,NR,NR,NR,8,NR,NR,NR,NR,29,64,7,DRI,0,0,0,100,0,haplo,100,0,0,PBSC,83,17,0,investigator_defined,MAC,NR,0,0,0,100,70,NR,NR,NR,NR,NR,R_only,Y,50,2,"+3, +4",100,standard_50x2,mixed,mixed,NR,mixed,NR,N,,,mixed,N,N,,N,,,,,NR,mixed_spans_era,NR,NR,NR,NR,NR,NR,NR,NR,NR,NR,NR
27,19,Haplo/PTCy,PTCy_arm,Y,N,N,139,58,33,NR,NR,19,69,NR,NR,0,0,0,0,0,100,0,0,0,0,NR,NR,NR,NR,0,0,0,100,0,haplo,30,70,0,BM,0,10,90,CIBMTR,NMA,89,0,0,0,100,NR,NR,NR,21,NR,NR,DR_combinations,Y,NR,NR,NR,NR,NR,Y,NR,NR,Y,NR,N,,,NR,N,N,,N,,,,,era_proxy_only,pre_2018,NR,NR,NR,NR,NR,NR,NR,NR,45,NR,NR
28,19,MSD/CNI,comparator_arm,Y,N,N,457,56,33,NR,NR,18,66,NR,NR,0,0,0,0,0,100,0,0,0,0,NR,NR,NR,NR,100,0,0,0,0,MSD,96,4,0,PBSC,0,70,30,CIBMTR,RIC,17,100,0,0,0,NR,NR,NR,14,NR,NR,DR_combinations,N,,,,,,Y,NR,NR,mixed,NR,mixed,NR,NR,NR,N,NR,"GVHD prophylaxis: 31% CNI+MMF; 48% CNI+MTX; 21% CNI +/- other (except MMF, MTX, PTCy)",Y,NR,NR,NR,NR,era_proxy_only,pre_2018,NR,NR,NR,NR,NR,NR,NR,NR,30,NR,NR
29,20,FMTBI + ATG/PTCy,PTCy_arm,Y,N,N,26,53.8,59,NR,NR,24,68,NR,NR,0,100,0,0,0,0,0,0,0,0,NR,NR,NR,investigator_defined,0,0,0,100,0,haplo,100,0,0,PBSC,0,100,0,investigator_defined,RIC,100,0,0,0,100,100,80.8,80.8,0,19.2,0,DR_combinations,Y,30,2,"+3, +4",60,reduced_other,Y,tacrolimus,NR,Y,NR,N,,,N,N,N,,Y,rabbit_thymoglobulin,4.5,low_le_4.5_rabbit,pre_transplant,NR,post_2018,NR,NR,NR,NR,NR,NR,NR,NR,NR,NR,NR
30,20,FB + ATG (historical control),comparator_arm,Y,N,N,52,51.9,48,NR,NR,19,68,NR,NR,0,100,0,0,0,0,0,0,0,0,NR,NR,NR,investigator_defined,0,0,0,100,0,haplo,100,0,0,PBSC,0,100,0,investigator_defined,RIC,0,0,0,0,100,94.2,88.5,82.7,5.8,11.5,0,DR_combinations,N,,,,,,Y,tacrolimus,NR,N,,Y,"D+1, D+3, D+6, D+11",NR,N,N,N,,Y,rabbit_thymoglobulin,6,standard_4.5_to_10_rabbit,pre_transplant,NR,mixed_spans_era,NR,NR,NR,NR,NR,NR,NR,NR,NR,NR,NR
31,24,ATG + PTCy combination,PTCy_arm,N,Y,N,69,NR,NR,NR,NR,NR,NR,NR,NR,NR,0,NR,0,0,0,0,0,0,0,100,0,0,investigator_defined,NR,NR,NR,NR,0,mixed,NR,NR,0,PBSC,0,100,0,investigator_defined,RIC,100,NR,NR,NR,NR,NR,NR,NR,NR,NR,NR,NR,Y,50,2,"+3, +4",100,standard_50x2,Y,cyclosporine,NR,N,,N,,,N,N,N,,Y,NR,4.5,low_le_4.5_rabbit,pre_transplant,era_proxy_only,pre_2018,NR,NR,NR,NR,NR,NR,NR,NR,21.7,NR,NR
32,24,Other GvHD prophylaxis regimens,comparator_arm,N,Y,N,90,NR,NR,NR,NR,NR,NR,NR,NR,NR,0,NR,0,0,0,0,0,0,0,100,0,0,investigator_defined,NR,NR,NR,NR,0,mixed,NR,NR,0,PBSC,63,37,0,investigator_defined,MAC,NR,NR,NR,NR,NR,NR,NR,NR,NR,NR,NR,NR,N,,,,,,Y,cyclosporine,NR,mixed,NR,mixed,"15 mg/m2 day +1; 10 mg/m2 day +3,+6,+11 (in MTX+CsA subgroup)",45,N,N,Y,Alemtuzumab + CsA in 42/90 (47%),mixed,NR,NR,mixed,pre_transplant,era_proxy_only,pre_2018,NR,NR,NR,NR,NR,NR,NR,NR,58.9,NR,NR
33,26,Post-CY (matched subset),PTCy_arm,Y,N,N,37,56.8,61,NR,NR,39,72,NR,NR,81,2.7,NR,NR,NR,5.4,NR,10.8,NR,NR,NR,NR,NR,NR,40.5,59.5,0,0,0,MUD,29.7,70.3,0,BM,0,100,0,investigator_defined,RIC,0,NR,NR,NR,0,NR,NR,NR,8.1,NR,8.1,DR_combinations,Y,50,2,"+3,+4",100,standard_50x2,N,,,N,,N,,,N,N,N,,mixed,NR,4,low_le_4.5_rabbit,pre_transplant,none,pre_2018,NR,NR,NR,NR,NR,mixed,1,NR,46,NR,NR
34,26,Tacrolimus + MTX matched control,comparator_arm,Y,N,N,37,59.5,62,NR,NR,37,72,NR,NR,81,2.7,NR,NR,NR,16.2,NR,0,NR,NR,NR,NR,NR,NR,40.5,59.5,0,0,0,MUD,54.1,45.9,0,PBSC,0,100,0,investigator_defined,RIC,0,NR,NR,NR,0,NR,NR,NR,13.5,NR,13.5,DR_combinations,N,,,,,,Y,tacrolimus,NR,N,,Y,"5 mg/m2 days +1, +3, +6, +11",20,N,N,N,,mixed,NR,NR,NR,pre_transplant,none,pre_2018,NR,NR,NR,NR,NR,mixed,1,NR,19,NR,NR
35,35,PT-CY Haplo,PTCy_arm,Y,N,N,487,NR,NR,NR,NR,18,79,NR,NR,47.8,11.7,15.2,NR,1.4,14.9,3.9,0.4,,4.5,34.3,20.5,44.8,EBMT_risk_score,0,0,0,100,0,haplo,74.9,24.4,0,PBSC,59.5,40.5,0,EBMT,MAC,22.8,0,0,0,100,65.7,55.4,46.8,8.6,18.9,25.1,DR_combinations,Y,NR,NR,NR,NR,NR,Y,NR,NR,Y,NR,N,,,NR,N,NR,NR,N,,,,,era_proxy_only,mixed_spans_era,NR,NR,NR,NR,NR,NR,NR,NR,39.2,NR,NR
36,35,10/10 MUD + ATG,comparator_arm,Y,N,N,7050,NR,NR,NR,NR,18,79,NR,NR,41.5,8.2,24.3,NR,2.1,9.7,6.1,2.3,,5.8,34.6,20.9,44.2,EBMT_risk_score,0,100,0,0,0,MUD,96.3,3.4,0,PBSC,52.6,47.4,0,EBMT,MAC,23.2,100,0,0,0,55.5,45.2,37.1,8.1,18.4,34.8,DR_combinations,N,,,,,,Y,NR,NR,Y,NR,Y,NR,NR,NR,N,NR,NR,Y,other,NR,NR,NR,era_proxy_only,mixed_spans_era,NR,NR,NR,NR,NR,NR,NR,NR,27.3,NR,NR
37,37,MTX/TAC,comparator_arm,Y,N,N,25,52,44,36,49,NR,NR,NR,NR,20,68,4,8,NR,NR,NR,NR,NR,0,NR,NR,NR,NR,68,32,0,0,0,MSD,100,0,0,PBSC,80,20,NR,investigator_defined,MAC,NR,NR,0,0,0,NR,NR,NR,NR,NR,NR,NR,N,,,,,,Y,tacrolimus,NR,N,,Y,"IV days +1, +3, +6, +11; 15 mg/m2 day +1 and 10 mg/m2 other days",45,N,N,N,,NR,NR,NR,NR,NR,NR,mixed_spans_era,NR,NR,NR,NR,NR,NR,NR,NR,NR,NR,NR
38,37,PTCy/MMF/TAC,PTCy_arm,Y,N,N,40,42.5,49,37.8,61.2,NR,NR,NR,NR,52.5,30,10,2.5,NR,NR,NR,NR,NR,5,NR,NR,NR,NR,47.5,52.5,0,0,0,mixed,100,0,0,PBSC,67.5,32.5,NR,investigator_defined,MAC,NR,NR,0,0,0,NR,NR,NR,NR,NR,NR,NR,Y,50,2,"+3, +4",100,standard_50x2,Y,tacrolimus,NR,Y,"15 mg/kg q8h (weight-based, not fixed mg)",N,,,N,N,N,,NR,NR,NR,NR,NR,NR,mixed_spans_era,NR,NR,NR,NR,NR,NR,NR,NR,NR,NR,NR
39,37,PTCy alone,PTCy_arm,Y,N,N,9,44.4,43,31,47,NR,NR,NR,NR,33.3,55.6,11.1,0,NR,NR,NR,NR,NR,0,NR,NR,NR,NR,100,0,0,0,0,MSD,0,100,0,BM,100,0,NR,investigator_defined,MAC,NR,NR,0,0,0,NR,NR,NR,NR,NR,NR,NR,Y,50,2,"+3, +4",100,standard_50x2,N,,,N,,N,,,N,N,N,,NR,NR,NR,NR,NR,NR,mixed_spans_era,NR,NR,NR,NR,NR,NR,NR,NR,NR,NR,NR
40,39,ATG,comparator_arm,N,Y,N,95,NR,60,52,66,NR,NR,NR,NR,50,6,16,NR,3,25,NR,NR,NR,NR,60,NR,40,investigator_defined,0,100,0,0,0,MUD,99,NR,0,PBSC,0,0,100,investigator_defined,NMA,100,100,0,0,0,54,52,45,7,9,39,DR_combinations,N,,,,,,Y,cyclosporine,200-300,Y,NR,N,,,N,N,N,,Y,rabbit_thymoglobulin,8,standard_4.5_to_10_rabbit,pre_transplant,NR,mixed_spans_era,NR,NR,NR,NR,NR,NR,NR,NR,48,NR,NR
41,39,PTCy,PTCy_arm,N,Y,N,90,NR,57,48,66,NR,NR,NR,NR,43,12,17,NR,3,24,NR,NR,NR,NR,52,NR,48,investigator_defined,0,100,0,0,0,MUD,99,NR,0,PBSC,0,0,100,investigator_defined,NMA,100,100,0,0,0,46,58,39,7,19,35,DR_combinations,Y,50,2,"+3,+4",100,standard_50x2,Y,cyclosporine,200-300,N,,N,,,N,N,N,,N,,,,,NR,mixed_spans_era,NR,NR,NR,NR,NR,NR,NR,NR,21,NR,NR
42,43,PTCy group,PTCy_arm,N,Y,N,72,57,44,NR,NR,18,72,NR,NR,NR,25,NR,NR,NR,3,NR,NR,NR,7,24,75,1,DRI,0,87,13,0,0,MUD,78,22,0,PBSC,63,37,0,investigator_defined,MAC,0,76,13,11,0,NR,NR,NR,4,52,NR,DR_combinations,Y,50,2,"+3,+4",100,standard_50x2,mixed,mixed,NR,Y,NR,N,,,Y,N,N,PTCy regimens per center: Center A (n=34): Cy d+3/+4 + CsA (or Tac for 9/10) + MMF; Center B (n=24): Cy d+3/+4 + CsA + MMF; Center C (n=14): Cy d+3/+4 + sirolimus + MMF. 47% PTCy+CsA(or Tac)+MMF; 35% PTCy+CsA+MMF; 18% PTCy+Siro+MMF,N,,,,,NR,mixed_spans_era,mixed,mixed,NR,fluoroquinolone,mixed,PCR_qPCR,1,NR,46,NR,NR
43,43,ATG group,comparator_arm,N,Y,N,60,62,42,31,55,NR,NR,NR,NR,NR,22,NR,NR,NR,13,NR,NR,NR,7,25,67,8,DRI,0,82,18,0,0,MUD,92,8,0,PBSC,68,32,0,investigator_defined,MAC,23,82,18,0,0,NR,NR,NR,7,53,NR,DR_combinations,N,,,,,,Y,cyclosporine,NR,N,,Y,"15 mg/m2 day +1; 10 mg/m2 days +3, +6, +11",45,N,N,N,ATG-MTX-CsA regimen. CsA withdrawn between day +100 and +180 in absence of GVHD.,Y,rabbit_thymoglobulin,mixed,mixed,pre_transplant,NR,mixed_spans_era,mixed,mixed,NR,fluoroquinolone,mixed,PCR_qPCR,1,NR,67,NR,NR
44,44,MSD/MUD,PTCy_arm,N,N,Y,99,53,50,NR,NR,18,72,NR,NR,100,0,0,0,0,0,0,0,0,0,32,61,7,DRI,38.4,61.6,0,0,0,MUD,88,12,0,PBSC,64,36,0,investigator_defined,MAC,NR,NR,0,0,0,77,63,54,9,23,14,DR_combinations,Y,50,2,"+3,+4 (n=66) or +3,+5 (n=33)",100,standard_50x2,Y,other,NR,Y,NR,N,,,Y,N,N,,N,,,,,NR,mixed_spans_era,NR,NR,NR,NR,NR,NR,NR,NR,14,NR,NR
45,44,Haplo,comparator_arm,N,N,Y,130,59,51,NR,NR,16,75,NR,NR,100,0,0,0,0,0,0,0,0,0,67,30,3,DRI,0,0,0,100,0,haplo,89,11,0,PBSC,55,45,0,investigator_defined,MAC,NR,0,0,0,100,81,80,66,14,15,5,DR_combinations,Y,50,2,"+3,+4",100,standard_50x2,Y,other,NR,Y,NR,N,,,N,N,N,,N,,,,,NR,mixed_spans_era,NR,NR,NR,NR,NR,NR,NR,NR,47,NR,NR
46,45,HAPLO,PTCy_arm,Y,N,N,54,50,50.5,NR,NR,23,73,NR,NR,NR,NR,NR,NR,NR,20,17,NR,NR,6,44,NR,56,DRI,0,0,0,100,0,haplo,55.6,44.4,0,mixed,0,100,0,investigator_defined,RIC,100,3.7,1.9,94.4,100,63,59,46,13,17,24,DR_combinations,Y,50,2,"3,4",100,standard_50x2,Y,tacrolimus,NR,Y,NR,N,,,N,N,N,,N,,,,,none,pre_2018,fluconazole,N,through day 84 or until corticosteroid discontinuation,fluoroquinolone,TMP_SMX,PCR_qPCR,2,any detectable viremia by PCR,63,NR,NR
47,45,URD,comparator_arm,Y,N,N,59,50.8,57,NR,NR,24,72,NR,NR,NR,NR,NR,NR,NR,14,12,NR,NR,7,51,NR,49,DRI,0,61,39,0,0,MUD,67.8,32.2,0,PBSC,NR,NR,NR,investigator_defined,mixed,NR,61,23.7,15.3,0,62,39,25,14,37,24,DR_combinations,N,,,,,,Y,tacrolimus,NR,Y,NR,Y,"5 mg/m2 on d1, 3, 6, 11 (n=53); MMF 15 mg/kg BID from d0 used instead for n=6",20,N,N,N,,Y,rabbit_thymoglobulin,4-6 mg/kg in divided doses,low_le_4.5_rabbit,pre_transplant,none,pre_2018,fluconazole,N,through day 84 or until corticosteroid discontinuation,fluoroquinolone,TMP_SMX,PCR_qPCR,2,any detectable viremia by PCR,53,NR,NR
48,48,PTCy,PTCy_arm,Y,N,N,125,60.8,60.8,NR,NR,19.6,76.5,NR,NR,37.6,13.6,17.6,6.4,2.4,NR,NR,NR,NR,22.4,32.8,NR,NR,DRI,NR,NR,NR,NR,NR,mixed,87.2,NR,NR,PBSC,21.6,78.4,NR,CIBMTR,RIC,24,NR,NR,NR,NR,NR,NR,NR,NR,NR,NR,NR,Y,NR,NR,NR,NR,NR,Y,tacrolimus,NR,NR,NR,N,,,NR,N,NR,NR,NR,NR,NR,NR,NR,NR,post_2018,NR,NR,NR,NR,NR,NR,NR,NR,NR,NR,NR
49,48,MTX,comparator_arm,Y,N,N,375,58.4,59.9,NR,NR,18.2,75.2,NR,NR,35.2,13.6,20.5,10.1,4,NR,NR,NR,NR,16.2,20.5,NR,NR,DRI,NR,NR,NR,NR,NR,mixed,82.9,NR,NR,PBSC,43.2,56.8,NR,CIBMTR,mixed,6.1,NR,NR,NR,NR,NR,NR,NR,NR,NR,NR,NR,N,,,,,,Y,tacrolimus,NR,NR,NR,Y,NR,NR,NR,N,NR,NR,NR,NR,NR,NR,NR,NR,post_2018,NR,NR,NR,NR,NR,NR,NR,NR,NR,NR,NR
50,49,Haploidentical (haplo-HSCT),PTCy_arm,Y,Y,N,118,NR,26,18,34,NR,NR,NR,NR,64,35,0,0,0,0,0,0,0,0,NR,NR,NR,NR,0,0,0,100,0,haplo,NR,NR,0,NR,NR,NR,NR,investigator_defined,MAC,NR,0,0,100,100,NR,NR,NR,NR,NR,NR,NR,Y,40,2,"+3,+4",80,reduced_40x2,Y,cyclosporine,NR,N,,N,,,N,N,N,,Y,rabbit_thymoglobulin,7.5,standard_4.5_to_10_rabbit,pre_transplant,NR,mixed_spans_era,NR,NR,NR,NR,NR,NR,NR,NR,58,NR,NR
51,49,10/10 Matched Unrelated Donor (MUD 10/10),comparator_arm,Y,Y,N,91,NR,19,12,32,NR,NR,NR,NR,55,45,0,0,0,0,0,0,0,0,NR,NR,NR,NR,0,100,0,0,0,MUD,NR,NR,0,NR,NR,NR,NR,investigator_defined,MAC,NR,100,0,0,0,NR,NR,NR,NR,NR,NR,NR,N,,,,,,Y,cyclosporine,NR,N,,Y,NR,NR,N,N,N,,Y,rabbit_thymoglobulin,5,standard_4.5_to_10_rabbit,pre_transplant,NR,mixed_spans_era,NR,NR,NR,NR,NR,NR,NR,NR,52,NR,NR
52,49,9/10 Mismatched Unrelated Donor (MMUD 9/10),comparator_arm,N,N,N,21,NR,20,17,33,NR,NR,NR,NR,33,66,0,0,0,0,0,0,0,0,NR,NR,NR,NR,0,0,100,0,0,MMUD,NR,NR,0,NR,NR,NR,NR,investigator_defined,MAC,NR,0,100,0,0,NR,NR,NR,NR,NR,NR,NR,N,,,,,,Y,cyclosporine,NR,N,,Y,NR,NR,N,N,N,,Y,rabbit_thymoglobulin,7.5,standard_4.5_to_10_rabbit,pre_transplant,NR,mixed_spans_era,NR,NR,NR,NR,NR,NR,NR,NR,52,NR,NR
53,49,9/10 Mismatched Related Donor (MMRD 9/10),comparator_arm,N,N,N,18,NR,23,10,36,NR,NR,NR,NR,66,33,0,0,0,0,0,0,0,0,NR,NR,NR,NR,0,0,100,0,0,MMUD,NR,NR,0,NR,NR,NR,NR,investigator_defined,MAC,NR,0,100,0,0,NR,NR,NR,NR,NR,NR,NR,N,,,,,,Y,cyclosporine,NR,N,,Y,NR,NR,N,N,N,,Y,rabbit_thymoglobulin,5,standard_4.5_to_10_rabbit,pre_transplant,NR,mixed_spans_era,NR,NR,NR,NR,NR,NR,NR,NR,76,NR,NR
54,50,ATG + PTCy (modified combination),PTCy_arm,Y,N,N,78,NR,27.5,19,34,NR,60,NR,NR,69.23,30.77,0,0,0,0,0,0,0,0,47.3,NR,NR,DRI,0,0,0,100,0,haplo,100,0,0,PBSC,100,0,0,investigator_defined,MAC,0,0,0,NR,100,83,NR,NR,NR,NR,NR,R_only,Y,40,2,"+3,+4",80,reduced_40x2,Y,cyclosporine,NR,N,,N,,,N,N,N,,Y,rabbit_thymoglobulin,7.5,standard_4.5_to_10_rabbit,pre_transplant,none,mixed_spans_era,fluconazole,N,NR,NR,TMP_SMX,PCR_qPCR,2,NR,34.6,NR,NR
55,50,ATG (standard ATG-based regimen),comparator_arm,Y,N,N,40,NR,23,19,34,NR,60,NR,NR,60,40,0,0,0,0,0,0,0,0,56.7,NR,NR,DRI,0,0,0,100,0,haplo,100,0,0,PBSC,100,0,0,investigator_defined,MAC,0,0,0,NR,100,97,NR,NR,NR,NR,NR,R_only,N,,,,,,Y,cyclosporine,NR,N,,Y,"10 mg/m2 day +1, then 6 mg/m2 days +3,+6,+11",28,N,N,N,,Y,rabbit_thymoglobulin,10,standard_4.5_to_10_rabbit,pre_transplant,none,pre_2018,fluconazole,N,NR,NR,TMP_SMX,PCR_qPCR,2,NR,57.5,NR,NR
56,51,ATG + PTCy,PTCy_arm,Y,N,N,78,NR,27.5,19,34,NR,NR,NR,NR,69.23,30.77,0,0,0,0,0,0,0,0,47.3,NR,NR,DRI,0,0,0,100,0,haplo,100,0,0,PBSC,100,0,0,investigator_defined,MAC,0,0,0,NR,100,83,NR,NR,NR,NR,NR,R_only,Y,40,2,"+3,+4",80,reduced_40x2,Y,cyclosporine,NR,N,,N,,,N,N,N,,Y,rabbit_thymoglobulin,7.5,standard_4.5_to_10_rabbit,pre_transplant,none,mixed_spans_era,fluconazole,N,NR,NR,TMP_SMX,PCR_qPCR,2,NR,34.6,NR,NR
57,51,ATG (standard),comparator_arm,Y,N,N,40,NR,23,19,34,NR,NR,NR,NR,60,40,0,0,0,0,0,0,0,0,56.7,NR,NR,DRI,0,0,0,100,0,haplo,100,0,0,PBSC,100,0,0,investigator_defined,MAC,0,0,0,NR,100,97,NR,NR,NR,NR,NR,R_only,N,,,,,,Y,cyclosporine,NR,N,,Y,"day +1: 10 mg/m2; days +3, +6, +11: 6 mg/m2",28,N,N,N,,Y,rabbit_thymoglobulin,10,standard_4.5_to_10_rabbit,pre_transplant,none,pre_2018,fluconazole,N,NR,NR,TMP_SMX,PCR_qPCR,2,NR,57.5,NR,NR
58,52,UD 9/10 (PTCy),PTCy_arm,Y,N,N,270,55.9,54.9,44.7,63.9,19,74.2,NR,NR,100,0,0,0,0,0,0,0,0,0,19.3,NR,NR,investigator_defined,0,0,100,0,0,MMUD,100,0,0,PBSC,50.7,49.3,0,EBMT,MAC,13.3,0,100,0,0,73.2,NR,NR,NR,NR,NR,R_only,Y,NR,NR,NR,NR,NR,Y,mixed,NR,Y,NR,Y,NR,NR,Y,N,NR,GVHD prophylaxis breakdown: CSA or Tacro alone 49 (18.1%); CSA+MTX 2 (0.7%); CSA+MMF or Tacro+MMF 190 (70.3%); MMF+Siro 15 (5.6%); Other 14 (5.2%). All in addition to PTCy per inclusion criteria.,N,,,,,NR,mixed_spans_era,NR,NR,NR,NR,NR,NR,NR,NR,29.2,NR,NR
59,52,dCBT (double-unit umbilical cord blood),comparator_arm,Y,N,N,209,51.7,55.6,40.9,62.5,19.4,73.2,NR,NR,100,0,0,0,0,0,0,0,0,0,25.4,NR,NR,investigator_defined,0,0,0,0,100,UCB,0,0,100,UCB,20.6,79.4,0,EBMT,RIC,93.3,0,0,0,0,61.4,,NR,NR,NR,NR,R_only,N,,,,,,Y,mixed,NR,Y,NR,Y,NR,NR,N,N,NR,GVHD prophylaxis breakdown: CSA or Tacro alone 5 (2.4%); CSA+MTX 3 (1.4%); CSA+MMF or Tacro+MMF 195 (93.3%); MMF+Siro 0 (0%); Other 6 (2.9%). No PTCy. ATG excluded by inclusion criteria.,N,,,,,NR,mixed_spans_era,NR,NR,NR,NR,NR,NR,NR,NR,44.4,NR,NR
60,55,Haploidentical donor (HID) with post-transplant cyclophosphamide,PTCy_arm,Y,N,N,33,52,66,NR,NR,60,75,NR,NR,55,0,45,0,0,0,0,0,0,0,45,52,3,DRI,0,0,0,100,0,haplo,48,52,0,mixed,6,94,NR,CIBMTR,RIC,NR,0,0,100,100,72,48,42,6,30,21,DR_combinations,Y,50,2,"D+3, D+4",100,standard_50x2,Y,tacrolimus,5-15 ng/mL from D+5 to D+180,Y,D+5 to D+35 (dose not specified),N,,,N,N,N,,N,,,,,era_proxy_only,pre_2018,NR,NR,NR,fluoroquinolone,NR,NR,NR,NR,39,NR,NR
61,55,Matched related donor (MRD) with Tac/MTX,comparator_arm,Y,N,N,37,54,63,NR,NR,60,77,NR,NR,62,0,38,0,0,0,0,0,0,0,35,62,0,DRI,100,0,0,0,0,MSD,100,0,0,PBSC,32,68,NR,CIBMTR,RIC,NR,100,0,0,0,73,67.5,54,13.5,19,13.5,DR_combinations,N,,,,,,Y,tacrolimus,NR,N,,Y,NR,NR,N,N,N,,N,,,,,era_proxy_only,pre_2018,NR,NR,NR,NR,NR,NR,NR,NR,27,NR,NR
62,55,Matched unrelated donor (MUD) with Tac/MTX,comparator_arm,Y,N,N,57,63,65,NR,NR,60,74,NR,NR,60,0,40,0,0,0,0,0,0,0,37,60,4,DRI,0,100,3.5,0,0,MUD,79,21,0,PBSC,30,70,NR,CIBMTR,RIC,NR,96.5,3.5,0,0,76,37,32,5,44,17,DR_combinations,N,,,,,,Y,tacrolimus,NR,N,,Y,NR,NR,N,N,N,,mixed,rabbit_thymoglobulin,4.5,low_le_4.5_rabbit,pre_transplant,era_proxy_only,pre_2018,NR,NR,NR,NR,NR,NR,NR,NR,37,NR,NR
63,57,"Haplo (haploidentical family donor, unmanipulated)",PTCy_arm,Y,N,N,389,54.8,52,NR,NR,18,74,NR,NR,100,0,0,0,0,0,0,0,0,0,21,39,3,investigator_defined,0,0,0,100,0,haplo,53,47,0,mixed,50,50,0,EBMT,mixed,NR,0,0,0,100,82,64,59,5,23,13,DR_combinations,Y,NR,NR,NR,NR,NR,Y,mixed,NR,Y,NR,NR,NR,NR,Y,N,NR,Sirolimus-containing regimens 17%; 'Other' regimens 13%,Y,rabbit_thymoglobulin,NR,NR,NR,none,pre_2018,NR,NR,NR,NR,NR,NR,NR,NR,28,NR,NR
64,57,HLA-id sibling (HLA-identical sibling donor),comparator_arm,Y,N,N,1654,55.7,52,NR,NR,18,76,NR,NR,100,0,0,0,0,0,0,0,0,0,11,21,4,investigator_defined,100,0,0,0,0,MSD,92,8,0,PBSC,57,43,0,EBMT,mixed,NR,100,0,0,0,70,66,56,10,14,19,DR_combinations,N,,,,,,Y,cyclosporine,NR,Y,NR,Y,NR,NR,Y,N,NR,"MSD GVHD prophylaxis: CsA+MMF n=620 (37%), CsA+MTX n=726 (43%), PTCy+CsA+MMF n=4 (0.7%), PTCy+Tac+MMF n=1 (0.3%), Sirolimus-containing n=26 (2%), Other n=277 (17%). MSD is predominantly CNI-based (CsA + MTX or MMF) without PTCy.",Y,rabbit_thymoglobulin,NR,NR,NR,none,pre_2018,NR,NR,NR,NR,NR,NR,NR,NR,27,NR,NR
65,60,PTCY,PTCy_arm,N,Y,N,93,40,51,NR,NR,20,73,NR,NR,100,0,0,0,0,0,0,0,0,0,NR,NR,NR,NR,0,0,100,0,0,MMUD,91,9,0,PBSC,50,50,0,EBMT,mixed,NR,0,100,0,0,45,45,42,3,30,25,DR_combinations,Y,NR,NR,NR,NR,NR,Y,mixed,NR,Y,NR,Y,NR,NR,NR,N,Y,Associated immunosuppressive agents in PTCY arm: cyclosporine alone 14%; cyclosporine+MMF 42%; cyclosporine+MTX 2%; tacrolimus+MMF 20%; other 22%,N,,,,,NR,mixed_spans_era,NR,NR,NR,NR,NR,NR,NR,NR,30,NR,NR
66,60,ATG,comparator_arm,N,Y,N,179,55,53,NR,NR,19,75,NR,NR,100,0,0,0,0,0,0,0,0,0,NR,NR,NR,NR,0,0,100,0,0,MMUD,92,8,0,PBSC,50,50,0,EBMT,mixed,NR,0,100,0,0,45,45,40,5,38,17,DR_combinations,N,,,,,,Y,mixed,NR,Y,NR,Y,NR,NR,NR,N,Y,Associated immunosuppressive agents in ATG arm: cyclosporine alone 2%; cyclosporine+MMF 49%; cyclosporine+MTX 39%; tacrolimus+MMF 4%; other 6%,Y,mixed,thymoglobulin median 6 (range 2.5-15); Grafalon/Fresenius median 30 (range 17-60),mixed,pre_transplant,NR,mixed_spans_era,NR,NR,NR,NR,NR,NR,NR,NR,32,NR,NR
67,61,PTCY,PTCy_arm,N,Y,N,197,55,47,NR,NR,18,74,NR,NR,100,0,0,0,0,0,0,0,0,0,15,44,4,investigator_defined,100,0,0,0,0,MSD,70,30,0,PBSC,59,41,0,EBMT,MAC,NR,,,,,71,NR,NR,NR,NR,NR,R_only,Y,NR,NR,NR,NR,NR,Y,cyclosporine,NR,Y,NR,Y,NR,NR,NR,N,Y,PTCY alone in 16% (32 patients); cyclosporine alone in 22%; CSA+MMF in 12%; CSA+MTX in 7%; tacrolimus+MMF in 4%; other in 38%,N,,,,,NR,mixed_spans_era,NR,NR,NR,NR,NR,NR,NR,NR,19,NR,NR
68,61,ATG,comparator_arm,N,Y,N,1913,53,54,NR,NR,18,72,NR,NR,100,0,0,0,0,0,0,0,0,0,19,45,3,investigator_defined,100,0,0,0,0,MSD,95,5,0,PBSC,48,52,0,EBMT,RIC,NR,,,,,64,NR,NR,NR,NR,NR,R_only,N,,,,,,Y,cyclosporine,NR,Y,NR,Y,NR,NR,NR,N,Y,CSA+MTX 34%; CSA+MMF 29%; CSA alone 28%; tacrolimus+MMF 2%; other 7%,Y,mixed,NR,mixed,pre_transplant,NR,mixed_spans_era,NR,NR,NR,NR,NR,NR,NR,NR,17,NR,NR
69,62,PTCy,comparator_arm,N,N,Y,374,60,56,NR,NR,18,75,NR,NR,100,0,0,0,0,0,0,0,0,0,NR,66,NR,investigator_defined,0,0,0,100,0,haplo,100,0,0,PBSC,43,57,0,EBMT,RIC,NR,0,0,0,100,74,63,NR,NR,NR,NR,DR_combinations,Y,NR,NR,NR,NR,NR,Y,cyclosporine,NR,Y,NR,N,,,N,N,N,,N,,,,,NR,mixed_spans_era,NR,NR,NR,NR,NR,NR,NR,NR,34,NR,NR
70,62,ATG+PTCy,PTCy_arm,N,N,Y,67,49.3,56,NR,NR,26,74,NR,NR,100,0,0,0,0,0,0,0,0,0,NR,69,NR,investigator_defined,0,0,0,100,0,haplo,100,0,0,PBSC,39,61,0,EBMT,RIC,NR,0,0,0,100,66,55,NR,NR,NR,NR,DR_combinations,Y,NR,NR,NR,NR,NR,Y,cyclosporine,NR,Y,NR,N,,,N,N,N,,Y,NR,mixed (2.5 in 22 pts; 5 in 28; 7.5 in 2; 10 in 8; missing in 7),mixed,NR,NR,mixed_spans_era,NR,NR,NR,NR,NR,NR,NR,NR,30,NR,NR
71,63,PTCy,PTCy_arm,N,Y,N,2999,56.9,54.6,41.8,63.3,18.1,76,NR,NR,100,0,0,0,0,0,0,0,0,0,19.3,55.3,6.7,investigator_defined,0,0,0,100,0,haplo,69.1,30.9,0,PBSC,48.3,51.7,0,investigator_defined,mixed,NR,0,0,0,100,79.2,63.4,NR,NR,NR,NR,DR_combinations,Y,NR,NR,NR,NR,NR,Y,other,NR,Y,NR,N,,,N,N,N,,N,,,,,NR,mixed_spans_era,NR,NR,NR,NR,NR,NR,NR,NR,27.5,NR,NR
72,63,ATG,comparator_arm,N,Y,N,358,55.9,48.1,34.9,58.3,18,72.1,NR,NR,100,0,0,0,0,0,0,0,0,0,13.4,56.4,10.3,investigator_defined,0,0,0,100,0,haplo,56.1,43.9,0,PBSC,57.3,42.7,0,investigator_defined,MAC,NR,0,0,0,100,79.5,64.7,NR,NR,NR,NR,DR_combinations,N,,,,,,Y,other,NR,Y,NR,Y,NR,NR,Y,N,N,,Y,mixed,NR,mixed,pre_transplant,NR,mixed_spans_era,NR,NR,NR,NR,NR,NR,NR,NR,30.4,NR,NR
73,63,PTCy + ATG,PTCy_arm,N,N,N,292,56.2,50.2,37.9,59.9,18.2,74.2,NR,NR,100,0,0,0,0,0,0,0,0,0,20.2,65.1,4.5,investigator_defined,0,0,0,100,0,haplo,81.2,18.8,0,PBSC,47.6,52.4,0,investigator_defined,mixed,NR,0,0,0,100,75.1,58.5,NR,NR,NR,NR,DR_combinations,Y,NR,NR,NR,NR,NR,Y,other,NR,Y,NR,N,,,N,N,N,,Y,rabbit_thymoglobulin,NR,low_le_4.5_rabbit,pre_transplant,NR,mixed_spans_era,NR,NR,NR,NR,NR,NR,NR,NR,19.6,NR,NR
74,65,CSA+MTX+ATG,comparator_arm,Y,N,N,39,61.5,NR,NR,NR,NR,NR,NR,NR,48.7,20.5,12.8,2.6,2.6,2.6,5.1,5.1,0,0,25.6,66.7,7.7,DRI,0,0,100,0,0,MMUD,100,0,0,PBSC,79.5,20.5,0,investigator_defined,MAC,23.1,0,NR,NR,0,NR,NR,NR,NR,NR,NR,NR,N,,,,,,Y,cyclosporine,100-250,N,,Y,"10 mg/m2 d+1, 8 mg/m2 d+3,+6,+11",34,N,N,N,,Y,rabbit_thymoglobulin,7.5,standard_4.5_to_10_rabbit,pre_transplant,NR,mixed_spans_era,fluconazole,N,NR,NR,NR,NR,NR,NR,39,NR,NR
75,65,Tacrolimus+MMF+PTCy,PTCy_arm,Y,N,N,40,62.5,NR,NR,NR,NR,NR,NR,NR,45,15,5,2.5,0,12.5,17.5,2.5,0,0,37.5,40,22.5,DRI,0,0,100,0,0,MMUD,100,0,0,PBSC,95,5,0,investigator_defined,MAC,5,0,NR,NR,0,NR,NR,NR,NR,NR,NR,NR,Y,50,2,"+3,+4",100,standard_50x2,Y,tacrolimus,5-15,Y,NR,N,,,N,N,N,,N,,,,,NR,mixed_spans_era,fluconazole,N,NR,NR,NR,NR,NR,NR,7,NR,NR
76,66,PTCy,PTCy_arm,N,Y,N,28,NR,NR,NR,NR,NR,NR,40.7,NR,NR,NR,NR,NR,NR,NR,NR,NR,NR,NR,NR,NR,NR,DRI,0,NR,NR,0,0,MUD,NR,NR,0,PBSC,NR,NR,NR,investigator_defined,MAC,NR,NR,NR,NR,0,NR,NR,NR,NR,NR,NR,NR,Y,50,2,"+3, +4",100,standard_50x2,Y,tacrolimus,NR,Y,NR,N,,,N,N,N,,N,,,,,NR,mixed_spans_era,NR,NR,NR,NR,NR,PCR_qPCR,NR,NR,25,NR,NR
77,66,ATG,comparator_arm,N,Y,N,28,NR,NR,NR,NR,NR,NR,33.1,NR,NR,NR,NR,NR,NR,NR,NR,NR,NR,NR,NR,NR,NR,DRI,0,NR,NR,0,0,MUD,NR,NR,0,PBSC,NR,NR,NR,investigator_defined,MAC,NR,NR,NR,NR,0,NR,NR,NR,NR,NR,NR,NR,N,,,,,,Y,tacrolimus,NR,N,,Y,NR,NR,N,N,N,,Y,rabbit_thymoglobulin,NR,mixed,pre_transplant,none,pre_2018,NR,NR,NR,NR,NR,PCR_qPCR,NR,NR,50,NR,NR
78,67,PTCy,PTCy_arm,Y,N,N,41,NR,75,NR,NR,70,82,NR,NR,46,NR,24,5,NR,NR,NR,NR,NR,24,22,76,2,DRI,NR,63,7,29,0,mixed,NR,NR,0,NR,NR,68,27,investigator_defined,RIC,27,63,NR,7,29,NR,NR,NR,NR,NR,NR,NR,Y,50,2,"+3,+4",100,standard_50x2,Y,mixed,5-9,Y,3000,N,,,Y,N,N,,Y,rabbit_thymoglobulin,1,low_le_4.5_rabbit,post_transplant,NR,mixed_spans_era,NR,NR,NR,NR,NR,NR,NR,NR,NR,NR,NR
79,67,non-Cy,comparator_arm,Y,N,N,20,NR,73,NR,NR,70,84,NR,NR,35,NR,40,0,NR,NR,NR,NR,NR,25,55,40,5,DRI,NR,100,0,0,0,MUD,NR,NR,0,NR,NR,NR,NR,investigator_defined,NR,0,100,0,0,0,NR,NR,NR,NR,NR,NR,NR,N,,,,,,Y,mixed,5-10,Y,NR,N,,,Y,N,N,,Y,horse_ATGAM,60,horse,peri_transplant,NR,pre_2018,NR,NR,NR,NR,NR,NR,NR,NR,NR,NR,NR
80,71,Haplo,PTCy_arm,Y,N,N,31,55,62,NR,NR,56,73,NR,NR,32,3,16,0,0,28,10,10,0,0,35,55,10,refined_DRI,0,0,0,100,0,haplo,87,13,0,PBSC,0,32,68,investigator_defined,NMA,NR,0,0,0,100,61,69,54,15,7,24,DR_combinations,Y,50,2,"+3,+4",100,standard_50x2,Y,cyclosporine,NR,Y,NR,N,,,N,N,N,,N,,,,,none,pre_2018,NR,NR,NR,NR,NR,NR,NR,NR,23,NR,NR
81,71,MRD,comparator_arm,Y,N,N,47,61,62,NR,NR,55,71,NR,NR,30,8,10,4,2,21,15,8,0,0,25,64,11,refined_DRI,100,0,0,0,0,MSD,100,0,0,PBSC,0,100,0,investigator_defined,RIC,0,100,0,0,0,74,74,64,10,10,16,DR_combinations,N,,,,,,Y,cyclosporine,NR,N,,N,,,N,N,N,,Y,rabbit_thymoglobulin,5,standard_4.5_to_10_rabbit,pre_transplant,none,pre_2018,NR,NR,NR,NR,NR,NR,NR,NR,21,NR,NR
82,71,UD,comparator_arm,Y,N,N,63,48,64,NR,NR,57,71,NR,NR,29,8,19,3,3,22,11,5,0,0,27,63,10,refined_DRI,0,79.4,20.6,0,0,MUD,95,5,0,PBSC,0,100,0,investigator_defined,RIC,0,79.4,20.6,0,0,28,52,24,48,4,24,DR_combinations,N,,,,,,Y,cyclosporine,NR,Y,NR,N,,,N,N,N,,Y,rabbit_thymoglobulin,5,standard_4.5_to_10_rabbit,pre_transplant,none,pre_2018,NR,NR,NR,NR,NR,NR,NR,NR,44,NR,NR
83,72,TAC/MMF/PTCy,PTCy_arm,Y,N,N,92,67.4,64,56,72,NR,NR,NR,NR,53.3,8.7,18.5,NR,3.3,13,NR,0,NR,NR,18.5,NR,NR,DRI,31.5,54.3,9.8,0,0,MUD,NR,NR,0,PBSC,0,100,0,CIBMTR,RIC,10.9,NR,NR,NR,0,NR,NR,NR,NR,NR,NR,NR,Y,50,2,"+3,+4",100,standard_50x2,Y,tacrolimus,5-15,Y,"15 mg/kg TID, max 1g TID, d+5 to d+35",N,,,N,N,N,,N,,,,,era_proxy_only,pre_2018,NR,NR,NR,NR,NR,NR,NR,NR,27,NR,NR
84,72,TAC/MTX/Bortezomib,comparator_arm,N,N,N,89,65.2,64,55,73,NR,NR,NR,NR,51.7,13.5,18,NR,2.2,7.9,NR,2.2,NR,NR,19.1,NR,NR,DRI,32.6,59.6,6.7,0,0,MUD,NR,NR,0,PBSC,0,100,0,CIBMTR,RIC,10.1,NR,NR,NR,0,NR,NR,NR,NR,NR,NR,NR,N,,,,,,Y,tacrolimus,5-15,N,,Y,"15 mg/m2 d+1; 10 mg/m2 d+3, +6, +11",45,N,N,Y,"bortezomib 1.3 mg/m2 IV on days +1, +4, +7",N,,,,,era_proxy_only,pre_2018,NR,NR,NR,NR,NR,NR,NR,NR,26,NR,NR
85,72,TAC/MTX/Maraviroc,comparator_arm,N,N,N,92,59.8,64,54,73,NR,NR,NR,NR,53.3,12,16.3,NR,2.2,8.7,NR,3.3,NR,NR,20.7,NR,NR,DRI,35.9,52.2,10.9,0,0,MUD,NR,NR,0,PBSC,0,100,0,CIBMTR,RIC,13,NR,NR,NR,0,NR,NR,NR,NR,NR,NR,NR,N,,,,,,Y,tacrolimus,5-15,N,,Y,"15 mg/m2 d+1; 10 mg/m2 d+3, +6, +11",45,N,N,Y,maraviroc 300 mg PO BID from day -3 to day +30,N,,,,,era_proxy_only,pre_2018,NR,NR,NR,NR,NR,NR,NR,NR,32,NR,NR
86,72,TAC/MTX (controls),comparator_arm,Y,N,N,224,57.6,64,55,73,NR,NR,NR,NR,52.2,6.3,29.5,NR,0.4,5.4,NR,4,NR,NR,22.3,NR,NR,DRI,39.7,53.1,5.8,0,0,MUD,NR,NR,0,PBSC,0,100,0,CIBMTR,RIC,4.5,NR,NR,NR,0,NR,NR,NR,NR,NR,NR,NR,N,,,,,,Y,tacrolimus,5-15,N,,Y,"15 mg/m2 d+1; 10 mg/m2 d+3, +6, +11 (per protocol guidance)",45,N,N,N,,N,,,,,era_proxy_only,pre_2018,NR,NR,NR,NR,NR,NR,NR,NR,30,NR,NR
87,75,PTCY,PTCy_arm,N,Y,N,41,53.7,NR,NR,NR,22.5,64.9,47.5,NR,46.3,7.3,26.8,4.9,0,14.6,0,0,0,0,29.3,46.3,17.1,DRI,0,0,100,0,0,MMUD,97.6,2.4,0,PBSC,46.4,53.7,NR,EBMT,RIC,2.4,0,100,0,0,63.5,58.6,41.5,17.1,22,19.5,DR_combinations,Y,50,2,"+3,+4",100,standard_50x2,Y,cyclosporine,NR,Y,NR,N,,,N,N,N,,N,,,,,select_high_risk,post_2018,NR,NR,NR,NR,NR,PCR_qPCR,NR,CMV viremia >3 log IU/mL confirmed 1 week apart,65.9,NR,NR
88,75,HD-ATG,comparator_arm,N,Y,N,93,66.7,NR,NR,NR,15.5,66.6,43.5,NR,34.4,24.8,7.5,3.2,3.3,12.9,0,0,0,0,29,52.7,16.1,DRI,0,0,100,0,0,MMUD,97.8,2.2,0,PBSC,43,57,NR,EBMT,RIC,30.1,0,100,0,0,58.1,50.6,32.3,18.3,25.8,23.7,DR_combinations,N,,,,,,Y,cyclosporine,NR,Y,NR,Y,NR,NR,N,N,N,,Y,mixed,NR,mixed,pre_transplant,select_high_risk,mixed_spans_era,NR,NR,NR,NR,NR,PCR_qPCR,NR,CMV viremia >3 log IU/mL confirmed 1 week apart,52.8,NR,NR
89,75,LD-ATG,comparator_arm,N,Y,N,21,57.1,NR,NR,NR,16.3,66.5,50.1,NR,57.1,9.5,14.3,4.8,0,9.5,0,0,0,0,33.3,57.1,0,DRI,0,0,100,0,0,MMUD,95.2,4.8,0,PBSC,42.9,57.1,NR,EBMT,RIC,9.5,0,100,0,0,57.2,57.2,28.6,28.6,28.6,14.3,DR_combinations,N,,,,,,Y,cyclosporine,NR,Y,NR,N,,,N,N,N,,Y,mixed,NR,low_le_4.5_rabbit,pre_transplant,select_high_risk,mixed_spans_era,NR,NR,NR,NR,NR,PCR_qPCR,NR,CMV viremia >3 log IU/mL confirmed 1 week apart,47.6,NR,NR
90,77,Haplo PTCy,PTCy_arm,Y,N,N,199,54.3,51.9,NR,NR,18.2,77.8,NR,NR,100,0,0,0,0,0,0,0,0,0,28.6,65.9,5.6,investigator_defined,0,0,0,100,0,haplo,52.7,47.2,0,mixed,53.5,40.9,0,EBMT,MAC,NR,0,0,0,100,79.6,63.9,59.2,4.71,20.4,15.7,DR_combinations,Y,NR,NR,NR,NR,NR,NR,NR,NR,NR,NR,NR,NR,NR,NR,N,NR,NR,N,,,,,NR,pre_2018,NR,NR,NR,NR,NR,NR,NR,NR,28.2,NR,NR
91,77,UD 10/10,comparator_arm,Y,N,N,1111,52.9,52.4,NR,NR,18.1,77.3,NR,NR,100,0,0,0,0,0,0,0,0,0,30,59.8,10.2,investigator_defined,0,100,0,0,0,MUD,93.5,6.5,0,PBSC,41.9,34.3,0,EBMT,mixed,NR,100,0,0,0,63.3,42.1,34.5,7.6,28.8,29.1,DR_combinations,N,,,,,,Y,mixed,NR,Y,NR,Y,NR,NR,NR,N,NR,"GvHD prophylaxis: CSA+MTX 30%, CSA+MMF 44.6%, Tac+MMF 5%, CSA+MMF+MTX 2%, PTCy 2.3% (subset)",mixed,NR,NR,NR,pre_transplant,NR,pre_2018,NR,NR,NR,NR,NR,NR,NR,NR,30.6,NR,NR
92,77,UD 9/10,comparator_arm,Y,N,N,383,54.6,51.7,NR,NR,18,76,NR,NR,100,0,0,0,0,0,0,0,0,0,29.8,60.9,9.3,investigator_defined,0,0,100,0,0,MMUD,92.2,7.8,0,PBSC,37.7,33.5,0,EBMT,mixed,NR,0,100,0,0,65.4,40.8,30.5,10.3,34.9,24.2,DR_combinations,N,,,,,,Y,mixed,NR,Y,NR,Y,NR,NR,NR,N,NR,"GvHD prophylaxis: CSA+MTX 29.7%, CSA+MMF 42.4%, Tac+MMF 7.1%, CSA+MMF+MTX 2.9%, PTCy 2%",mixed,NR,NR,NR,pre_transplant,NR,pre_2018,NR,NR,NR,NR,NR,NR,NR,NR,36.3,NR,NR
93,78,PTCY,PTCy_arm,N,Y,N,174,56.32,46,34.7,59.3,18,74.2,NR,NR,100,0,0,0,0,0,0,0,0,0,20.11,45.98,2.3,investigator_defined,0,100,0,0,0,MUD,89.66,10.34,0,PBSC,43.68,56.32,0,EBMT,RIC,NR,100,0,0,0,74.85,NR,NR,NR,NR,NR,R_only,Y,NR,NR,NR,NR,NR,Y,NR,NR,NR,NR,NR,NR,NR,NR,N,NR,"55% of PTCy patients received 2 or 3 additional immunosuppressive agents (Supp Table S1, not detailed in main text)",N,,,,,NR,mixed_spans_era,NR,NR,NR,NR,NR,NR,NR,NR,28.8,NR,NR
94,78,ATG,comparator_arm,N,Y,N,1452,52.27,56,44.3,62.6,18.1,77.5,NR,NR,100,0,0,0,0,0,0,0,0,0,20.04,50.96,4.06,investigator_defined,0,100,0,0,0,MUD,90.15,9.85,0,PBSC,47.31,52.69,0,EBMT,RIC,NR,100,0,0,0,65.08,NR,NR,NR,NR,NR,R_only,N,,,,,,Y,NR,NR,NR,NR,NR,NR,NR,NR,N,NR,"85% of ATG patients received 2 or 3 additional immunosuppressive agents (Supp Table S1, not detailed in main text)",Y,rabbit_thymoglobulin,5,standard_4.5_to_10_rabbit,pre_transplant,NR,mixed_spans_era,NR,NR,NR,NR,NR,NR,NR,NR,29.2,NR,NR
95,79,PTCy,PTCy_arm,N,Y,N,44,68.2,64.4,57.5,66.5,36,71.1,NR,NR,47.7,4.5,18.2,2.3,NR,18.2,2.3,2.3,NR,4.5,NR,NR,NR,NR,38.6,61.4,0,0,0,MUD,100,0,0,PBSC,0,100,0,investigator_defined,RIC,0,100,0,0,0,56.8,41.9,NR,NR,NR,NR,DR_combinations,Y,50,2,"+3,+4",100,standard_50x2,Y,cyclosporine,200-400,Y,2000,N,,,N,N,N,,N,,,,,NR,mixed_spans_era,NR,NR,NR,NR,NR,NR,NR,NR,36.4,NR,NR
96,79,ATG,comparator_arm,N,Y,N,37,70.3,64.3,59.4,67.6,21.3,70.7,NR,NR,45.9,5.4,21.6,5.4,NR,13.5,8.1,0,NR,0,NR,NR,NR,NR,40.5,59.5,0,0,0,MUD,100,0,0,PBSC,0,100,0,investigator_defined,RIC,0,100,0,0,0,47.2,42.9,NR,NR,NR,NR,DR_combinations,N,,,,,,Y,cyclosporine,200-400,Y,2000,N,,,N,N,N,,Y,rabbit_thymoglobulin,5,standard_4.5_to_10_rabbit,pre_transplant,NR,mixed_spans_era,NR,NR,NR,NR,NR,NR,NR,NR,24.3,NR,NR
97,80,PT-Cy/CsA,PTCy_arm,N,N,N,99,66.7,57,NR,NR,20,70,NR,NR,30.3,10.1,8.1,3,5.1,24.2,7.1,6.1,0,6.1,NR,NR,NR,NR,30.3,69.7,0,0,0,MUD,96,4,0,PBSC,0,1,99,investigator_defined,NMA,NR,NR,NR,NR,0,NR,NR,39.4,8.1,18.2,34.3,DR_combinations,Y,50,2,"+3,+4",100,standard_50x2,Y,cyclosporine,250-350,N,,N,,,N,N,N,,N,,,,,era_proxy_only,mixed_spans_era,NR,NR,NR,NR,NR,NR,NR,NR,30,NR,NR
98,80,CsA/MPA,comparator_arm,N,N,N,52,63.5,58,NR,NR,26,70,NR,NR,26.9,13.5,15.4,1.9,1.9,23.1,3.8,3.8,0,9.6,NR,NR,NR,NR,32.7,67.3,0,0,0,MUD,100,0,0,PBSC,3.8,1.9,94.2,investigator_defined,NMA,NR,NR,NR,NR,0,NR,NR,30.8,15.4,13.5,40.4,DR_combinations,N,,,,,,Y,cyclosporine,250-350,Y,4320,N,,,N,N,N,,N,,,,,era_proxy_only,mixed_spans_era,NR,NR,NR,NR,NR,NR,NR,NR,48,NR,NR
99,83,Standard aGVHD prophylaxis (calcineurin inhibitor-based),comparator_arm,N,N,N,89,43.8,6,NR,NR,0.75,21,NR,NR,0,0,0,0,0,0,0,0,34.8,65.2,NR,NR,NR,,16.9,NR,NR,7.9,0,MUD,36,60.7,0,BM,20.2,80.9,NR,investigator_defined,RIC,NR,NR,NR,NR,7.9,NR,NR,NR,NR,NR,NR,NR,N,,,,,,Y,NR,NR,NR,NR,NR,NR,NR,NR,N,NR,NR,NR,NR,NR,NR,NR,none,pre_2018,NR,NR,NR,NR,NR,NR,NR,NR,NR,NR,NR
100,83,"Post-transplant Cy-based prophylaxis (PtCy 50 mg/kg D+3, D+4)",PTCy_arm,N,N,N,29,65.5,3.6,NR,NR,0.75,27,NR,NR,0,0,0,0,0,0,0,0,17.2,82.8,NR,NR,NR,,13.8,NR,NR,37.9,0,mixed,31,51.7,0,BM,51.7,44.8,NR,investigator_defined,mixed,NR,NR,NR,NR,37.9,NR,NR,NR,NR,NR,NR,NR,Y,50,2,"+3,+4",100,standard_50x2,NR,NR,NR,NR,NR,NR,NR,NR,NR,N,NR,NR,NR,NR,NR,NR,NR,none,pre_2018,NR,NR,NR,NR,NR,NR,NR,NR,26,NR,NR
101,86,PTCy MMUD,PTCy_arm,Y,Y,N,22,41,60,50,62,NR,NR,NR,NR,NR,NR,14,NR,NR,9,NR,NR,NR,5,NR,NR,NR,NR,0,0,100,0,0,MMUD,9,91,0,BM,14,86,NR,investigator_defined,RIC,NR,NR,NR,NR,0,91,55,45,9,45,0,DR_combinations,Y,50,2,"+3,+4",100,standard_50x2,Y,mixed,tacrolimus 5-10 ng/mL or sirolimus 3-12 ng/mL,Y,NR,N,,,Y,N,N,,N,,,,,select_high_risk,mixed_spans_era,mixed,mixed,NR,fluoroquinolone,mixed,PCR_qPCR,2,CMV DNA >200 IU/mL,18,NR,NR
102,86,ATG MMUD,comparator_arm,Y,Y,N,37,41,54,39,63,NR,NR,NR,NR,NR,NR,27,NR,NR,14,NR,NR,NR,8,NR,NR,NR,NR,0,0,100,0,0,MMUD,73,27,0,PBSC,22,78,NR,investigator_defined,RIC,NR,NR,NR,NR,0,92,57,51,5,41,3,DR_combinations,N,,,,,,Y,tacrolimus,5-10 ng/mL,N,,Y,"5-15 mg IV on days 1, 3, 6, 11",NR,N,N,N,,Y,rabbit_thymoglobulin,5-7.5,standard_4.5_to_10_rabbit,pre_transplant,select_high_risk,mixed_spans_era,mixed,mixed,NR,fluoroquinolone,mixed,PCR_qPCR,2,CMV DNA >200 IU/mL,32,NR,NR
103,86,PTCy haploidentical,PTCy_arm,N,N,N,19,53,48,46,59,NR,NR,NR,NR,NR,NR,11,NR,NR,21,NR,NR,NR,21,NR,NR,NR,NR,0,0,0,100,0,haplo,89,11,0,PBSC,5,95,NR,investigator_defined,RIC,NR,0,NR,NR,100,79,47,42,5,37,16,DR_combinations,Y,50,2,"+3,+4",100,standard_50x2,Y,mixed,tacrolimus 5-10 ng/mL or sirolimus 3-12 ng/mL,Y,NR,N,,,Y,N,N,,N,,,,,select_high_risk,mixed_spans_era,mixed,mixed,NR,fluoroquinolone,mixed,PCR_qPCR,2,CMV DNA >200 IU/mL,37,NR,NR
104,88,Modified ATG-PTCy group,PTCy_arm,Y,N,N,40,47.5,46,NR,NR,18,68,NR,NR,85,0,15,0,0,0,0,0,0,0,72.5,22.5,5,investigator_defined,0,0,0,100,0,haplo,100,0,0,PBSC,100,0,0,investigator_defined,MAC,0,0,0,0,100,NR,NR,NR,NR,NR,NR,NR,Y,50,1,+3,50,single_dose,Y,cyclosporine,150-250,Y,1000,N,,,N,N,N,,Y,rabbit_thymoglobulin,7.5,standard_4.5_to_10_rabbit,pre_transplant,none,mixed_spans_era,mixed,Y,NR,other,TMP_SMX,PCR_qPCR,2,NR,15,NR,NR
105,88,ATG group (control),comparator_arm,Y,N,N,40,50,43,NR,NR,18,63,NR,NR,80,0,20,0,0,0,0,0,0,0,62.5,27.5,10,investigator_defined,0,0,0,100,0,haplo,100,100,0,mixed,100,0,0,investigator_defined,MAC,0,0,0,0,100,NR,NR,NR,NR,NR,NR,NR,N,,,,,,Y,cyclosporine,150-250,Y,1000,Y,"15 mg/m2 d+1; 10 mg/m2 d+3,+5,+11",45,N,N,N,,Y,rabbit_thymoglobulin,10,standard_4.5_to_10_rabbit,pre_transplant,none,pre_2018,mixed,Y,NR,other,TMP_SMX,PCR_qPCR,2,NR,39.8,NR,NR
106,89,PTCy-ATG-CsA,PTCy_arm,Y,N,N,434,NR,NR,NR,NR,NR,NR,NR,NR,NR,NR,NR,NR,NR,NR,NR,NR,NR,NR,NR,NR,NR,DRI,NR,NR,NR,NR,NR,mixed,NR,NR,NR,PBSC,NR,NR,NR,investigator_defined,RIC,NR,NR,NR,NR,NR,NR,NR,NR,NR,NR,NR,NR,Y,50,NR,NR,NR,other,Y,cyclosporine,200-400 ng/L,N,,N,,,N,N,N,,Y,rabbit_thymoglobulin,4.5,low_le_4.5_rabbit,pre_transplant,NR,mixed_spans_era,micafungin,N,engraftment then posaconazole to 3mo post-engraftment,fluoroquinolone,TMP_SMX,NR,NR,NR,NR,NR,NR
107,89,PTCy-based (no ATG),PTCy_arm,Y,N,N,13,NR,NR,NR,NR,NR,NR,NR,NR,NR,NR,NR,NR,NR,NR,NR,NR,NR,NR,NR,NR,NR,DRI,NR,NR,NR,NR,NR,mixed,NR,NR,NR,PBSC,NR,NR,NR,investigator_defined,mixed,NR,NR,NR,NR,NR,NR,NR,NR,NR,NR,NR,NR,Y,50,NR,NR,NR,standard_50x2,Y,NR,NR,NR,NR,NR,NR,NR,NR,N,NR,NR,N,,,,,NR,mixed_spans_era,micafungin,N,engraftment then posaconazole to 3mo post-engraftment,fluoroquinolone,TMP_SMX,NR,NR,NR,NR,NR,NR
108,89,ATG-based (no PTCy),comparator_arm,Y,N,N,121,NR,NR,NR,NR,NR,NR,NR,NR,NR,NR,NR,NR,NR,NR,NR,NR,NR,NR,NR,NR,NR,DRI,NR,NR,NR,NR,NR,mixed,NR,NR,NR,PBSC,NR,NR,NR,investigator_defined,mixed,NR,NR,NR,NR,NR,NR,NR,NR,NR,NR,NR,NR,N,,,,,,Y,NR,NR,NR,NR,NR,NR,NR,NR,N,NR,NR,Y,rabbit_thymoglobulin,NR,NR,pre_transplant,NR,mixed_spans_era,micafungin,N,engraftment then posaconazole to 3mo post-engraftment,fluoroquinolone,TMP_SMX,NR,NR,NR,NR,NR,NR
109,89,Other GVHD prophylaxis (no PTCy),comparator_arm,Y,N,N,83,NR,NR,NR,NR,NR,NR,NR,NR,NR,NR,NR,NR,NR,NR,NR,NR,NR,NR,NR,NR,NR,DRI,NR,NR,NR,NR,NR,mixed,NR,NR,NR,PBSC,NR,NR,NR,investigator_defined,mixed,NR,NR,NR,NR,NR,NR,NR,NR,NR,NR,NR,NR,N,,,,,,NR,NR,NR,NR,NR,NR,NR,NR,NR,N,NR,NR,N,,,,,NR,mixed_spans_era,micafungin,N,engraftment then posaconazole to 3mo post-engraftment,fluoroquinolone,TMP_SMX,NR,NR,NR,NR,NR,NR
110,94,PTCY,PTCy_arm,N,N,N,209,58.4,57.1,46.5,63.9,NR,NR,NR,NR,19.4,0,80.6,0,0,0,0,0,0,0,57.3,26.5,16.2,investigator_defined,0,53.6,46.4,0,0,MUD,94.3,5.7,0,PBSC,55.8,44.2,0,EBMT,MAC,NR,53.6,37.8,8.6,0,77.7,NR,NR,NR,NR,NR,R_only,Y,NR,NR,NR,NR,NR,Y,NR,NR,Y,NR,N,,,NR,N,NR,NR,N,,,,,NR,mixed_spans_era,NR,NR,NR,NR,NR,NR,NR,NR,23,NR,NR
111,94,ATG,comparator_arm,N,N,N,751,64,60.1,50.6,65.2,NR,NR,NR,NR,22.6,0,77.4,0,0,0,0,0,0,0,47.4,27.7,24.9,investigator_defined,0,74.6,25.4,0,0,MUD,93.7,6.3,0,PBSC,38.9,61.1,0,EBMT,RIC,NR,74.6,21.6,3.9,0,69.2,NR,NR,NR,NR,NR,R_only,N,,,,,,Y,NR,NR,Y,NR,Y,NR,NR,NR,N,NR,NR,Y,mixed,NR,mixed,pre_transplant,NR,mixed_spans_era,NR,NR,NR,NR,NR,NR,NR,NR,30,NR,NR
112,97,"Allo-HSCT-r receiving PT-Cy (first transplant, PT-Cy-based GVHD prophylaxis subset)",PTCy_arm,N,N,N,473,NR,NR,NR,NR,NR,NR,NR,NR,NR,NR,NR,NR,NR,NR,NR,NR,NR,NR,NR,NR,NR,NR,NR,NR,NR,NR,NR,mixed,NR,NR,0,PBSC,NR,NR,0,investigator_defined,mixed,NR,NR,NR,NR,NR,NR,NR,NR,NR,NR,NR,NR,Y,50,2,"D+3,D+4",100,standard_50x2,N,,,Y,NR,N,,,Y,N,N,,N,,,,,select_high_risk,mixed_spans_era,mixed,Y,until 90 days,fluoroquinolone,TMP_SMX,NR,NR,NR,NR,NR,NR
113,99,PTCy,PTCy_arm,N,Y,N,112,NR,60,NR,NR,NR,NR,NR,NR,0,0,0,100,0,0,0,0,0,0,NR,NR,NR,NR,38,62,0,0,0,MUD,NR,NR,NR,NR,47,53,0,investigator_defined,mixed,NR,NR,0,0,0,NR,NR,NR,NR,NR,NR,NR,Y,50,2,"+3,+4",100,standard_50x2,Y,cyclosporine,NR,mixed,NR,mixed,NR,NR,N,N,N,,N,,,,,NR,mixed_spans_era,NR,NR,NR,NR,NR,NR,NR,NR,27,NR,NR
114,99,ATG,comparator_arm,N,Y,N,427,NR,58,NR,NR,NR,NR,NR,NR,0,0,0,100,0,0,0,0,0,0,NR,NR,NR,NR,28,72,0,0,0,MUD,NR,NR,NR,NR,21,79,0,investigator_defined,RIC,NR,NR,0,0,0,NR,NR,NR,NR,NR,NR,NR,N,,,,,,Y,cyclosporine,NR,mixed,NR,mixed,NR,NR,N,N,N,,Y,mixed,NR,mixed,pre_transplant,NR,mixed_spans_era,NR,NR,NR,NR,NR,NR,NR,NR,30,NR,NR
115,100,MSD,comparator_arm,N,N,Y,160,58,54,NR,NR,18,70,NR,NR,53,13,NR,NR,NR,19,NR,NR,NR,14,28,57,15,DRI,100,0,0,0,0,MSD,99,1,0,PBSC,34,66,0,investigator_defined,RIC,NR,NR,NR,NR,0,83,72,63,9,20,8,DR_combinations,Y,NR,NR,NR,NR,NR,N,,,Y,NR,N,,,Y,N,N,,N,,,,,none,pre_2018,NR,NR,NR,NR,NR,PCR_qPCR,1-2,<400 copies/mL (or <150 IU/mL after 2023 WHO standard) as negative cutoff; positive qRT-PCR triggered preemptive antiviral therapy,19,NR,NR
116,100,MUD,PTCy_arm,N,N,Y,124,57,52,NR,NR,18,71,NR,NR,47,15,NR,NR,NR,15,NR,NR,NR,23,44,46,10,DRI,0,100,0,0,0,MUD,95,5,0,PBSC,49,51,0,investigator_defined,mixed,NR,NR,NR,NR,0,78,54,44,10,34,12,DR_combinations,Y,NR,NR,NR,NR,NR,N,,,Y,NR,N,,,Y,N,N,,N,,,,,none,pre_2018,NR,NR,NR,NR,NR,PCR_qPCR,1-2,<400 copies/mL (or <150 IU/mL after 2023 WHO standard) as negative cutoff; positive qRT-PCR triggered preemptive antiviral therapy,9.8,NR,NR
117,100,Haplo,PTCy_arm,N,N,Y,82,63,57,NR,NR,21,69,NR,NR,49,12,NR,NR,NR,24,NR,NR,NR,15,31,35,24,DRI,0,0,0,100,0,haplo,79,21,0,PBSC,32,68,0,investigator_defined,RIC,NR,0,0,0,100,81,62,55,7,26,12,DR_combinations,Y,NR,NR,NR,NR,NR,N,,,Y,NR,N,,,Y,N,N,,N,,,,,none,pre_2018,NR,NR,NR,NR,NR,PCR_qPCR,1-2,<400 copies/mL (or <150 IU/mL after 2023 WHO standard) as negative cutoff; positive qRT-PCR triggered preemptive antiviral therapy,28,NR,NR
118,104,"PTCy, tacrolimus, MMF (Apr 2016-Apr 2018)",PTCy_arm,Y,N,N,49,53.1,54,NR,NR,23,71,NR,NR,59.2,16.3,10.2,NR,2,10.2,2,NR,NR,NR,16.3,81.6,2,DRI,26.5,67.3,6.1,0,0,MUD,NR,NR,0,PBSC,56.7,43.3,NR,investigator_defined,MAC,NR,NR,6.1,NR,0,59.2,NR,NR,NR,NR,NR,R_only,Y,NR,2,"+3,+4",NR,NR,Y,tacrolimus,NR,Y,NR,N,,,N,N,N,,N,,,,,NR,mixed_spans_era,NR,NR,NR,NR,NR,NR,NR,NR,NR,NR,NR
119,104,Standard GVHD prophylaxis: tacrolimus + MTX +/- ATG (Jan 2014-Apr 2016),comparator_arm,Y,N,N,41,39,55,NR,NR,25,73,NR,NR,46.3,26.3,14.6,NR,2.5,9.7,0,NR,NR,NR,0,95.1,4.9,DRI,29.3,46.3,24.4,0,0,MUD,90.2,9.8,0,PBSC,78,22,NR,investigator_defined,MAC,NR,NR,24.4,NR,0,46.3,NR,NR,NR,NR,NR,R_only,N,,,,,,Y,tacrolimus,NR,mixed,NR,Y,"Low-dose 5 mg/m2 days +1,+3,+6,+11 (28/41 missed >=1 dose; 23 of those had MMF substituted for >=1 month)",20,N,N,Y,Alemtuzumab in 1 patient,mixed,NR,NR,NR,pre_transplant,NR,pre_2018,NR,NR,NR,NR,NR,NR,NR,NR,NR,NR,NR
120,105,Experimental prophylaxis (PTCy + cyclosporin),PTCy_arm,Y,N,N,66,56,55.3,NR,NR,21,71,51.4,14.1,58,30,12,0,0,0,0,0,0,0,27,59,9,DRI,100,0,0,0,0,MSD,100,0,0,PBSC,45,55,0,investigator_defined,RIC,NR,,,,0,65,NR,NR,NR,NR,NR,R_only,Y,50,2,"D+3, D+4",100,standard_50x2,Y,cyclosporine,NR,N,,N,,,N,N,N,,N,,,,,none,post_2018,NR,NR,NR,NR,NR,NR,1,NR,NR,NR,NR
121,105,Standard prophylaxis (cyclosporin + methotrexate),comparator_arm,Y,N,N,68,54,56.2,NR,NR,22,70,52.9,12.3,65,15,21,0,0,0,0,0,0,0,29,59,10,DRI,100,0,0,0,0,MSD,100,0,0,PBSC,43,57,0,investigator_defined,RIC,NR,,,,0,68,NR,NR,NR,NR,NR,R_only,N,,,,,,Y,cyclosporine,NR,N,,Y,"15 mg/m2 IV D+1; 10 mg/m2 IV D+3, +6, +11",45,N,N,N,,N,,,,,none,post_2018,NR,NR,NR,NR,NR,NR,1,NR,NR,NR,NR
122,107,PT-Cy,PTCy_arm,N,Y,N,30,NR,NR,NR,NR,NR,NR,NR,NR,NR,NR,NR,NR,NR,NR,NR,NR,NR,NR,NR,NR,NR,NR,0,100,0,0,0,MUD,100,0,0,PBSC,13,17,70,investigator_defined,NMA,70,100,0,0,0,NR,NR,NR,NR,NR,NR,NR,Y,50,2,"3,4",100,standard_50x2,Y,cyclosporine,NR,Y,NR,N,,,N,N,N,,N,,,,,NR,post_2018,NR,NR,NR,NR,NR,NR,NR,NR,23,NR,NR
123,107,ATG,comparator_arm,N,Y,N,64,NR,NR,NR,NR,NR,NR,NR,NR,NR,NR,NR,NR,NR,NR,NR,NR,NR,NR,NR,NR,NR,NR,0,100,0,0,0,MUD,100,0,0,PBSC,0,100,0,investigator_defined,RIC,0,100,0,0,0,NR,NR,NR,NR,NR,NR,NR,N,,,,,,Y,cyclosporine,NR,N,,N,,,N,N,N,,Y,rabbit_thymoglobulin,5,standard_4.5_to_10_rabbit,pre_transplant,NR,mixed_spans_era,NR,NR,NR,NR,NR,NR,NR,NR,45,NR,NR
124,109,PMH ATG-PTCy-CNI cohort (entire),PTCy_arm,N,Y,N,341,57,58,46,66,NR,NR,NR,NR,85,15,0,0,0,0,0,0,0,0,NR,NR,NR,NR,0,100,0,0,0,MUD,100,0,0,PBSC,31,69,0,investigator_defined,RIC,74,NR,NR,NR,0,NR,NR,36,7,40,17,DR_combinations,Y,50,2,"D+3, D+4",100,standard_50x2,Y,cyclosporine,NR,N,,N,,,N,N,N,,Y,rabbit_thymoglobulin,2.5,low_le_4.5_rabbit,pre_transplant,NR,mixed_spans_era,NR,NR,NR,NR,NR,NR,NR,NR,NR,NR,NR
125,109,CIBMTR CNI-MTX/MMF cohort (entire),comparator_arm,N,Y,N,520,54,59,46,66,NR,NR,NR,NR,79,21,0,0,0,0,0,0,0,0,NR,NR,NR,NR,0,100,0,0,0,MUD,100,0,0,PBSC,48,52,0,investigator_defined,mixed,17,NR,NR,NR,0,NR,NR,32,12,34,22,DR_combinations,N,,,,,,Y,mixed,NR,mixed,NR,mixed,NR,NR,N,N,N,CsA-MTX or MMF: n=38 (7%); Tac-MTX or MMF: n=475 (91%); Other: n=7 (1%),N,,,,,NR,mixed_spans_era,NR,NR,NR,NR,NR,NR,NR,NR,NR,NR,NR
126,110,PTCy,PTCy_arm,Y,N,N,75,66,61,56,66,NR,NR,NR,NR,0,0,0,0,0,0,0,0,0,100,NR,NR,NR,investigator_defined,25,53,13,9,0,MUD,100,0,0,PBSC,8,92,0,investigator_defined,RIC,NR,NR,NR,NR,9,NR,NR,51,9,23,17,DR_combinations,Y,NR,NR,NR,NR,NR,Y,NR,NR,Y,NR,N,,,N,N,N,,Y,rabbit_thymoglobulin,2,low_le_4.5_rabbit,pre_transplant,NR,mixed_spans_era,NR,NR,NR,NR,NR,NR,NR,NR,22.3,NR,NR
127,110,Others (No PTCy),comparator_arm,Y,N,N,22,64,61,57,66,NR,NR,NR,NR,0,0,0,0,0,0,0,0,0,100,NR,NR,NR,investigator_defined,59,27,14,0,0,MSD,100,0,0,PBSC,40,60,0,investigator_defined,RIC,NR,NR,NR,NR,0,NR,NR,17,18,23,18,DR_combinations,N,,,,,,Y,NR,NR,mixed,NR,mixed,NR,NR,N,N,Y,Alemtuzumab in 4/22 (18%),mixed,rabbit_thymoglobulin,NR,NR,pre_transplant,NR,pre_2018,NR,NR,NR,NR,NR,NR,NR,NR,54.5,NR,NR
128,111,Group I: CNI-MTX (or MMF),comparator_arm,Y,N,N,210,51.9,55,45,62,NR,NR,NR,NR,55.2,11.9,14.3,10.5,5.7,NR,NR,NR,NR,2.4,38.6,42.4,1.4,DRI,100,0,0,0,0,MSD,100,0,0,PBSC,61,39,0,investigator_defined,MAC,98.1,,,,,75.7,70,59.5,10.5,16.2,13.8,DR_combinations,N,,,,,,Y,NR,NR,mixed,NR,mixed,NR,NR,N,N,N,,N,,,,,select_high_risk,mixed_spans_era,NR,NR,NR,NR,NR,NR,NR,NR,40.6,NR,NR
129,111,Group II: ATG-CNI-MTX (or MMF),comparator_arm,Y,Y,N,34,61.8,58,38,65,NR,NR,NR,NR,47.1,17.6,14.7,11.8,2.9,NR,NR,NR,NR,2.9,26.5,55.9,2.9,DRI,100,0,0,0,0,MSD,100,0,0,PBSC,47.1,52.9,0,investigator_defined,RIC,64.7,,,,,79.4,47.1,41.2,5.9,38.2,14.7,DR_combinations,N,,,,,,Y,NR,NR,mixed,NR,mixed,NR,NR,N,N,N,,Y,rabbit_thymoglobulin,2,low_le_4.5_rabbit,pre_transplant,select_high_risk,mixed_spans_era,NR,NR,NR,NR,NR,NR,NR,NR,30.6,NR,NR
130,111,Group III: PTCy-ATG-CNI,PTCy_arm,Y,N,N,78,56.4,57,47,63,NR,NR,NR,NR,56.4,6.4,16.7,12.8,1.3,NR,NR,NR,NR,6.4,32.1,52.6,0,DRI,100,0,0,0,0,MSD,100,0,0,PBSC,7.7,92.3,0,investigator_defined,RIC,96.2,,,,,74.4,60.3,50,10.3,24.4,15.4,DR_combinations,Y,50,2,"D+3,D+4",100,standard_50x2,Y,NR,NR,N,,N,,,N,N,N,,Y,rabbit_thymoglobulin,2,low_le_4.5_rabbit,pre_transplant,select_high_risk,mixed_spans_era,NR,NR,NR,NR,NR,NR,NR,NR,16,NR,NR
131,111,Group IV: PTCy-CNI-MMF,PTCy_arm,Y,Y,N,91,47.3,56,43,63,NR,NR,NR,NR,52.7,13.2,16.5,3.3,5.5,NR,NR,NR,NR,8.8,19.8,59.3,2.2,DRI,100,0,0,0,0,MSD,100,0,0,PBSC,52.7,47.3,0,investigator_defined,MAC,51.6,,,,,79.1,64.8,57.1,7.7,22,13.2,DR_combinations,Y,50,2,"D+3,D+4",100,standard_50x2,Y,NR,NR,Y,NR,N,,,N,N,N,,N,,,,,select_high_risk,mixed_spans_era,NR,NR,NR,NR,NR,NR,NR,NR,32,NR,NR
132,112,Group A: PTCy-CNI-MMF,PTCy_arm,Y,Y,N,306,55,31,26,37,18,39,NR,NR,50,40,10,0,0,0,0,0,0,0,25,65,8,DRI,0,73,27,0,0,MUD,84,16,0,PBSC,80,14,6,CIBMTR,MAC,NR,NR,NR,NR,0,56,35,22,13,34,22,DR_combinations,Y,NR,NR,NR,NR,NR,Y,NR,NR,Y,NR,N,,,N,N,N,,N,,,,,NR,post_2018,NR,NR,NR,NR,NR,NR,NR,NR,28.1,NR,NR
133,112,Group B: CNI-MTX/MMF,comparator_arm,Y,N,N,686,52,29,23,35,18,39,NR,NR,52,40,8,0,0,0,0,0,0,0,25,67,5,DRI,0,94,6,0,0,MUD,71,29,0,PBSC,91,8,1,CIBMTR,MAC,NR,NR,NR,NR,0,59,40,26,14,33,26,DR_combinations,N,,,,,,Y,NR,NR,mixed,NR,mixed,NR,NR,N,N,N,,N,,,,,NR,post_2018,NR,NR,NR,NR,NR,NR,NR,NR,39.9,NR,NR
134,112,Group C: CNI-MTX/MMF+ATG,comparator_arm,Y,Y,N,395,57,29,23,35,18,39,NR,NR,55,37,8,0,0,0,0,0,0,0,26,62,7,DRI,0,87,13,0,0,MUD,79,21,0,PBSC,91,8,1,CIBMTR,MAC,NR,NR,NR,NR,0,56,30,20,10,36,20,DR_combinations,N,,,,,,Y,NR,NR,mixed,NR,mixed,NR,NR,N,N,N,,Y,NR,NR,NR,pre_transplant,NR,post_2018,NR,NR,NR,NR,NR,NR,NR,NR,39.7,NR,NR
135,118,MMUD with PTCy (9/10 single-allele MMUD),PTCy_arm,Y,N,N,280,58.2,52.1,39.9,61.2,18.2,75.6,NR,NR,100,0,0,0,0,0,0,0,0,0,14.3,52.9,6.4,investigator_defined,0,0,100,0,0,MMUD,93.2,6.8,0,PBSC,50.4,49.6,NR,EBMT,mixed,13.6,0,100,0,0,73.6,45.8,NR,NR,NR,NR,DR_combinations,Y,50,2,"+3,+4 or +3,+5",100,standard_50x2,Y,mixed,NR,Y,NR,Y,NR,NR,Y,N,NR,"GVHD prophylaxis (in addition to PTCy): csa+mmf 39.6%, tacro+mmf 18.2%, csa+mtx 3.6%, csa 12.1%, tacro 8.6%, siro+mmf 5%, other 12.9%",mixed,NR,NR,NR,NR,NR,mixed_spans_era,NR,NR,NR,NR,NR,NR,NR,NR,31.6,NR,NR
136,118,"CBT (single or double cord blood, no PTCy)",comparator_arm,Y,N,N,902,47.7,50.5,38.4,60.3,18.1,73.2,NR,NR,100,0,0,0,0,0,0,0,0,0,16,40.6,5.5,investigator_defined,0,0,0,0,100,UCB,0,0,100,UCB,46.1,53.9,NR,EBMT,mixed,57.9,NR,NR,NR,0,66.9,35.2,NR,NR,NR,NR,DR_combinations,N,,,,,,Y,mixed,NR,Y,NR,Y,NR,NR,Y,N,NR,"GVHD prophylaxis: csa+mmf 70.7%, tacro+mmf 2.4%, csa+mtx 3.9%, csa 20.3%, tacro 0.2%, siro+mmf 0.9%, other 1.6%",mixed,NR,NR,NR,NR,NR,mixed_spans_era,NR,NR,NR,NR,NR,NR,NR,NR,36,NR,NR
137,119,Haploidentical donor SCT (PTCy),PTCy_arm,Y,N,N,34,55.9,54,NR,NR,28,71,NR,NR,100,0,0,0,0,0,0,0,0,0,73.5,11.8,0,refined_DRI,0,0,0,100,0,haplo,64.7,35.3,0,PBSC,NR,100,0,investigator_defined,RIC,NR,0,0,0,100,41.2,NR,41.2,5.9,17.6,35.3,DR_combinations,Y,NR,NR,NR,NR,NR,Y,tacrolimus,NR,Y,NR,N,,,N,N,N,,N,,,,,none,pre_2018,NR,NR,NR,NR,NR,NR,NR,NR,13,NR,NR
138,119,HLA-matched donor SCT (ATG),comparator_arm,Y,N,N,34,41.2,54.5,NR,NR,31,71,NR,NR,100,0,0,0,0,0,0,0,0,0,67.6,14.7,0,refined_DRI,26.5,61.8,11.8,0,0,MUD,100,0,0,PBSC,NR,100,0,investigator_defined,RIC,NR,88.2,11.8,0,0,38.2,NR,35.3,2.9,26.5,35.3,DR_combinations,N,,,,,,Y,cyclosporine,NR,Y,NR,N,,,N,N,N,,Y,NR,NR,NR,pre_transplant,none,pre_2018,NR,NR,NR,NR,NR,NR,NR,NR,50,NR,NR
139,120,Haploidentical donor (PTCy),PTCy_arm,Y,Y,N,132,65,58,NR,NR,20,75,NR,NR,0,0,0,0,0,100,0,0,0,0,NR,NR,NR,NR,0,0,0,100,0,haplo,24.2,75.8,0,BM,0,NR,NR,investigator_defined,NMA,86.4,,,,100,NR,NR,NR,8.3,NR,NR,DR_combinations,Y,50,2,"+3,+4",100,standard_50x2,mixed,NR,NR,mixed,NR,N,,,N,N,N,,N,,,,,era_proxy_only,pre_2018,NR,NR,NR,NR,NR,NR,NR,NR,34,NR,NR
140,120,MSD (matched sibling donor),comparator_arm,Y,N,N,525,61.5,55,NR,NR,19,73,NR,NR,0,0,0,0,0,100,0,0,0,0,NR,NR,NR,NR,100,0,0,0,0,MSD,98.1,1.9,0,PBSC,0,NR,NR,investigator_defined,RIC,20.8,,,,0,NR,NR,NR,7.2,NR,NR,DR_combinations,N,,,,,,Y,NR,NR,mixed,NR,mixed,NR,NR,NR,N,NR,,N,,,,,era_proxy_only,pre_2018,NR,NR,NR,NR,NR,NR,NR,NR,32,NR,NR
141,120,MUD TCD+ (with ATG or alemtuzumab),comparator_arm,N,Y,N,403,64.3,55,NR,NR,19,75,NR,NR,0,0,0,0,0,100,0,0,0,0,NR,NR,NR,NR,0,100,0,0,0,MUD,92.6,7.4,0,PBSC,0,NR,NR,investigator_defined,RIC,7.4,100,0,0,0,NR,NR,NR,5.2,NR,NR,DR_combinations,N,,,,,,Y,NR,NR,mixed,NR,mixed,NR,NR,NR,N,NR,,Y,mixed,NR,mixed,pre_transplant,era_proxy_only,pre_2018,NR,NR,NR,NR,NR,NR,NR,NR,32,NR,NR
142,120,MUD TCD- (without ATG or alemtuzumab),comparator_arm,Y,N,N,378,57.7,56,NR,NR,23,73,NR,NR,0,0,0,0,0,100,0,0,0,0,NR,NR,NR,NR,0,100,0,0,0,MUD,94.7,5.3,0,PBSC,0,NR,NR,investigator_defined,RIC,32,100,0,0,0,NR,NR,NR,8.2,NR,NR,DR_combinations,N,,,,,,Y,NR,NR,mixed,NR,mixed,NR,NR,NR,N,NR,,N,,,,,era_proxy_only,pre_2018,NR,NR,NR,NR,NR,NR,NR,NR,42,NR,NR
143,122,PTCy + TAK + MMF,PTCy_arm,N,Y,N,110,50.9,NR,NR,NR,NR,NR,NR,NR,NR,13.6,NR,NR,NR,NR,NR,NR,NR,10.9,NR,NR,NR,NR,0,0,15.5,84.5,0,haplo,100,0,0,PBSC,65.5,17.3,17.3,EBMT,MAC,NR,,NR,NR,84.5,81.8,NR,NR,NR,NR,NR,R_only,Y,50,2,"+3,+4",100,standard_50x2,Y,tacrolimus,NR,Y,NR,N,,,N,N,N,,N,,,,,NR,mixed_spans_era,NR,NR,NR,NR,NR,PCR_qPCR,NR,NR,17.3,NR,NR
144,122,CsA + Mtx + ATG,comparator_arm,N,Y,N,35,51.4,NR,NR,NR,NR,NR,NR,NR,NR,20,NR,NR,NR,NR,NR,NR,NR,8.6,NR,NR,NR,NR,0,0,100,0,0,MMUD,100,0,0,PBSC,85.7,5.7,8.6,EBMT,MAC,NR,0,NR,NR,0,82.9,NR,NR,NR,NR,NR,R_only,N,,,,,,Y,cyclosporine,NR,N,,Y,NR,NR,N,N,N,,Y,mixed,mixed,mixed,pre_transplant,NR,mixed_spans_era,NR,NR,NR,NR,NR,PCR_qPCR,NR,NR,31.4,NR,NR
145,123,PTCy + TAK + MMF (haplo-HSCT),PTCy_arm,N,N,N,110,NR,NR,NR,NR,NR,NR,NR,NR,NR,NR,NR,NR,NR,NR,NR,NR,NR,NR,NR,NR,NR,NR,0,0,0,100,0,haplo,100,0,0,PBSC,NR,NR,NR,investigator_defined,MAC,NR,NR,NR,NR,100,NR,NR,NR,NR,NR,NR,R_only,Y,50,2,"+3,+4",100,standard_50x2,Y,tacrolimus,NR,Y,NR,N,,,N,N,N,,N,,,,,NR,mixed_spans_era,NR,NR,NR,NR,NR,NR,NR,250 copies (per paper threshold definition),NR,NR,NR
146,123,PTCy + TAK + MMF (MMUD-HSCT),PTCy_arm,Y,N,N,17,NR,NR,NR,NR,NR,NR,NR,NR,NR,NR,NR,NR,NR,NR,NR,NR,NR,NR,NR,NR,NR,NR,0,0,100,0,0,MMUD,100,0,0,PBSC,NR,NR,NR,investigator_defined,MAC,NR,0,NR,NR,0,NR,NR,NR,NR,NR,NR,R_only,Y,50,2,"+3,+4",100,standard_50x2,Y,tacrolimus,NR,Y,NR,N,,,N,N,N,,N,,,,,NR,mixed_spans_era,NR,NR,NR,NR,NR,NR,NR,250 copies (per paper threshold definition),NR,NR,NR
147,123,CsA + Mtx + ATG (MMUD-HSCT),comparator_arm,Y,N,N,35,51.4,45,NR,NR,19,71,NR,NR,NR,20,NR,NR,NR,NR,NR,NR,NR,8.6,NR,NR,NR,NR,0,0,100,0,0,MMUD,100,0,0,PBSC,85.7,5.7,8.6,investigator_defined,MAC,NR,0,NR,NR,0,82.9,NR,NR,NR,NR,NR,R_only,N,,,,,,Y,cyclosporine,NR,N,,Y,NR,NR,N,N,N,,Y,mixed,NR,mixed,pre_transplant,NR,mixed_spans_era,NR,NR,NR,NR,NR,NR,NR,250 copies (per paper threshold definition),60,NR,NR
148,124,PTCy-haplo,PTCy_arm,N,N,N,114,45.6,44,31,56,NR,NR,NR,NR,NR,15.8,NR,NR,NR,NR,NR,NR,NR,7,NR,NR,NR,NR,0,0,0,100,0,haplo,100,0,0,PBSC,53.5,29.8,16.7,investigator_defined,MAC,NR,,,,100,NR,NR,NR,NR,NR,NR,NR,Y,50,2,"+3,+4",100,standard_50x2,Y,tacrolimus,NR,Y,NR,N,,,N,N,N,,N,,,,,none,pre_2018,NR,NR,NR,NR,NR,PCR_qPCR,NR,250 copies,35.1,NR,NR
149,124,PTCy-MMUD,PTCy_arm,N,Y,N,23,56.5,54,44,60,NR,NR,NR,NR,NR,8.7,NR,NR,NR,NR,NR,NR,NR,34.8,NR,NR,NR,NR,0,0,100,0,0,MMUD,100,0,0,PBSC,100,0,0,investigator_defined,MAC,NR,0,100,0,0,NR,NR,NR,NR,NR,NR,NR,Y,50,2,"+3,+4",100,standard_50x2,Y,tacrolimus,NR,Y,NR,N,,,N,N,N,,N,,,,,none,pre_2018,NR,NR,NR,NR,NR,PCR_qPCR,NR,250 copies,21.7,NR,NR
150,124,ATG-MMUD,comparator_arm,N,Y,N,37,48.6,45,35,53,NR,NR,NR,NR,NR,18.9,NR,NR,NR,NR,NR,NR,NR,10.8,NR,NR,NR,NR,0,0,100,0,0,MMUD,100,0,0,PBSC,86.5,5.4,8.1,investigator_defined,MAC,NR,0,100,0,0,NR,NR,NR,NR,NR,NR,NR,N,,,,,,Y,cyclosporine,NR,N,,Y,NR,NR,N,N,N,,Y,mixed,NR,mixed,pre_transplant,none,pre_2018,NR,NR,NR,NR,NR,PCR_qPCR,NR,250 copies,59.5,NR,NR
151,133,HaploHCT (HRT),PTCy_arm,Y,N,N,30,53.3,48,NR,NR,25,71,NR,NR,53.3,13.3,16.7,NR,0,10,3.3,NR,NR,3.3,66.7,NR,NR,EBMT_risk_score,0,0,0,100,0,haplo,100,0,0,PBSC,100,0,0,investigator_defined,MAC,0,0,0,100,100,20,NR,NR,NR,NR,NR,R_only,Y,50,2,"+3,+4",100,standard_50x2,Y,tacrolimus,NR,N,,N,,,N,N,N,,N,,,,,NR,pre_2018,NR,NR,NR,NR,NR,NR,NR,NR,14,NR,NR
152,133,sUCBT (single UCB transplantation),comparator_arm,Y,N,N,47,57.4,38,NR,NR,20,57,NR,NR,55.3,19.1,0,NR,6.4,19.1,0,NR,NR,0,27.7,NR,NR,EBMT_risk_score,0,0,0,0,100,UCB,0,0,100,UCB,100,0,0,investigator_defined,MAC,0,0,0,100,0,29.8,,NR,NR,NR,NR,R_only,N,,,,,,Y,cyclosporine,NR,mixed,NR,N,,,N,N,Y,short-duration prednisone,Y,rabbit_thymoglobulin,5,standard_4.5_to_10_rabbit,pre_transplant,NR,pre_2018,NR,NR,NR,NR,NR,NR,NR,NR,26,NR,NR
153,134,Haploidentical HSCT with PTCy (entire cohort),PTCy_arm,N,N,N,236,61,50,NR,NR,17,71,NR,NR,32,9,17,5,NR,30,2,3,0.4,1.4,34,54,12,refined_DRI,0,0,0,100,0,haplo,81,19,0,PBSC,32,68,0,investigator_defined,RIC,NR,0,0,0,100,77,60,48,12,29,11,DR_combinations,Y,50,2,"+3,+4",100,standard_50x2,Y,mixed,NR,Y,NR,N,,,N,N,N,,N,,,,,none,pre_2018,mixed,mixed,until engraftment or whenever patient was given steroids for GVHD,fluoroquinolone,TMP_SMX,PCR_qPCR,2,PCR >1000 IU/mL on 2 consecutive samples,31,NR,NR
154,136,PTCY,PTCy_arm,N,Y,N,82,62.2,49.91,NR,NR,20.9,70.4,NR,NR,0,0,0,0,0,91.5,8.5,0,0,0,29.3,NR,70.7,DRI,47.6,35.4,8.5,0,0,MSD,85.4,14.6,0,PBSC,0,100,0,EBMT,RIC,15.9,NR,NR,NR,0,NR,NR,NR,NR,24.4,NR,DR_combinations,Y,50,2,"D+3,+4",100,standard_50x2,mixed,other,NR,mixed,NR,N,,,Y,N,N,,N,,,,,none,mixed_spans_era,NR,NR,NR,NR,NR,NR,NR,NR,22,NR,NR
155,136,SIR/TAC,comparator_arm,N,Y,N,89,62.9,52.85,NR,NR,22.9,69.9,NR,NR,0,0,0,0,0,85.4,14.6,0,0,0,16.9,NR,83.1,DRI,22.5,58.4,18,0,0,MUD,98.9,1.1,0,PBSC,0,100,0,EBMT,RIC,0,NR,NR,NR,0,NR,NR,NR,NR,16.9,NR,DR_combinations,N,,,,,,Y,tacrolimus,5-10,N,,N,,,Y,N,N,,Y,NR,NR,NR,pre_transplant,none,mixed_spans_era,NR,NR,NR,NR,NR,NR,NR,NR,25,NR,NR
156,137,HAPLO,PTCy_arm,N,Y,N,330,NR,55,40,63,NR,NR,NR,NR,NR,NR,13,3.9,NR,42,1.8,NR,NR,NR,33,NR,NR,DRI,0,0,0,100,0,haplo,96.4,3.6,0,PBSC,0,100,0,investigator_defined,RIC,3.6,0,0,0,100,NR,NR,NR,NR,24,NR,DR_combinations,Y,50,2,"D+3,+4",100,standard_50x2,mixed,mixed,NR,NR,NR,N,,,Y,N,N,"PTCy combined with tacrolimus (45.8%), rapamycin/sirolimus (19.7%), or cyclosporine A (34.5%)",Y,NR,NR,NR,NR,none,mixed_spans_era,NR,NR,NR,NR,NR,NR,NR,NR,41.8,NR,NR
157,137,MMUD-PTCy,PTCy_arm,N,Y,N,49,NR,60,50,63,NR,NR,NR,NR,NR,NR,18,12,NR,26.2,4.1,NR,NR,NR,36,NR,NR,DRI,0,0,100,0,0,MMUD,100,0,0,PBSC,0,100,0,investigator_defined,RIC,8.2,0,0,100,0,NR,NR,NR,NR,29,NR,DR_combinations,Y,50,2,"D+3,+4",100,standard_50x2,Y,tacrolimus,NR,NR,NR,N,,,Y,N,N,PTCy combined with tacrolimus (77.6%) or rapamycin/sirolimus (22.4%),Y,NR,NR,NR,NR,none,post_2018,NR,NR,NR,NR,NR,NR,NR,NR,39.4,NR,NR
158,137,MMUD-OTHERS,comparator_arm,N,Y,N,74,NR,58,50,62,NR,NR,NR,NR,NR,NR,23,8.1,NR,28.4,9.5,NR,NR,NR,27,NR,NR,DRI,0,0,100,0,0,MMUD,98.6,1.4,0,PBSC,0,100,0,investigator_defined,RIC,0,0,0,100,0,NR,NR,NR,NR,40,NR,DR_combinations,N,,,,,,Y,tacrolimus,NR,Y,NR,NR,NR,NR,Y,N,N,Sirolimus/tacrolimus (78.4%) mainly with mycophenolate mofetil; others 21.6%,Y,NR,NR,NR,pre_transplant,none,pre_2018,NR,NR,NR,NR,NR,NR,NR,NR,37.8,NR,NR
159,140,haplo-BM (HLA-haploidentical bone marrow with PTCy),PTCy_arm,Y,N,N,182,58.2,60,NR,NR,20,70,NR,NR,53.8,17.6,0,0,0,24.2,0,0,0,4.4,20.3,65.9,7.7,DRI,0,0,0,100,0,haplo,0,100,0,BM,0,100,0,investigator_defined,RIC,100,0,0,100,100,59.3,NR,NR,NR,NR,NR,R_only,Y,50,2,"+3,+4",100,standard_50x2,Y,tacrolimus,5-15,Y,NR,N,,,N,N,N,,N,,,,,era_proxy_only,mixed_spans_era,NR,NR,NR,NR,NR,NR,NR,NR,28,NR,NR
160,140,dUCB (double unrelated umbilical cord blood),comparator_arm,Y,N,N,186,52.2,58,NR,NR,20,70,NR,NR,52.7,16.7,0,0,0,28,0,0,0,2.7,18.8,64,12.4,DRI,0,0,0,0,100,UCB,0,0,100,UCB,0,100,0,investigator_defined,RIC,100,0,0,100,0,56.3,,NR,NR,NR,NR,R_only,N,,,,,,Y,cyclosporine,200-400,Y,up to 3000,N,,,N,N,N,,N,,,,,era_proxy_only,mixed_spans_era,NR,NR,NR,NR,NR,NR,NR,NR,35,NR,NR
161,141,Triple PTCY based,PTCy_arm,Y,N,N,188,NR,NR,NR,NR,NR,NR,NR,NR,NR,NR,NR,NR,NR,NR,NR,NR,NR,NR,NR,NR,NR,NR,NR,NR,NR,NR,NR,NR,NR,NR,NR,NR,NR,NR,NR,investigator_defined,MAC,NR,NR,NR,NR,NR,NR,NR,NR,NR,NR,NR,NR,Y,50,2,"D+3,+4",100,standard_50x2,Y,cyclosporine,NR,Y,NR,N,,,N,N,N,,N,,,,,NR,post_2018,NR,NR,NR,NR,NR,NR,NR,NR,NR,NR,NR
162,141,Triple MTX based,comparator_arm,Y,N,N,43,NR,NR,NR,NR,NR,NR,NR,NR,NR,NR,NR,NR,NR,NR,NR,NR,NR,NR,NR,NR,NR,NR,NR,NR,NR,NR,NR,NR,NR,NR,NR,NR,NR,NR,NR,investigator_defined,NR,NR,NR,NR,NR,NR,NR,NR,NR,NR,NR,NR,NR,N,,,,,,Y,cyclosporine,NR,Y,NR,Y,NR,NR,N,N,N,,N,,,,,NR,mixed_spans_era,NR,NR,NR,NR,NR,NR,NR,NR,NR,NR,NR
163,142,Haplo + PT-Cy,PTCy_arm,N,Y,N,279,NR,58,NR,NR,18,79,NR,NR,83.5,0,16.5,0,0,0,0,0,0,0,24.4,24,50.9,EBMT_risk_score,0,0,0,100,0,haplo,73.5,25.4,0,PBSC,56.3,43.7,0,investigator_defined,MAC,15.8,0,0,0,100,67.8,NR,47.7,6.8,20.1,25.1,DR_combinations,Y,NR,NR,NR,NR,NR,Y,NR,NR,Y,NR,N,,,N,N,N,,N,,,,,NR,mixed_spans_era,NR,NR,NR,NR,NR,NR,NR,NR,35.6,NR,NR
164,142,9/10-MUD + ATG,comparator_arm,N,Y,N,1134,NR,58,NR,NR,18,77,NR,NR,76.4,0,23.6,0,0,0,0,0,0,0,25.9,26.8,47.2,EBMT_risk_score,0,0,100,0,0,MMUD,95.1,4.8,0,PBSC,51.2,48.3,0,investigator_defined,MAC,24.9,0,100,0,0,59,NR,34.8,11.9,24.2,27.2,DR_combinations,N,,,,,,Y,NR,NR,mixed,NR,mixed,NR,NR,N,N,N,"CNI+MMF 49.2%, CNI+MTX 38.4%, CNI alone 9.5%, other 1.4%",Y,NR,NR,NR,pre_transplant,NR,mixed_spans_era,NR,NR,NR,NR,NR,NR,NR,NR,30.5,NR,NR
165,144,haplo-HSCT,PTCy_arm,Y,N,N,117,47,24,NR,NR,2,57,NR,NR,0,0,0,0,0,0,0,0,100,0,NR,NR,NR,,0,0,0,100,0,haplo,NR,NR,0,mixed,NR,NR,NR,investigator_defined,mixed,0,0,NR,NR,100,NR,NR,NR,NR,NR,NR,NR,mixed,NR,NR,NR,NR,NR,Y,mixed,NR,Y,NR,mixed,short-term MTX in ATG-based and PT-CY-based regimens,NR,N,N,Y,"Mesenchymal stem cells (MSCs) 1x10^6/kg on days 0, +7, +14, +21, +28 in ATG-based+MSCs subgroup (60/117 = 51.3%)",Y,NR,10,standard_4.5_to_10_rabbit,pre_transplant,NR,mixed_spans_era,mixed,mixed,NR,fluoroquinolone,TMP_SMX,PCR_qPCR,1,NR,21.4,NR,NR
166,144,MSD-HSCT,comparator_arm,Y,N,N,39,46.2,27,NR,NR,10,45,NR,NR,0,0,0,0,0,0,0,0,100,0,NR,NR,NR,,100,0,0,0,0,MSD,NR,NR,0,mixed,NR,NR,NR,investigator_defined,mixed,0,100,0,0,0,NR,NR,NR,NR,NR,NR,NR,mixed,NR,NR,NR,NR,NR,Y,mixed,NR,Y,NR,mixed,short-term MTX in ATG-based and PT-CY-based regimens,NR,N,N,Y,"Mesenchymal stem cells (MSCs) 1x10^6/kg on days 0, +7, +14, +21, +28 in ATG-based+MSCs subgroup (17/39 = 43.6%)",Y,NR,10,standard_4.5_to_10_rabbit,pre_transplant,NR,mixed_spans_era,mixed,mixed,NR,fluoroquinolone,TMP_SMX,PCR_qPCR,1,NR,23.1,NR,NR
167,146,ATG-PTCy,PTCy_arm,N,N,Y,148,44,58,NR,NR,18,73,NR,NR,51.4,11.5,21.6,9.5,NR,6.08,NR,NR,,NR,18.9,NR,NR,DRI,0,0,0,100,0,haplo,NR,NR,0,NR,30.4,NR,NR,investigator_defined,NR,NR,,,,100,82.4,56.1,NR,NR,NR,NR,DR_combinations,Y,50,2,"+3,+4",100,standard_50x2,Y,mixed,NR,N,,N,,,N,N,N,,Y,NR,4.5,low_le_4.5_rabbit,pre_transplant,NR,mixed_spans_era,NR,NR,NR,NR,NR,NR,NR,NR,22,NR,NR
168,146,PTCy,comparator_arm,N,N,Y,237,35.4,57,NR,NR,18,73,NR,NR,50.6,17.7,16,6.3,NR,9.32,NR,NR,,NR,13.9,NR,NR,DRI,0,0,0,100,0,haplo,NR,NR,0,NR,40.5,NR,NR,investigator_defined,NR,NR,,,,100,70.5,48.1,NR,NR,NR,NR,DR_combinations,Y,50,2,"+3,+4",100,standard_50x2,Y,NR,NR,Y,NR,N,,,N,N,N,,N,,,,,NR,mixed_spans_era,NR,NR,NR,NR,NR,NR,NR,NR,30,NR,NR
169,151,PTCY,PTCy_arm,N,Y,N,117,61,40,NR,NR,19,79.5,NR,NR,0,100,0,0,0,0,0,0,0,0,NR,NR,NR,NR,0,100,0,0,0,MUD,96,4,0,PBSC,77,23,0,EBMT,MAC,56,100,0,0,0,65,45,NR,NR,NR,NR,DR_combinations,Y,NR,NR,NR,NR,NR,Y,mixed,NR,Y,NR,N,,,Y,N,N,,N,,,,,NR,mixed_spans_era,NR,NR,NR,NR,NR,NR,NR,NR,31,NR,NR
170,151,ATG,comparator_arm,N,Y,N,779,57,43,NR,NR,18,72,NR,NR,0,100,0,0,0,0,0,0,0,0,NR,NR,NR,NR,0,100,0,0,0,MUD,92,8,0,PBSC,81.5,18.5,0,EBMT,MAC,63,100,0,0,0,64,44,NR,NR,NR,NR,DR_combinations,N,,,,,,Y,mixed,NR,Y,NR,Y,NR,NR,N,N,N,,Y,rabbit_thymoglobulin,NR,NR,pre_transplant,NR,mixed_spans_era,NR,NR,NR,NR,NR,NR,NR,NR,30,NR,NR
171,158,Haplo-HCT with PT-Cy (whole cohort),PTCy_arm,N,N,N,138,50,NR,NR,NR,NR,NR,NR,NR,67.4,NR,10.9,NR,NR,NR,NR,NR,NR,21.7,36.2,42.8,2.9,refined_DRI,0,0,0,100,0,haplo,100,0,0,PBSC,42,58,NR,investigator_defined,RIC,NR,NR,NR,NR,100,58,NR,31.2,13,26.8,29,DR_combinations,Y,NR,NR,NR,NR,NR,Y,tacrolimus,NR,Y,NR,N,,,NR,N,Y,Tacro/MMF in 124/138 (89.9%); 'Other' immune prophylaxis in 14/138 (10.1%) - regimens not specified,N,,,,,none,pre_2018,NR,NR,NR,NR,NR,PCR_qPCR,NR,NR,31.9,NR,NR
172,166,"ATG-PTCy group (reduced-dose ATG 7.5 mg/kg + PTCy 20 mg/kg/d d+3,+4)",PTCy_arm,Y,N,N,30,63.3,36,NR,NR,18,62,NR,NR,56.7,23.3,20,0,0,0,0,0,0,0,53.3,NR,NR,DRI,0,0,0,100,0,haplo,50,0,0,mixed,100,0,0,investigator_defined,MAC,0,0,0,0,100,NR,NR,NR,NR,NR,NR,NR,Y,20,2,"+3,+4",40,reduced_40x2,Y,cyclosporine,150-250,Y,1000,Y,"d+1,+3,+6,+11 short-course",NR,N,N,N,,Y,rabbit_thymoglobulin,7.5,standard_4.5_to_10_rabbit,pre_transplant,none,post_2018,posaconazole,Y,NR,fluoroquinolone,TMP_SMX,PCR_qPCR,NR,NR,16.7,NR,0
173,166,ATG group (standard-dose ATG 10 mg/kg),comparator_arm,Y,N,N,31,67.7,34,NR,NR,4,60,NR,NR,48.4,35.5,12.9,0,0,0,0,0,0,3.2,51.6,NR,NR,DRI,0,0,0,100,0,haplo,54.8,0,0,mixed,100,0,0,investigator_defined,MAC,0,0,0,0,100,NR,NR,NR,NR,NR,NR,NR,N,,,,,,Y,cyclosporine,150-250,Y,1000,Y,"d+1,+3,+6,+11 short-course",NR,N,N,N,,Y,rabbit_thymoglobulin,10,standard_4.5_to_10_rabbit,pre_transplant,none,post_2018,posaconazole,Y,NR,fluoroquinolone,TMP_SMX,PCR_qPCR,NR,NR,25.8,NR,3.2
174,167,Haplo-HSCT (PTCY),PTCy_arm,Y,Y,N,16,68.8,52,NR,NR,45,66,NR,NR,0,0,0,0,0,100,0,0,0,0,31,25,13,refined_DRI,0,0,0,100,0,haplo,31,69,0,BM,0,100,0,investigator_defined,RIC,0,0,0,0,100,50,25,25,0,25,50,DR_combinations,Y,50,2,"+3,+4",100,standard_50x2,Y,tacrolimus,NR,Y,NR,N,,,N,N,N,,N,,,,,none,pre_2018,NR,NR,NR,NR,NR,NR,NR,NR,13,NR,NR
175,167,"MRD-HSCT (CNI-based, no ATG)",comparator_arm,Y,N,N,16,75,53,NR,NR,42,62,NR,NR,0,0,0,0,0,100,0,0,0,0,37,25,19,refined_DRI,100,0,0,0,0,MSD,94,6,0,PBSC,0,100,0,investigator_defined,RIC,62.5,100,0,0,0,56,44,31,13,25,31,DR_combinations,N,,,,,,Y,NR,NR,Y,NR,Y,NR,NR,Y,N,N,13 of 16 (81%) CNI-MMF; 1 (6%) CNI-MTX; 2 (13%) Sirolimus-MMF,N,,,,,none,pre_2018,NR,NR,NR,NR,NR,NR,NR,NR,50,NR,NR
176,167,URD-HSCT (ATG + CNI-based),comparator_arm,Y,Y,N,16,50,51,NR,NR,44,67,NR,NR,0,0,0,0,0,100,0,0,0,0,12.5,44,12.5,refined_DRI,0,100,0,0,0,MUD,100,0,0,PBSC,0,100,0,investigator_defined,RIC,44,100,0,0,0,44,31,25,6,19,50,DR_combinations,N,,,,,,Y,NR,NR,Y,NR,N,,,Y,N,N,15 of 16 (94%) CNI-MMF; 1 (6%) Sirolimus-MMF,Y,NR,45,high_gt_10_rabbit_ATLG,pre_transplant,none,pre_2018,NR,NR,NR,NR,NR,NR,NR,NR,44,NR,NR
177,168,Haplo-HCT,PTCy_arm,Y,Y,N,237,35,54,NR,NR,18,76,NR,NR,0,0,0,0,0,100,0,0,0,0,NR,NR,NR,NR,0,0,0,100,0,haplo,69,31,0,PBSC,27,73,NR,investigator_defined,RIC,NR,0,0,100,100,NR,NR,NR,NR,NR,NR,NR,Y,NR,NR,NR,NR,NR,mixed,NR,NR,mixed,NR,N,,,NR,N,NR,NR,N,,,,,NR,mixed_spans_era,NR,NR,NR,NR,NR,NR,NR,NR,33,NR,NR
178,168,MSD HCT,comparator_arm,Y,N,N,911,35,51,NR,NR,18,77,NR,NR,0,0,0,0,0,100,0,0,0,0,NR,NR,NR,NR,100,0,0,0,0,MSD,93,7,0,PBSC,38,62,NR,investigator_defined,RIC,NR,100,0,0,0,NR,NR,NR,NR,NR,NR,NR,N,,,,,,Y,NR,NR,NR,NR,NR,NR,NR,NR,N,NR,MSD recipients received CNI-based GVHD prophylaxis WITHOUT ATG/alemtuzumab in vivo TCD,N,,,,,NR,mixed_spans_era,NR,NR,NR,NR,NR,NR,NR,NR,31,NR,NR
179,168,MUD TCD+ (with in vivo T-cell depletion),comparator_arm,Y,Y,N,468,35,53,NR,NR,18,75,NR,NR,0,0,0,0,0,100,0,0,0,0,NR,NR,NR,NR,0,100,0,0,0,MUD,94,6,0,PBSC,33,67,NR,investigator_defined,RIC,NR,100,0,0,0,NR,NR,NR,NR,NR,NR,NR,N,,,,,,Y,NR,NR,NR,NR,NR,NR,NR,NR,N,Y,MUD recipients with in vivo T-cell depletion using ATG or alemtuzumab plus CNI-based prophylaxis,Y,other,NR,mixed,pre_transplant,NR,mixed_spans_era,NR,NR,NR,NR,NR,NR,NR,NR,30,NR,NR
180,168,MUD TCD- (without in vivo T-cell depletion),comparator_arm,Y,N,N,326,37,54,NR,NR,18,74,NR,NR,0,0,0,0,0,100,0,0,0,0,NR,NR,NR,NR,0,100,0,0,0,MUD,93,7,0,PBSC,27,73,NR,investigator_defined,RIC,NR,100,0,0,0,NR,NR,NR,NR,NR,NR,NR,N,,,,,,Y,NR,NR,NR,NR,NR,NR,NR,NR,N,NR,CNI-based prophylaxis without ATG/alemtuzumab in vivo T-cell depletion,N,,,,,NR,mixed_spans_era,NR,NR,NR,NR,NR,NR,NR,NR,37,NR,NR
181,170,PTCy-haplo,PTCy_arm,Y,N,N,1142,62.4,54,NR,NR,16,76,NR,NR,NR,NR,NR,NR,NR,NR,NR,NR,NR,NR,48.4,NR,51.6,refined_DRI,0,0,0,100,0,haplo,93.8,6.2,0,PBSC,42,58,NR,investigator_defined,RIC,NR,0,0,0,100,NR,NR,NR,NR,NR,NR,NR,Y,NR,NR,NR,NR,NR,Y,NR,NR,Y,NR,N,,,N,N,N,NR,N,,,,,NR,mixed_spans_era,NR,NR,NR,NR,NR,NR,NR,NR,26.4,NR,NR
182,170,UCB-H (UCB CD34+ >=0.84 x 10^5/kg),comparator_arm,Y,N,N,3185,50,56,NR,NR,16,80,NR,NR,NR,NR,NR,NR,NR,NR,NR,NR,NR,NR,50.7,NR,49.3,refined_DRI,0,0,0,0,100,UCB,0,0,100,UCB,59.5,40.5,NR,investigator_defined,MAC,NR,NR,NR,NR,0,NR,NR,NR,NR,NR,NR,NR,N,,,,,,Y,NR,NR,mixed,NR,mixed,NR,NR,N,N,N,"GVHD prophylaxis: CNI+MMF 38.6%, CNI+MTX 54.4%, Other 7.0%",NR,NR,NR,NR,NR,NR,mixed_spans_era,NR,NR,NR,NR,NR,NR,NR,NR,37.3,NR,NR
183,170,UCB-L (UCB CD34+ <0.84 x 10^5/kg),comparator_arm,Y,N,N,3172,64.2,55,NR,NR,16,85,NR,NR,NR,NR,NR,NR,NR,NR,NR,NR,NR,NR,50.3,NR,49.7,refined_DRI,0,0,0,0,100,UCB,0,0,100,UCB,58.4,41.6,NR,investigator_defined,MAC,NR,NR,NR,NR,0,NR,NR,NR,NR,NR,NR,NR,N,,,,,,Y,NR,NR,mixed,NR,mixed,NR,NR,N,N,N,"GVHD prophylaxis: CNI+MMF 38.4%, CNI+MTX 51.5%, Other 10.1%",NR,NR,NR,NR,NR,NR,mixed_spans_era,NR,NR,NR,NR,NR,NR,NR,NR,34.4,NR,NR
184,178,Haploidentical (haplo-HSCT with PTCy),PTCy_arm,Y,N,N,118,59,58,NR,NR,18,73,NR,NR,NR,NR,NR,NR,NR,22,NR,NR,NR,12.7,NR,NR,NR,NR,0,0,0,100,0,haplo,93.2,6.8,0,PBSC,29.7,70.3,NR,investigator_defined,RIC,NR,0,0,NR,100,87.3,72.1,61.9,10.2,25.4,2.5,DR_combinations,Y,50,2,"D+3, D+5",100,other,Y,mixed,NR,Y,NR,NR,NR,NR,Y,N,NR,"GVHD prophylaxis combinations: Tacrolimus-based 41.5%, Cyclosporin A-based 37.3%, Sir/MMF/Cy 16.9%, other 4.2%",Y,NR,NR,NR,NR,NR,mixed_spans_era,NR,NR,NR,NR,NR,PCR_qPCR,1,Varied by center: HCUV >=1500 IU/mL or doubling time <=2.0 days; HCUS >=600 IU/mL; HRUM >=156 IU/mL; HGUGM any level,26.3,NR,NR
185,178,MRD (HLA-matched related donor),comparator_arm,Y,N,N,76,66,54,NR,NR,18,70,NR,NR,NR,NR,NR,NR,NR,32.9,NR,NR,NR,6.6,NR,NR,NR,NR,100,0,0,0,0,MSD,94.7,5.3,0,PBSC,28.9,71.1,NR,investigator_defined,RIC,NR,100,0,0,0,86.8,76.3,69.7,6.6,17.1,6.6,DR_combinations,N,,,,,,Y,mixed,NR,NR,NR,NR,NR,NR,Y,N,NR,"aGvHD prophylaxis: CsA-based 80.3%, Tac-based 5.3%, Tac+Sir 6.6%, Sir/MMF/Cy 5.3%, other 2.6%",Y,NR,NR,NR,NR,NR,mixed_spans_era,NR,NR,NR,NR,NR,PCR_qPCR,1,Varied by center: HCUV >=1500 IU/mL or doubling time <=2.0 days; HRUM >=156 IU/mL,31.6,NR,NR
186,178,MUD (HLA-matched unrelated donor),comparator_arm,Y,N,N,62,52,55,NR,NR,18,70,NR,NR,NR,NR,NR,NR,NR,24.2,NR,NR,NR,1.6,NR,NR,NR,NR,0,100,0,0,0,MUD,91.9,4.8,3.2,PBSC,22.6,77.4,NR,investigator_defined,RIC,NR,100,0,0,0,88.7,41.9,38.7,3.2,50,8.1,DR_combinations,N,,,,,,Y,mixed,NR,NR,NR,NR,NR,NR,Y,N,NR,"aGvHD prophylaxis: Tac+Sir 54.8%, CsA-based 29%, Sir/MMF/Cy 8.1%, Tac-based 6.5%, other 1.6%",Y,NR,NR,NR,NR,NR,mixed_spans_era,NR,NR,NR,NR,NR,PCR_qPCR,1,Varied by center: HCUV >=1500 IU/mL or doubling time <=2.0 days; HRUM >=156 IU/mL,27.4,NR,NR
187,178,HLA mismatched (MMRD/MMUD),comparator_arm,Y,N,N,27,52,50,NR,NR,19,67,NR,NR,NR,NR,NR,NR,NR,59.3,NR,NR,NR,7.4,NR,NR,NR,NR,0,0,11.1,0,0,MMUD,70.4,11.1,18.5,PBSC,37,63,NR,investigator_defined,RIC,NR,0,NR,NR,0,81.4,51.8,44.4,7.4,37,11.1,DR_combinations,N,,,,,,Y,mixed,NR,NR,NR,NR,NR,NR,Y,N,NR,"aGvHD prophylaxis: Tac+Sir 48.1%, CsA-based 40.7%, Tac-based 7.4%, Sir/MMF/Cy 3.7%",Y,NR,NR,NR,NR,NR,mixed_spans_era,NR,NR,NR,NR,NR,PCR_qPCR,1,Varied by center: HCUV >=1500 IU/mL or doubling time <=2.0 days; HRUM >=156 IU/mL,18.5,NR,NR
188,180,PTCy-Siro,PTCy_arm,Y,N,N,29,51.7,48,NR,NR,24,69,NR,NR,10.3,6.9,13.8,3.4,6.9,44.8,0,0,0,13.8,NR,NR,NR,NR,27.6,72.4,0,0,0,MUD,86.2,13.8,0,PBSC,27.6,72.4,0,investigator_defined,RIC,17.2,100,0,0,0,62.1,44.8,NR,NR,NR,NR,DR_combinations,Y,50,2,"+3,+4",100,standard_50x2,N,,,N,,N,,,Y,N,N,,N,,,,,NR,post_2018,NR,NR,NR,NR,NR,NR,NR,NR,17.2,NR,NR
189,180,Tac-MTX,comparator_arm,Y,N,N,87,47.1,61,NR,NR,20,73,NR,NR,37.9,13.8,24.1,13.8,2.3,6.9,0,0,1.1,0,NR,NR,NR,NR,32.2,67.8,0,0,0,MUD,97.7,2.3,0,PBSC,34.5,65.5,0,investigator_defined,RIC,5.7,100,0,0,0,69,32.6,NR,NR,NR,NR,DR_combinations,N,,,,,,Y,tacrolimus,10-15 to D+30 then 5-10,N,,Y,"15 mg/m2 D+1, 10 mg/m2 D+3, +6, +11",45,N,N,N,,N,,,,,NR,post_2018,NR,NR,NR,NR,NR,NR,NR,NR,34.5,NR,NR
190,183,Cohort A: MRD/MUD CNI-based,comparator_arm,Y,N,N,94,53,52,NR,NR,22,72,NR,NR,46,13,15,NR,NR,NR,NR,NR,NR,26,55,34,11,DRI,84,16,0,0,0,MSD,NR,NR,0,NR,81,19,NR,investigator_defined,MAC,NR,NR,NR,NR,0,73,58,47,11,26,16,DR_combinations,N,,,,,,Y,NR,NR,NR,NR,NR,NR,NR,NR,N,NR,NR,NR,NR,NR,NR,NR,none,pre_2018,NR,NR,NR,NR,NR,PCR_qPCR,1,>500 IU/mL viral copies by Roche cobas CMV qPCR,35,NR,NR
191,183,Cohort B: MRD/MUD 1-dose PTCy/Tac/MMF,PTCy_arm,Y,N,N,103,50,53,NR,NR,19,72,NR,NR,42,9,24,NR,NR,NR,NR,NR,NR,25,60,29,11,DRI,2,98,0,0,0,MUD,NR,NR,0,NR,92,8,NR,investigator_defined,MAC,NR,NR,NR,NR,0,74,56,51,5,23,21,DR_combinations,Y,50,1,D+3,50,single_dose,Y,tacrolimus,NR,Y,NR,N,,,N,N,NR,NR,NR,NR,NR,NR,NR,none,pre_2018,NR,NR,NR,NR,NR,PCR_qPCR,1,>500 IU/mL viral copies by Roche cobas CMV qPCR,33,NR,NR
192,183,Cohort C: Haplo 2-dose PTCy/Tac/MMF,PTCy_arm,Y,N,N,28,57,50,NR,NR,20,66,NR,NR,61,11,4,NR,NR,NR,NR,NR,NR,24,56,36,8,DRI,0,0,0,100,0,haplo,NR,NR,0,NR,93,7,NR,investigator_defined,MAC,NR,0,NR,NR,100,82,57,50,7,32,11,DR_combinations,Y,50,2,"D+3,+4",100,standard_50x2,Y,tacrolimus,NR,Y,NR,N,,,N,N,NR,NR,NR,NR,NR,NR,NR,none,pre_2018,NR,NR,NR,NR,NR,PCR_qPCR,1,>500 IU/mL viral copies by Roche cobas CMV qPCR,28,NR,NR
193,184,haplo-PBSCT,PTCy_arm,Y,N,N,87,56.3,61,NR,NR,55,72,NR,NR,78.2,0,20.7,0,0,0,0,0,0,1.1,56.3,NR,43.7,refined_DRI,0,0,0,100,0,haplo,100,0,0,PBSC,0,100,0,investigator_defined,RIC,100,0,0,0,100,NR,NR,NR,NR,NR,NR,NR,Y,50,1,d+3,50,single_dose,Y,cyclosporine,200-300,Y,"45 mg/kg/d (15 mg/kg TID, max 3 g/d) d+4 to d+34",N,,,N,N,N,,Y,rabbit_thymoglobulin,5,low_le_4.5_rabbit,pre_transplant,select_high_risk,mixed_spans_era,posaconazole,Y,until at least 3 months post-transplant,NR,NR,PCR_qPCR,1-2,>1000 copies/ml (pre-Aug 2022),9.2,NR,NR
194,184,MUD/MSD-PBSCT,comparator_arm,Y,N,N,40,50,61.5,NR,NR,55,72,NR,NR,75,0,22.5,0,0,0,0,0,0,2.5,57.5,NR,42.5,refined_DRI,52.5,47.5,0,0,0,mixed,100,0,0,PBSC,0,100,0,investigator_defined,RIC,100,NR,NR,NR,0,NR,NR,NR,NR,NR,NR,NR,mixed,50,1,d+3 (only 18/40 patients received PTCy),50,single_dose,Y,cyclosporine,200-300,Y,30 mg/kg/d (15 mg/kg BID) for 30 days in subset; varies by subgroup,mixed,"10 mg/m2 d+1, 5 mg/m2 d+3 and d+6 (22/40 patients)",20,N,N,N,,Y,rabbit_thymoglobulin,5,low_le_4.5_rabbit,pre_transplant,select_high_risk,mixed_spans_era,posaconazole,Y,until at least 3 months post-transplant,NR,NR,PCR_qPCR,1-2,>1000 copies/ml (pre-Aug 2022),12.3,NR,NR
195,185,PTCy,PTCy_arm,N,Y,N,82,54.9,60,NR,NR,21,75,NR,NR,NR,NR,26,NR,NR,13,NR,NR,NR,NR,20,39,41,investigator_defined,0,0,100,0,0,MMUD,50,50,0,mixed,41,NR,NR,investigator_defined,NR,NR,0,0,100,0,67,NR,NR,NR,NR,NR,R_only,Y,50,2,"+3,+4",100,standard_50x2,Y,mixed,tacrolimus 5-10 ng/mL; sirolimus 3-12 ng/mL,Y,10-15 mg/kg TID PO/IV,N,,,Y,N,N,,N,,,,,select_high_risk,mixed_spans_era,NR,NR,NR,NR,NR,NR,NR,NR,NR,NR,NR
196,185,ATG,comparator_arm,N,Y,N,46,52.2,55,NR,NR,21,72,NR,NR,NR,NR,24,NR,NR,17,NR,NR,NR,NR,33,39,28,investigator_defined,0,0,100,0,0,MMUD,74,26,0,PBSC,57,NR,NR,investigator_defined,NR,NR,0,0,100,0,80,NR,NR,NR,NR,NR,R_only,N,,,,,,Y,tacrolimus,NR,N,,Y,"D+1, +3, +6, +11",5-15 mg/m2 IV per dose,N,N,N,,Y,rabbit_thymoglobulin,5-7.5,standard_4.5_to_10_rabbit,pre_transplant,select_high_risk,mixed_spans_era,NR,NR,NR,NR,NR,NR,NR,NR,NR,NR,NR
197,187,PTCy-haplo,PTCy_arm,Y,N,N,330,60.9,44.5,NR,NR,16,73,NR,NR,0,100,0,0,0,0,0,0,0,0,25.5,50.3,0,refined_DRI,0,0,0,100,0,haplo,95.5,NR,0,PBSC,50.6,49.4,NR,investigator_defined,mixed,82.4,0,0,0,100,80.6,NR,NR,NR,NR,NR,R_only,Y,NR,NR,NR,NR,NR,NR,NR,NR,NR,NR,NR,NR,NR,NR,N,NR,NR,NR,NR,NR,NR,NR,NR,mixed_spans_era,NR,NR,NR,NR,NR,NR,NR,NR,NR,NR,NR
198,187,UCB,comparator_arm,Y,N,N,1669,53,45,NR,NR,16,74,NR,NR,0,100,0,0,0,0,0,0,0,0,21.1,48.8,0,refined_DRI,0,0,0,0,100,UCB,0,0,100,UCB,54.8,45.1,NR,investigator_defined,mixed,79.3,NR,NR,NR,0,80,,NR,NR,NR,NR,R_only,N,,,,,,NR,NR,NR,NR,NR,NR,NR,NR,NR,N,NR,NR,NR,NR,NR,NR,NR,NR,mixed_spans_era,NR,NR,NR,NR,NR,NR,NR,NR,NR,NR,NR
199,192,PTcy received,PTCy_arm,Y,N,N,49,NR,NR,NR,NR,NR,NR,NR,NR,NR,NR,NR,NR,NR,NR,NR,NR,NR,NR,NR,NR,NR,NR,18.4,53.1,NR,28.6,0,mixed,NR,NR,0,NR,NR,NR,NR,investigator_defined,NR,NR,NR,NR,NR,28.6,NR,NR,NR,NR,NR,NR,NR,Y,50,2,"+3,+5",100,standard_50x2,Y,cyclosporine,NR,Y,NR,N,,,N,N,N,,mixed,NR,NR,NR,pre_transplant,NR,post_2018,fluconazole,N,NR,fluoroquinolone,NR,PCR_qPCR,NR,NR,NR,NR,NR
200,192,PTcy not received,comparator_arm,Y,N,N,29,NR,NR,NR,NR,NR,NR,NR,NR,NR,NR,NR,NR,NR,NR,NR,NR,NR,NR,NR,NR,NR,NR,100,0,0,0,0,MSD,NR,NR,0,NR,NR,NR,NR,investigator_defined,NR,NR,NR,NR,NR,0,NR,NR,NR,NR,NR,NR,NR,N,,,,,,Y,cyclosporine,NR,Y,NR,N,,,N,N,N,,mixed,NR,NR,NR,pre_transplant,NR,post_2018,fluconazole,N,NR,fluoroquinolone,NR,PCR_qPCR,NR,NR,NR,NR,NR
201,196,Haploidentical,PTCy_arm,Y,Y,N,185,63.8,55,NR,NR,18,75,NR,NR,0,0,0,0,0,100,0,0,0,0,7,68.1,24.3,DRI,0,0,0,100,0,haplo,7,93,0,BM,0,NR,NR,CIBMTR,mixed,100,0,0,0,100,NR,NR,NR,NR,NR,NR,DR_combinations,Y,NR,NR,NR,NR,NR,Y,tacrolimus,NR,Y,NR,N,,,N,N,N,,N,,,,,none,pre_2018,NR,NR,NR,NR,NR,NR,NR,NR,27,NR,NR
202,196,URD without ATG,comparator_arm,Y,N,N,491,61.3,55,NR,NR,19,74,NR,NR,0,0,0,0,0,100,0,0,0,0,9.8,53.6,40.5,DRI,0,100,0,0,0,MUD,93.7,6.3,0,PBSC,0,NR,NR,CIBMTR,mixed,23.8,NR,0,0,0,NR,NR,NR,NR,NR,NR,DR_combinations,N,,,,,,Y,mixed,NR,mixed,NR,mixed,NR,NR,mixed,N,N,,N,,,,,none,pre_2018,NR,NR,NR,NR,NR,NR,NR,NR,40,NR,NR
203,196,URD with ATG,comparator_arm,Y,Y,N,241,67.6,55,NR,NR,20,73,NR,NR,0,0,0,0,0,100,0,0,0,0,15.4,53.5,31.1,DRI,0,100,0,0,0,MUD,90.5,9.5,0,PBSC,0,NR,NR,CIBMTR,mixed,1.2,NR,0,0,0,NR,NR,NR,NR,NR,NR,DR_combinations,N,,,,,,Y,mixed,NR,mixed,NR,mixed,NR,NR,mixed,N,N,,Y,NR,NR,NR,pre_transplant,none,pre_2018,NR,NR,NR,NR,NR,NR,NR,NR,49,NR,NR
204,197,Post-AHSCT cyclophosphamide (haploidentical and 9/10 MMUD),PTCy_arm,Y,N,N,49,NR,NR,NR,NR,NR,NR,NR,NR,NR,NR,NR,NR,NR,NR,NR,NR,NR,NR,NR,NR,NR,NR,0,0,NR,NR,0,haplo,NR,NR,0,mixed,NR,NR,NR,investigator_defined,mixed,NR,NR,NR,NR,NR,NR,NR,NR,NR,NR,NR,NR,Y,50,2,"+3,+4",100,standard_50x2,NR,NR,NR,NR,NR,NR,NR,NR,NR,N,NR,NR,NR,NR,NR,NR,NR,NR,mixed_spans_era,NR,NR,NR,NR,NR,PCR_qPCR,2,NR,NR,NR,NR
205,197,No post-AHSCT cyclophosphamide,comparator_arm,Y,N,N,119,NR,NR,NR,NR,NR,NR,NR,NR,NR,NR,NR,NR,NR,NR,NR,NR,NR,NR,NR,NR,NR,NR,NR,NR,NR,NR,NR,mixed,NR,NR,NR,mixed,NR,NR,NR,investigator_defined,mixed,NR,NR,NR,NR,NR,NR,NR,NR,NR,NR,NR,NR,N,,,,,,NR,NR,NR,NR,NR,NR,NR,NR,NR,N,NR,NR,NR,NR,NR,NR,NR,NR,mixed_spans_era,NR,NR,NR,NR,NR,PCR_qPCR,2,NR,NR,NR,NR
206,198,Post-transplant Cy (PTCy + Tacrolimus + MMF),PTCy_arm,Y,N,N,15,53,51,NR,NR,25,68,NR,NR,53.3,26.7,13.3,NR,NR,0,6.7,NR,0,0,NR,NR,NR,NR,100,0,0,0,0,MSD,NR,NR,0,NR,60,40,0,investigator_defined,MAC,NR,NR,NR,NR,0,100,100,100,0,0,0,DR_combinations,Y,50,2,"+3,+4",100,standard_50x2,Y,tacrolimus,5-15,Y,NR,N,,,N,N,N,,N,,,,,none,mixed_spans_era,NR,NR,NR,NR,NR,PCR_qPCR,NR,CMV DNA PCR >1000 copies/mL on two consecutive measurements,13.3,NR,NR
207,198,MTX-CysA (Methotrexate + Cyclosporine A),comparator_arm,Y,N,N,25,60,44,NR,NR,19,65,NR,NR,48,28,0,NR,NR,8,12,NR,0,4,NR,NR,NR,NR,100,0,0,0,0,MSD,NR,NR,0,NR,72,28,0,investigator_defined,MAC,NR,NR,NR,NR,0,100,100,100,0,0,0,DR_combinations,N,,,,,,Y,cyclosporine,200-400,N,,Y,"15 mg/m2 D+1, 10 mg/m2 D+3,+6,+11; calcium folinate D+2,+4,+7,+12",45,N,N,N,,N,,,,,none,mixed_spans_era,NR,NR,NR,NR,NR,PCR_qPCR,NR,CMV DNA PCR >1000 copies/mL on two consecutive measurements,28,NR,NR
208,201,Haplo-HSCT (PTCy),PTCy_arm,Y,N,N,59,54.2,40,24.5,57,NR,NR,NR,NR,NR,NR,NR,NR,NR,27.1,NR,NR,NR,13.6,NR,NR,NR,NR,0,0,0,100,0,haplo,25.4,74.6,0,BM,27.1,33.9,39,investigator_defined,mixed,NR,0,0,0,100,91.5,76.3,NR,NR,NR,NR,DR_combinations,Y,50,2,"+3,+4",100,standard_50x2,Y,tacrolimus,5-15,Y,15 mg/kg/d,N,,,N,N,N,,N,,,,,none,mixed_spans_era,mixed,mixed,until neutrophil recovery,fluoroquinolone,TMP_SMX,PCR_qPCR,1,any detection of CMV DNA in plasma,39,NR,NR
209,201,UD-HSCT (ATG),comparator_arm,Y,N,N,68,57.4,46.5,31.5,61.2,NR,NR,NR,NR,NR,NR,NR,NR,NR,2.9,NR,NR,NR,1.8,NR,NR,NR,NR,0,100,0,0,0,MUD,48.5,51.5,0,mixed,77.9,19.1,2.9,investigator_defined,MAC,NR,NR,NR,NR,0,88.2,67.2,NR,NR,NR,NR,DR_combinations,N,,,,,,Y,NR,NR,N,,Y,"5 mg/m2 D+1, +3, +6, +11",20,N,N,N,,Y,rabbit_thymoglobulin,5,standard_4.5_to_10_rabbit,pre_transplant,none,mixed_spans_era,mixed,mixed,until neutrophil recovery,fluoroquinolone,TMP_SMX,PCR_qPCR,1,any detection of CMV DNA in plasma,47.1,NR,NR
210,203,PTCy GVHD Prophylaxis,PTCy_arm,N,N,Y,99,61.6,48,NR,NR,21,73,NR,NR,40.4,32.3,5.1,6.1,0,10.1,4,1,1,0,5.1,31.3,62.6,DRI,55.6,44.4,0,0,0,MSD,81.8,18.2,0,PBSC,50.1,48.9,1,investigator_defined,mixed,NR,NR,NR,NR,0,NR,NR,NR,NR,20.2,NR,DR_combinations,Y,50,2,"+3,+4",100,standard_50x2,Y,tacrolimus,NR,Y,NR,N,,,N,N,N,,N,,,,,NR,post_2018,NR,NR,NR,NR,NR,NR,NR,NR,16,NR,NR
211,203,Non-PTCy GVHD Prophylaxis (Tac/MTX),comparator_arm,N,N,Y,252,58.7,46,NR,NR,19,74,NR,NR,35.3,24.6,10.7,4,4.8,13.9,2,1.2,3.6,0,14.7,38.9,42.9,DRI,51.6,48.4,0,0,0,MSD,63.9,36.1,0,PBSC,41.3,47.6,11.1,investigator_defined,mixed,NR,NR,NR,NR,0,NR,NR,NR,NR,26.2,NR,DR_combinations,N,,,,,,Y,tacrolimus,NR,N,,Y,NR,NR,N,N,N,,N,,,,,none,pre_2018,NR,NR,NR,NR,NR,NR,NR,NR,33,NR,NR
212,207,PTCy/ATG,PTCy_arm,Y,N,N,21,47.6,45.47,NR,NR,17,49,NR,NR,81,0,4.8,0,14.3,0,0,0,0,0,NR,NR,NR,NR,100,0,0,0,0,MSD,100,0,0,PBSC,100,0,0,investigator_defined,MAC,0,NR,0,0,0,95.2,100,NR,NR,NR,NR,DR_combinations,Y,50,2,"D+3,+4",100,standard_50x2,N,,,N,,N,,,N,N,N,,Y,rabbit_thymoglobulin,5,standard_4.5_to_10_rabbit,pre_transplant,none,pre_2018,fluconazole,N,until_neutrophil_engraftment,fluoroquinolone,NR,NR,1,>600 copies/ml,33.3,NR,0
213,207,MTX/CSA,comparator_arm,Y,N,N,21,57.1,36.2,NR,NR,22,52,NR,NR,57.1,0,4.8,0,38.1,0,0,0,0,0,NR,NR,NR,NR,100,0,0,0,0,MSD,100,0,0,PBSC,100,0,0,investigator_defined,MAC,0,NR,0,0,0,100,100,NR,NR,NR,NR,DR_combinations,N,,,,,,Y,cyclosporine,200-400,N,,Y,"15 mg/m2 D+1, 10 mg/m2 D+3,+6,+11",45,N,N,N,,N,,,,,none,pre_2018,fluconazole,N,until_neutrophil_engraftment,fluoroquinolone,NR,NR,1,>600 copies/ml,66.7,NR,38.1
214,208,Haplo-Cord,comparator_arm,Y,N,N,51,55,39,NR,NR,16,64,NR,NR,100,0,0,0,0,0,0,0,0,0,57,25,18,refined_DRI,0,0,0,0,100,UCB,0,0,100,UCB,100,0,0,investigator_defined,MAC,25,,,,,NR,NR,NR,NR,NR,NR,NR,N,,,,,,Y,cyclosporine,NR,N,,N,,,N,N,Y,"methylprednisolone 1-2 mg/kg from day -2, tapered to suspension by day +10 to +14",Y,NR,4,low_le_4.5_rabbit,pre_transplant,none,pre_2018,NR,NR,NR,NR,NR,NR,NR,NR,9.8,NR,NR
215,208,PTCY-haplo,PTCy_arm,Y,N,N,36,58,38,NR,NR,21,65,NR,NR,100,0,0,0,0,0,0,0,0,0,25,53,22,refined_DRI,0,0,0,100,0,haplo,97,3,0,PBSC,100,0,0,investigator_defined,MAC,0,0,0,0,100,NR,NR,NR,NR,NR,NR,NR,Y,50,2,"+3,+4",100,standard_50x2,Y,cyclosporine,NR,Y,NR,N,,,N,N,N,,N,,,,,none,pre_2018,NR,NR,NR,NR,NR,NR,NR,NR,29,NR,NR
216,209,PTCy,PTCy_arm,Y,N,N,57,65,51,NR,NR,18,67,NR,NR,NR,18,NR,NR,NR,18,NR,NR,NR,18,20,75,5,DRI,100,0,0,0,0,MSD,86,14,0,PBSC,40,60,0,investigator_defined,RIC,NR,100,0,0,0,NR,NR,NR,NR,NR,NR,NR,Y,50,2,"+3,+5 (65%) or +3,+4 (35%)",100,standard_50x2,Y,cyclosporine,NR,mixed,10 mg/kg q8h (35% of arm only),N,,,N,N,N,,N,,,,,none,pre_2018,NR,NR,NR,NR,NR,NR,NR,NR,22.6,NR,NR
217,209,CsA-MTX,comparator_arm,Y,N,N,50,68,49,NR,NR,16,65,NR,NR,NR,22,NR,NR,NR,18,NR,NR,NR,10,26,70,4,DRI,100,0,0,0,0,MSD,96,4,0,PBSC,64,36,0,investigator_defined,MAC,NR,100,0,0,0,NR,NR,NR,NR,NR,NR,NR,N,,,,,,Y,cyclosporine,NR,N,,Y,"MTX 15 mg/m2 D+1, 10 mg/m2 D+3,+6 (44%) or D+3,+6,+11 (56%)",35 or 45,N,N,N,,N,,,,,none,pre_2018,NR,NR,NR,NR,NR,NR,NR,NR,52.2,NR,22
218,211,Posttransplant cyclophosphamide (PTCy),PTCy_arm,N,Y,N,49,NR,NR,NR,NR,NR,NR,NR,NR,NR,NR,NR,NR,NR,NR,NR,NR,NR,NR,NR,NR,NR,NR,NR,NR,NR,NR,NR,mixed,NR,NR,NR,PBSC,NR,NR,NR,NR,mixed,NR,NR,NR,NR,NR,NR,NR,NR,NR,NR,NR,NR,Y,NR,NR,NR,NR,NR,Y,NR,NR,NR,NR,NR,NR,NR,NR,N,NR,NR,N,,,,,NR,pre_2018,NR,NR,NR,NR,NR,NR,NR,NR,NR,NR,NR
219,211,ATG-based prophylaxis,comparator_arm,N,Y,N,129,NR,NR,NR,NR,NR,NR,NR,NR,NR,NR,NR,NR,NR,NR,NR,NR,NR,NR,NR,NR,NR,NR,NR,NR,NR,NR,NR,mixed,NR,NR,NR,PBSC,NR,NR,NR,NR,mixed,NR,NR,NR,NR,NR,NR,NR,NR,NR,NR,NR,NR,N,,,,,,Y,NR,NR,NR,NR,NR,NR,NR,NR,N,NR,NR,Y,NR,NR,NR,pre_transplant,NR,pre_2018,NR,NR,NR,NR,NR,NR,NR,NR,NR,NR,NR
220,216,mPTCy group,PTCy_arm,Y,N,N,55,58.2,22,NR,NR,5,58,NR,NR,0,0,0,0,0,0,0,0,100,0,NR,NR,NR,NR,0,0,0,100,0,haplo,7.8,0,0,mixed,NR,NR,NR,investigator_defined,mixed,0,0,0,0,100,NR,NR,NR,NR,NR,NR,NR,Y,50,2,"+3,+4 (2018-2019); +3,+5 (2020-2021)",100,standard_50x2,Y,tacrolimus,8-10,Y,1000-2000 (0.5-1 g q12h),N,,,N,N,N,,Y,other,100 (porcine ALG) or 10 (rabbit ATG),high_gt_10_rabbit_ATLG,pre_transplant,NR,mixed_spans_era,NR,NR,NR,NR,NR,PCR_qPCR,2,>400 copies/mL on 2 consecutive measurements; ganciclovir preemptive therapy,18.4,NR,NR
221,216,G-CSF/ATG group,comparator_arm,Y,N,N,75,62.7,22,NR,NR,7,49,NR,NR,0,0,0,0,0,0,0,0,100,0,NR,NR,NR,NR,0,0,0,100,0,haplo,17.3,0,0,mixed,NR,NR,NR,investigator_defined,MAC,0,0,0,0,100,NR,NR,NR,NR,NR,NR,NR,N,,,,,,Y,cyclosporine,200-250,Y,"1000-2000 (0.5-1 g q12h, same as mPTCy)",Y,investigator-defined per Zhang YY 2020 Clin Transplant reference,NR,N,N,N,,Y,rabbit_thymoglobulin,10,standard_4.5_to_10_rabbit,pre_transplant,NR,mixed_spans_era,NR,NR,NR,NR,NR,PCR_qPCR,2,>400 copies/mL on 2 consecutive measurements; ganciclovir preemptive therapy,19.32,NR,NR
222,217,PTCy,PTCy_arm,Y,N,N,119,62.2,61,NR,NR,21.3,75.7,NR,NR,100,0,0,0,0,0,0,0,0,0,NR,NR,NR,NR,0,0,0,100,0,haplo,59.7,40.3,0,PBSC,33.6,66.4,NR,investigator_defined,RIC,NR,0,0,0,100,76.3,63.9,NR,NR,NR,NR,DR_combinations,Y,NR,NR,NR,NR,NR,NR,NR,NR,NR,NR,NR,NR,NR,NR,N,NR,NR,N,,,,,NR,mixed_spans_era,NR,NR,NR,NR,NR,NR,NR,NR,26.6,NR,NR
223,217,ATG,comparator_arm,Y,N,N,35,57.1,59.7,NR,NR,20.9,72.2,NR,NR,100,0,0,0,0,0,0,0,0,0,NR,NR,NR,NR,0,0,0,100,0,haplo,65.7,34.3,0,PBSC,48.6,51.4,NR,investigator_defined,mixed,NR,0,0,0,100,85.7,67.6,NR,NR,NR,NR,DR_combinations,N,,,,,,NR,NR,NR,NR,NR,NR,NR,NR,NR,N,NR,NR,Y,NR,NR,NR,NR,NR,mixed_spans_era,NR,NR,NR,NR,NR,NR,NR,NR,NR,NR,NR
224,219,PTCy,PTCy_arm,Y,N,N,80,53.8,56,40,64,NR,NR,NR,NR,51.3,16.3,7.5,3.8,0,12.5,0,0,6.3,2.6,NR,NR,NR,NR,0,0,0,100,0,haplo,NR,NR,NR,NR,10,90,NR,investigator_defined,RIC,NR,NR,NR,NR,100,NR,50,50,0,47.5,2.5,DR_combinations,Y,50,2,"+3,+4",100,standard_50x2,Y,NR,NR,Y,NR,N,,,N,N,N,,N,,,,,NR,mixed_spans_era,mixed,mixed,NR,fluoroquinolone,TMP_SMX,NR,NR,NR,NR,NR,NR
225,219,CsA + scMTX,comparator_arm,Y,N,N,500,57.2,42,31,52,NR,NR,NR,NR,38.4,20.2,4.8,1.4,2.8,16.6,4.6,0.8,9.8,0.6,NR,NR,NR,NR,44,52.6,NR,0,NR,MUD,NR,NR,NR,NR,65.4,34.6,NR,investigator_defined,MAC,NR,NR,NR,NR,0,NR,90.6,87.6,3,8.8,0.6,DR_combinations,N,,,,,,Y,cyclosporine,NR,N,,Y,short_course,NR,N,N,N,,mixed,rabbit_thymoglobulin,NR,NR,pre_transplant,NR,mixed_spans_era,fluconazole,N,NR,fluoroquinolone,TMP_SMX,NR,NR,NR,NR,NR,NR
226,221,PTCy-based GVHD prophylaxis (haplo-HSCT),PTCy_arm,Y,N,N,313,58,46,NR,NR,18,77,NR,NR,74,26,0,0,0,0,0,0,0,0,34,29,37,investigator_defined,0,0,0,100,0,haplo,53,47,0,PBSC,41,59,0,EBMT,RIC,NR,0,0,0,100,NR,NR,NR,NR,NR,9,DR_combinations,Y,NR,NR,NR,NR,NR,Y,NR,NR,Y,NR,NR,NR,NR,NR,N,NR,NR,N,,,,,none,pre_2018,NR,NR,NR,NR,NR,NR,NR,NR,31,NR,NR
227,221,ATG-based GVHD prophylaxis (haplo-HSCT),comparator_arm,Y,N,N,196,56,44,NR,NR,18,76,NR,NR,71,29,0,0,0,0,0,0,0,0,43,24,33,investigator_defined,0,0,0,100,0,haplo,72,28,0,PBSC,64,36,0,EBMT,MAC,NR,0,0,0,100,NR,NR,NR,NR,NR,14,DR_combinations,N,,,,,,Y,NR,NR,Y,NR,NR,NR,NR,Y,N,NR,ATG combined with calcineurin inhibitors or sirolimus and MMF,Y,NR,30,NR,pre_transplant,none,pre_2018,NR,NR,NR,NR,NR,NR,NR,NR,34,NR,NR
228,226,CD34-selected graft,comparator_arm,N,N,N,104,54.4,51.2,NR,NR,21.9,66,49.3,11.8,55.3,26.3,16.7,0,0,0,0,0,0,1.8,31.6,NR,58.8,DRI,37.7,62.3,0,0,0,MUD,94.2,5.8,0,PBSC,100,0,0,investigator_defined,MAC,26,NR,0,0,0,43.3,29.8,NR,NR,NR,NR,DR_combinations,N,,,,,,N,,,N,,N,,,N,N,Y,"Ex vivo CD34-selected T-cell-depleted PBSC graft using CliniMACS CD34 Reagent System (Miltenyi Biotec); no post-transplant pharmacologic immunosuppression. Conditioning included rATG in 91.4% (TBI/Cy/thiotepa/rATG 26%, Bu/Mel/Flu/rATG 65.4%).",Y,rabbit_thymoglobulin,NR,NR,pre_transplant,NR,mixed_spans_era,NR,NR,NR,NR,NR,NR,NR,NR,16.3,NR,NR
229,226,Post-transplant cyclophosphamide (PTCy),PTCy_arm,Y,N,N,109,62.3,50.9,NR,NR,19.9,65.6,48.6,11.4,64.9,23.7,9.6,0,0,0,0,0,0,1.8,34.2,NR,58.8,DRI,37.7,62.3,0,0,0,MUD,10.1,89.9,0,BM,100,0,0,investigator_defined,MAC,24.8,NR,0,0,0,49.5,49.5,NR,NR,NR,NR,DR_combinations,Y,50,2,"D+3,+4",100,standard_50x2,N,,,N,,N,,,N,N,N,,N,,,,,NR,mixed_spans_era,NR,NR,NR,NR,NR,NR,NR,NR,37.6,NR,NR
230,226,Tacrolimus and methotrexate (Tac/MTX) control,comparator_arm,Y,N,N,114,54.2,51.3,NR,NR,13.1,64.6,47.9,11.8,63.6,19.5,13.6,0,0,0,0,0,0,3.3,33.9,NR,60.2,DRI,38.1,61.9,0,0,0,MUD,10.5,89.5,0,BM,100,0,0,investigator_defined,MAC,20.2,NR,0,0,0,50,37.7,NR,NR,NR,NR,DR_combinations,N,,,,,,Y,tacrolimus,5-15,N,,Y,"15 mg/m2 IV D+1, 10 mg/m2 IV D+3,+6,+11",45,N,N,N,,N,,,,,NR,mixed_spans_era,NR,NR,NR,NR,NR,NR,NR,NR,29.8,NR,NR
231,232,Haplo (HaploHCT with PTCy),PTCy_arm,Y,N,N,487,62.2,33,24,46,18,73,NR,NR,0,100,0,0,0,0,0,0,0,0,33.5,NR,NR,investigator_defined,0,0,0,100,0,haplo,51.3,48.7,0,mixed,73.5,26.5,0,CIBMTR,MAC,NR,0,0,100,100,79.5,70.6,62.2,8.4,17.2,8.8,DR_combinations,Y,50,2,"+3,+4",100,standard_50x2,Y,NR,NR,Y,NR,N,,,N,N,N,,N,,,,,NR,mixed_spans_era,NR,NR,NR,NR,NR,NR,NR,NR,32,NR,NR
232,232,MUD (8/8 matched unrelated donor with CNI-based prophylaxis +/- ATG),comparator_arm,Y,N,N,974,62.2,36,25,50,18,76,NR,NR,0,100,0,0,0,0,0,0,0,0,33.5,NR,NR,investigator_defined,0,100,0,0,0,MUD,82.8,17.2,0,PBSC,73.5,26.5,0,CIBMTR,MAC,NR,NR,0,0,0,58,37.7,28.5,9.1,29,28.2,DR_combinations,N,,,,,,Y,NR,NR,Y,NR,Y,NR,NR,Y,N,N,,Y,NR,NR,NR,pre_transplant,NR,mixed_spans_era,NR,NR,NR,NR,NR,NR,NR,NR,33,NR,NR
233,236,PTCy,PTCy_arm,N,Y,N,123,NR,53,NR,NR,18,75,50,13,19,29,2,3,1,13,31,NR,NR,4,NR,NR,NR,NR,25,46,17,NR,0,MUD,100,0,0,PBSC,100,0,0,investigator_defined,MAC,45,72,NR,NR,NR,NR,NR,47,12,7,34,DR_combinations,Y,50,2,"+3,+4",100,standard_50x2,Y,tacrolimus,NR,Y,NR,N,,,N,N,N,,N,,,,,NR,mixed_spans_era,echinocandin_other,N,NR,fluoroquinolone,TMP_SMX,PCR_qPCR,1,NR,40,NR,NR
234,236,ATLG,comparator_arm,N,Y,N,476,NR,53,NR,NR,18,75,50,14,43,10,9,1,3,17,13,NR,NR,4,NR,NR,NR,NR,16,64,20,0,0,MUD,100,0,0,PBSC,100,0,0,investigator_defined,MAC,31,79,NR,NR,0,NR,NR,41,14,13,32,DR_combinations,N,,,,,,Y,mixed,NR,mixed,NR,mixed,NR,NR,N,N,N,,Y,rabbit_grafalon_ATLG,49.8,high_gt_10_rabbit_ATLG,pre_transplant,NR,mixed_spans_era,echinocandin_other,N,NR,fluoroquinolone,TMP_SMX,PCR_qPCR,1,NR,36,NR,NR
235,238,PTCY/TAC/MMF,PTCy_arm,Y,N,N,107,51.4,62,NR,NR,21,78,NR,NR,39.3,12.1,24.3,7.5,2.8,6.5,0,0,0,7.5,14,65.4,15.9,DRI,0,46.7,53.3,0,0,MMUD,100,0,0,PBSC,27.1,72.9,0,CIBMTR,RIC,NR,NR,NR,NR,0,33.7,43,15.9,27.1,17.8,38.3,DR_combinations,Y,50,2,"+3,+4",100,standard_50x2,Y,tacrolimus,NR,Y,NR,N,,,N,N,N,,N,,,,,NR,post_2018,NR,NR,NR,NR,NR,NR,NR,NR,20,NR,NR
236,238,"TAC-based (TAC/MTX, TAC/MTX/Rap, TAC/Rap pooled)",comparator_arm,Y,N,N,463,60.9,64,NR,NR,21,79,NR,NR,38.4,10.4,27.6,7.8,1.1,10.4,0,0,0,4.3,12.5,67.8,14.5,DRI,0,94.2,5.8,0,0,MUD,100,0,0,PBSC,26.6,73.4,0,CIBMTR,RIC,NR,NR,NR,NR,0,41.9,40.4,17.1,23.3,24.8,34.8,DR_combinations,N,,,,,,Y,tacrolimus,NR,N,,Y,"Days +1, +3, +6, +11 (TAC/MTX and TAC/MTX/Rap arms)",NR,Y,N,N,,N,,,,,NR,post_2018,NR,NR,NR,NR,NR,NR,NR,NR,20,NR,NR
237,241,PTCY,PTCy_arm,Y,N,N,184,57.6,63,NR,NR,21,79,NR,NR,62,0,38,0,0,0,0,0,0,0,18.5,65.2,5.4,investigator_defined,2.7,15.8,32.1,48.9,0,haplo,86.4,13.6,0,PBSC,28.8,71.2,0,investigator_defined,RIC,34.8,NR,NR,NR,48.9,NR,NR,NR,NR,NR,NR,NR,Y,50,2,"+3,+4",100,standard_50x2,Y,tacrolimus,NR,NR,NR,N,,,NR,N,NR,NR,N,,,,,NR,post_2018,NR,NR,NR,NR,NR,NR,NR,NR,NR,NR,NR
238,241,No PTCY,comparator_arm,Y,N,N,402,59,63,NR,NR,21,78,NR,NR,64.2,0,35.8,0,0,0,0,0,0,0,18.2,64.4,5.7,investigator_defined,19.9,73.1,6.7,0,0,MUD,91.3,8.7,0,PBSC,37.6,62.4,0,investigator_defined,RIC,0,NR,NR,NR,0,NR,NR,NR,NR,NR,NR,NR,N,,,,,,Y,tacrolimus,NR,N,,Y,NR,NR,mixed,N,N,,N,,,,,NR,post_2018,NR,NR,NR,NR,NR,NR,NR,NR,NR,NR,NR
239,242,PTCy group,PTCy_arm,Y,N,N,41,51.2,50,NR,NR,20,64,NR,NR,36.6,17.1,NR,4.9,NR,22,2.4,7.3,9.8,NR,32,17,27,refined_DRI,0,0,100,0,0,MMUD,17,83,0,BM,56,44,0,investigator_defined,MAC,NR,0,100,0,0,88,41,34,7,54,5,DR_combinations,Y,50,2,"+3,+4",100,standard_50x2,Y,tacrolimus,NR,Y,NR,N,,,N,N,N,,N,,,,,none,pre_2018,NR,NR,NR,NR,NR,NR,NR,NR,37,NR,NR
240,242,Conventional GVHD prophylaxis group,comparator_arm,Y,N,N,72,62.5,54,NR,NR,19,74,NR,NR,41.7,5.6,NR,11.1,NR,25,0,13.9,2.8,NR,26,36,22,refined_DRI,0,0,100,0,0,MMUD,38,63,0,BM,50,50,0,investigator_defined,mixed,NR,0,100,0,0,86,43,36,7,50,7,DR_combinations,N,,,,,,Y,tacrolimus,NR,N,,Y,"5 mg/m2 IV D+1, +3, +6, +11",20,N,N,Y,alemtuzumab n=2 instead of ATG,Y,rabbit_thymoglobulin,NR,NR,pre_transplant,none,pre_2018,NR,NR,NR,NR,NR,NR,NR,NR,36,NR,NR
241,243,Haploidentical group,PTCy_arm,N,N,Y,275,NR,51,NR,NR,18,72,NR,NR,NR,18,NR,NR,NR,17,NR,NR,0,8,35,54,6,DRI,0,0,0,100,0,haplo,34,66,0,BM,24,76,0,investigator_defined,RIC,NR,0,0,0,100,81,55,48,7,33,11,DR_combinations,Y,50,2,"+3,+4",100,standard_50x2,Y,tacrolimus,NR,Y,NR,N,,,N,N,N,,N,,,,,era_proxy_only,mixed_spans_era,NR,NR,NR,NR,NR,NR,NR,NR,40,NR,NR
242,243,MUD group,comparator_arm,N,N,Y,246,NR,61,NR,NR,18,77,NR,NR,NR,4,NR,NR,NR,6,NR,NR,0,15,33,59,4,DRI,0,100,0,0,0,MUD,77,23,0,PBSC,60,40,0,investigator_defined,MAC,NR,NR,0,0,0,70,36,27,9,43,21,DR_combinations,Y,50,2,"+3,+4",100,standard_50x2,Y,tacrolimus,NR,mixed,NR,N,,,N,N,N,,N,,,,,era_proxy_only,mixed_spans_era,NR,NR,NR,NR,NR,NR,NR,NR,48,NR,NR
243,243,MSD group,comparator_arm,N,N,N,140,NR,60,NR,NR,23,72,NR,NR,NR,4,NR,NR,NR,11,NR,NR,0,15,26,67,5,DRI,100,0,0,0,0,MSD,99,0.7,0,PBSC,74,26,0,investigator_defined,MAC,NR,0,0,0,0,77,67,57,10,20,13,DR_combinations,Y,50,2,"+3,+4",100,standard_50x2,Y,tacrolimus,NR,mixed,NR,N,,,N,N,N,,N,,,,,era_proxy_only,mixed_spans_era,NR,NR,NR,NR,NR,NR,NR,NR,39,NR,NR
244,244,MUD Tac/MTX/ATG,comparator_arm,N,N,Y,306,NR,53,NR,NR,18,79,NR,NR,NR,NR,NR,NR,NR,NR,NR,NR,NR,NR,36,NR,NR,DRI,0,100,0,0,0,MUD,64,36,0,PBSC,60,40,NR,investigator_defined,MAC,NR,NR,NR,NR,0,65,NR,NR,NR,NR,NR,R_only,N,,,,,,Y,tacrolimus,7-12,N,,Y,"5 mg/m2 IV days 1, 3, 6, and 11",20,N,N,N,,Y,rabbit_thymoglobulin,4,low_le_4.5_rabbit,pre_transplant,NR,mixed_spans_era,NR,NR,NR,NR,NR,NR,NR,NR,42,NR,16
245,244,MUD PTCy-based,PTCy_arm,N,N,Y,246,NR,61,NR,NR,18,77,NR,NR,NR,NR,NR,NR,NR,NR,NR,NR,NR,NR,40,NR,NR,DRI,0,100,0,0,0,MUD,77,23,0,PBSC,64,36,NR,investigator_defined,MAC,NR,NR,NR,NR,0,63,NR,NR,NR,NR,NR,R_only,Y,50,2,"D+3, D+4",100,standard_50x2,Y,tacrolimus,7-12,mixed,15 mg/kg IV/PO q8h (max 1g/dose) D+5 to D+35 per protocol,N,,,N,N,N,,N,,,,,NR,mixed_spans_era,NR,NR,NR,NR,NR,NR,NR,NR,52,NR,11
246,244,MSD Tac/MTX,comparator_arm,Y,N,N,272,NR,54,NR,NR,18,74,NR,NR,NR,NR,NR,NR,NR,NR,NR,NR,NR,NR,49,NR,NR,DRI,100,0,0,0,0,MSD,96,4,0,PBSC,63,37,NR,investigator_defined,MAC,NR,100,0,0,0,51,NR,NR,NR,NR,NR,R_only,N,,,,,,Y,tacrolimus,7-12,N,,Y,"5 mg/m2 IV days 1, 3, 6, and 11",20,N,N,N,,N,,,,,NR,mixed_spans_era,NR,NR,NR,NR,NR,NR,NR,NR,37,NR,10
247,244,MSD PTCy-based,PTCy_arm,Y,N,N,140,NR,60,NR,NR,23,72,NR,NR,NR,NR,NR,NR,NR,NR,NR,NR,NR,NR,51,NR,NR,DRI,100,0,0,0,0,MSD,99,1,0,PBSC,74,26,NR,investigator_defined,MAC,NR,100,0,0,0,49,NR,NR,NR,NR,NR,R_only,Y,50,2,"D+3, D+4",100,standard_50x2,Y,tacrolimus,7-12,mixed,15 mg/kg IV/PO q8h (max 1g/dose) D+5 to D+35 per protocol,N,,,N,N,N,,N,,,,,NR,mixed_spans_era,NR,NR,NR,NR,NR,NR,NR,NR,44,NR,13
248,245,Younger haploidentical (donor <35 y),PTCy_arm,Y,N,N,187,56,41.4,29.2,55,NR,NR,NR,NR,0,100,0,0,0,0,0,0,0,0,NR,NR,NR,NR,0,0,0,100,0,haplo,58,42,0,PBSC,56,45,NR,CIBMTR,MAC,40,0,0,0,100,72,NR,47,7,25,21,DR_combinations,Y,NR,NR,NR,NR,NR,Y,NR,NR,Y,NR,N,,,NR,N,N,,N,,,,,NR,mixed_spans_era,NR,NR,NR,NR,NR,NR,NR,NR,16.3,NR,NR
249,245,Older MUD (donor >=35 y),comparator_arm,Y,N,N,232,58,42.7,31.3,56.7,NR,NR,NR,NR,0,100,0,0,0,0,0,0,0,0,NR,NR,NR,NR,0,100,0,0,0,MUD,84,16,0,PBSC,76,23,NR,CIBMTR,MAC,60,NR,0,0,0,62,NR,34,15,28,23,DR_combinations,N,,,,,,Y,NR,NR,mixed,NR,mixed,NR,NR,NR,N,Y,"Conventional CNI-based prophylaxis: CNI+methotrexate +/- others (11%), CNI+mycophenolate mofetil +/- others (73%), CNI +/- others (16%). No PTCy. No ATG (excluded).",N,,,,,NR,mixed_spans_era,NR,NR,NR,NR,NR,NR,NR,NR,21.5,NR,NR
250,246,MUD-CNI,comparator_arm,Y,N,N,7272,56.4,61,49,67,18,83,NR,NR,54.1,16.6,29.2,0,0,0,0,0,0,0,31.6,56.7,3.3,DRI,0,100,0,0,0,MUD,87.2,12.8,0,PBSC,47.4,52.6,NR,CIBMTR,RIC,NR,NR,0,0,0,62.2,39,28,11,34.2,26.8,DR_combinations,N,,,,,,Y,mixed,NR,Y,NR,Y,NR,NR,Y,N,N,CNI+MTX or MMF 84.7%; CNI+sirolimus +/- MMF or MTX 15.3%,Y,NR,NR,NR,NR,NR,post_2018,NR,NR,NR,NR,NR,NR,NR,NR,NR,NR,NR
251,246,MUD-PTCy,PTCy_arm,Y,N,N,1681,59.9,62,50,68,18,82,NR,NR,54.1,14.9,31.1,0,0,0,0,0,0,0,28.6,56.6,3.5,DRI,0,100,0,0,0,MUD,92.4,7.6,0,PBSC,39.7,60.3,NR,CIBMTR,RIC,NR,NR,0,0,0,62.2,38.2,27.8,10.4,35.4,26.4,DR_combinations,Y,50,2,"+3,+4",100,standard_50x2,Y,mixed,NR,Y,NR,N,,,Y,N,N,PTCy+CNI+MMF 94.3%; PTCy+sirolimus+MMF 5.7%,Y,NR,NR,NR,NR,NR,post_2018,NR,NR,NR,NR,NR,NR,NR,NR,NR,NR,NR
252,246,MMUD-PTCy,PTCy_arm,N,Y,N,613,45.4,58,46,66,18,79,NR,NR,53.8,20.9,25.3,0,0,0,0,0,0,0,28.2,60.2,2.9,DRI,0,0,100,0,0,MMUD,83.4,16.6,0,PBSC,39.8,60.2,NR,CIBMTR,RIC,NR,0,0,100,0,66.2,48.2,33.4,14.8,31.2,20.6,DR_combinations,Y,50,2,"+3,+4",100,standard_50x2,Y,mixed,NR,Y,NR,N,,,Y,N,N,PTCy+CNI+MMF 83.0%; PTCy+sirolimus+MMF 17.0%,Y,NR,NR,NR,NR,NR,post_2018,NR,NR,NR,NR,NR,NR,NR,NR,NR,NR,NR
253,246,MMUD-CNI,comparator_arm,N,Y,N,459,57.1,58,41.5,67,18,81,NR,NR,52.9,20.3,26.8,0,0,0,0,0,0,0,39,52.1,1.7,DRI,0,0,100,0,0,MMUD,86.1,13.9,0,PBSC,47.7,52.3,NR,CIBMTR,RIC,NR,0,0,100,0,68.8,46.2,37,9.2,31.8,22,DR_combinations,N,,,,,,Y,mixed,NR,Y,NR,Y,NR,NR,Y,N,N,CNI+MTX or MMF 80.6%; CNI+sirolimus +/- MMF or MTX 19.4%,Y,NR,NR,NR,NR,NR,post_2018,NR,NR,NR,NR,NR,NR,NR,NR,NR,NR,NR
254,248,HAPLO and PT-CY,PTCy_arm,Y,N,N,67,61.2,51,NR,NR,17,74,NR,NR,NR,NR,NR,NR,NR,NR,NR,NR,NR,NR,NR,NR,NR,NR,0,0,0,100,0,haplo,0,100,0,BM,88,12,0,investigator_defined,MAC,NR,,,,100,86.9,62.3,NR,NR,NR,NR,DR_combinations,Y,50,2,"+3,+5",100,standard_50x2,Y,cyclosporine,NR,Y,NR,N,,,N,N,N,,N,,,,,none,pre_2018,NR,NR,NR,NR,NR,mixed,2,pp65 >=1/2.5x10^5 cells OR qPCR >1000 genomes/mL,24,NR,NR
255,248,UD and ATG,comparator_arm,Y,N,N,30,56.7,48,NR,NR,19,63,NR,NR,NR,NR,NR,NR,NR,NR,NR,NR,NR,NR,NR,NR,NR,NR,0,100,NR,0,0,MUD,66.7,23.3,10,PBSC,87,13,0,investigator_defined,MAC,NR,NR,NR,NR,0,93.3,36.7,NR,NR,NR,NR,DR_combinations,N,,,,,,Y,cyclosporine,NR,N,,Y,NR,NR,N,N,N,,Y,rabbit_thymoglobulin,7.5,standard_4.5_to_10_rabbit,pre_transplant,none,pre_2018,NR,NR,NR,NR,NR,mixed,2,pp65 >=1/2.5x10^5 cells OR qPCR >1000 genomes/mL,30,NR,NR
256,250,Haploidentical,PTCy_arm,Y,N,N,330,55.8,50,31,59,NR,NR,NR,NR,NR,NR,NR,12.4,NR,NR,NR,NR,0.9,NR,NR,NR,NR,investigator_defined,0,0,0,100,0,haplo,0,100,0,BM,51.8,48.2,0,investigator_defined,MAC,NR,0,0,0,100,NR,NR,NR,NR,NR,NR,NR,Y,50,2,"+3,+5",100,standard_50x2,Y,cyclosporine,NR,Y,NR,N,,,N,N,N,,N,,,,,none,pre_2018,NR,NR,NR,fluoroquinolone,NR,NR,NR,NR,NR,NR,NR
257,250,MRD (Matched Related Donor),comparator_arm,Y,N,N,115,57.4,44,28,53,NR,NR,NR,NR,NR,NR,NR,16.5,NR,NR,NR,NR,10.4,NR,NR,NR,NR,investigator_defined,100,0,0,0,0,MSD,NR,NR,0,NR,64.3,35.7,0,investigator_defined,MAC,NR,100,0,0,0,NR,NR,NR,NR,NR,NR,NR,N,,,,,,Y,cyclosporine,NR,N,,Y,NR,NR,N,N,N,,N,,,,,none,pre_2018,NR,NR,NR,fluoroquinolone,NR,NR,NR,NR,NR,NR,NR
258,250,MUD/MMRD (Matched Unrelated or 1-Ag Mismatched Related),comparator_arm,Y,N,N,81,67.9,47,34,55,NR,NR,NR,NR,NR,NR,NR,17.3,NR,NR,NR,NR,18.5,NR,NR,NR,NR,investigator_defined,0,NR,NR,0,0,MUD,NR,NR,0,NR,58,42,0,investigator_defined,MAC,NR,NR,NR,NR,0,NR,NR,NR,NR,NR,NR,NR,N,,,,,,Y,cyclosporine,NR,N,,Y,NR,NR,N,N,N,,Y,NR,NR,NR,pre_transplant,none,pre_2018,NR,NR,NR,fluoroquinolone,NR,NR,NR,NR,NR,NR,NR
259,250,CBT (Cord Blood Transplant),comparator_arm,Y,N,N,27,59.3,49,33,56,NR,NR,NR,NR,NR,NR,NR,3.7,NR,NR,NR,NR,3.7,NR,NR,NR,NR,investigator_defined,0,0,0,0,100,UCB,0,0,100,UCB,81.5,18.5,0,investigator_defined,MAC,NR,NR,NR,NR,0,NR,NR,NR,NR,NR,NR,NR,N,,,,,,Y,cyclosporine,NR,Y,NR,N,,,N,N,N,,Y,NR,NR,NR,pre_transplant,none,pre_2018,NR,NR,NR,fluoroquinolone,NR,NR,NR,NR,NR,NR,NR
260,253,"MAC (myeloablative conditioning, haplo-PBSCT + PTCy)",comparator_arm,N,N,Y,24,75,47,NR,NR,21,78,NR,NR,71,4,8,4,0,4,4,0,0,4,54,33,8,DRI,0,0,0,100,0,haplo,100,0,0,PBSC,100,0,0,investigator_defined,MAC,NR,0,0,100,100,58,75,50,25,8,17,DR_combinations,Y,NR,NR,NR,NR,NR,Y,tacrolimus,NR,Y,NR,N,,,N,N,N,,N,,,,,NR,mixed_spans_era,NR,NR,NR,NR,NR,NR,NR,NR,NR,NR,NR
261,253,"RIC (reduced intensity conditioning, haplo-PBSCT + PTCy)",PTCy_arm,N,N,Y,65,57,62,NR,NR,22,78,NR,NR,43,15,25,6,0,8,2,0,0,2,37,49,2,DRI,0,0,0,100,0,haplo,100,0,0,PBSC,0,100,0,investigator_defined,RIC,NR,0,0,100,100,64,64,35,29,12,23,DR_combinations,Y,NR,NR,NR,NR,NR,Y,tacrolimus,NR,Y,NR,N,,,N,N,N,,N,,,,,NR,mixed_spans_era,NR,NR,NR,NR,NR,NR,NR,NR,NR,NR,NR
262,254,PTcy,PTCy_arm,N,Y,N,25,52,62,NR,NR,31,76,NR,NR,76,0,24,0,0,0,0,0,0,0,28,68,0,DRI,0,0,100,0,0,MMUD,96,4,0,PBSC,20,80,0,investigator_defined,RIC,NR,0,0,100,0,80,60,44,16,36,4,DR_combinations,Y,50,2,"+3,+4",100,standard_50x2,Y,tacrolimus,NR,Y,NR,N,,,N,N,N,,N,,,,,NR,mixed_spans_era,NR,NR,NR,NR,NR,NR,NR,NR,24.4,NR,NR
263,254,Thymoglobulin,comparator_arm,N,Y,N,51,53,53,NR,NR,22,80,NR,NR,78,0,22,0,0,0,0,0,0,0,39,55,2,DRI,0,0,100,0,0,MMUD,96,4,0,PBSC,59,41,0,investigator_defined,MAC,NR,0,0,100,0,80,59,41,18,39,2,DR_combinations,N,,,,,,Y,tacrolimus,NR,Y,NR,N,,,N,N,N,,Y,rabbit_thymoglobulin,4.5,low_le_4.5_rabbit,pre_transplant,NR,mixed_spans_era,NR,NR,NR,NR,NR,NR,NR,NR,52.9,NR,NR
264,256,Haplo-HSCT with PTCy/Tac/MMF,PTCy_arm,N,N,N,63,31.7,50.69,NR,NR,NR,NR,NR,NR,47.6,12.7,11.1,3.2,NR,19,NR,NR,NR,6.3,NR,NR,NR,NR,0,0,0,100,0,haplo,44.4,55.6,0,BM,6.3,93.7,NR,investigator_defined,RIC,NR,,,,100,NR,NR,NR,NR,NR,NR,NR,Y,NR,NR,NR,NR,NR,Y,tacrolimus,NR,Y,NR,N,,,N,N,N,,N,,,,,NR,NR,NR,NR,NR,NR,NR,NR,NR,NR,NR,NR,NR
265,257,PTCy,PTCy_arm,N,Y,N,132,59.8,55,42.1,63.4,18.1,74.3,NR,NR,41.7,12.9,16.7,6.1,2.2,14.4,1.5,1.5,0,4.5,28,65.2,6.8,DRI,0,0,100,0,0,MMUD,88.6,11.4,0,PBSC,49.2,50.8,NR,EBMT,mixed,23.5,0,0,100,0,NR,NR,41.2,12.2,27.5,19.1,DR_combinations,Y,NR,NR,NR,NR,NR,Y,mixed,NR,Y,NR,Y,NR,NR,Y,N,NR,"Additional GVHD prevention agents (PTCy arm): CSA+MMF based 49.62%, MTX+TACRO based 33.59%, MMF+TACRO/SIRO based 9.92%, CSA based 2.29%, TACRO/SIRO based 0.95%, Other 4.58%. Most common platform: CNI (CSA/TACRO/SIRO) + MMF in 83.2%.",N,,,,,NR,mixed_spans_era,NR,NR,NR,NR,NR,NR,NR,NR,28.6,NR,NR
266,257,ATG,comparator_arm,N,Y,N,318,61.9,52.5,40.1,62.2,18.3,75.9,NR,NR,45.3,16.4,10.7,10.7,3.1,10.3,1.2,0.3,0,3.1,27,64.5,8.5,DRI,0,0,100,0,0,MMUD,91.2,8.8,0,PBSC,59.2,40.8,NR,EBMT,MAC,17.6,0,0,100,0,NR,NR,40.9,7,31.9,20.1,DR_combinations,N,,,,,,Y,mixed,NR,Y,NR,Y,NR,NR,NR,N,NR,"Additional GVHD prevention agents (ATG arm): CSA+MTX based 62.03%, CSA+MMF based 21.84%, MTX+TACRO based 5.06%, CSA based 4.43%, MMF+TACRO/SIRO based 3.48%, Other 2.22%. Most common: CSA+MTX (62.03%).",Y,mixed,NR,mixed,pre_transplant,NR,mixed_spans_era,NR,NR,NR,NR,NR,NR,NR,NR,38.2,NR,NR
267,258,Single-agent PTCy,PTCy_arm,Y,N,N,78,55,34,NR,NR,18,59,NR,NR,48,26,1,NR,14,11,NR,NR,NR,NR,NR,NR,NR,DRI,100,0,0,0,0,MSD,0,100,0,BM,29,71,0,investigator_defined,RIC,NR,100,0,0,0,NR,NR,NR,NR,NR,NR,NR,Y,50,2,"3,4",100,standard_50x2,N,,,N,,N,,,N,N,N,,N,,,,,none,pre_2018,fluconazole,N,NR,TMP_SMX_only,TMP_SMX,NR,NR,NR,8,NR,NR
268,258,CNI-based prophylaxis,comparator_arm,Y,N,N,105,59,31,NR,NR,18,68,NR,NR,49,34,5,NR,4,8,NR,NR,NR,NR,NR,NR,NR,DRI,100,0,0,0,0,MSD,0,100,0,BM,33,67,0,investigator_defined,RIC,NR,100,0,0,0,NR,NR,NR,NR,NR,NR,NR,N,,,,,,Y,mixed,tacrolimus 5-15 ng/ml; cyclosporine 150-350 ng/ml,Y,30 mg/kg from day -1 to day +30,Y,"10-15 mg/m2 days +1, +3, +6",NR,N,N,N,,N,,,,,none,pre_2018,fluconazole,N,NR,TMP_SMX_only,TMP_SMX,NR,NR,NR,27,NR,NR
269,260,PTCy/TAC/MMF,PTCy_arm,Y,N,N,46,43,46,32,52,NR,NR,NR,NR,58.7,41.3,0,0,0,0,0,0,0,0,NR,NR,NR,investigator_defined,33,67,0,0,0,MUD,96,4,0,PBSC,100,0,0,investigator_defined,MAC,43,100,0,0,0,NR,NR,NR,NR,NR,NR,NR,Y,50,2,"+3,+4",100,standard_50x2,Y,tacrolimus,5-10,Y,15 mg/kg q8h D+5 to D+35,N,,,N,N,N,,N,,,,,NR,post_2018,NR,NR,NR,NR,NR,NR,NR,NR,13,NR,NR
270,260,TAC/MTX,comparator_arm,Y,N,N,191,48,48,37,57,NR,NR,NR,NR,71.7,28.3,0,0,0,0,0,0,0,0,NR,NR,NR,investigator_defined,42,58,0,0,0,MUD,77,23,0,PBSC,100,0,0,investigator_defined,MAC,22,100,0,0,0,NR,NR,NR,NR,NR,NR,NR,N,,,,,,Y,tacrolimus,5-10,N,,Y,"D+1 15 mg/m2; D+3,+6,+11 10 mg/m2",45,N,N,N,,N,,,,,NR,post_2018,NR,NR,NR,NR,NR,NR,NR,NR,28.4,NR,NR
271,261,PTCy-Sir-MMF,PTCy_arm,Y,N,N,91,60,53,NR,NR,17,71,NR,NR,72,14,14,0,0,0,0,0,0,0,42,45,11,DRI,48,52,0,0,0,MUD,100,0,0,PBSC,100,0,0,investigator_defined,MAC,0,100,0,0,0,77,NR,NR,NR,NR,NR,R_only,Y,50,2,"D+3,D+4",100,standard_50x2,N,,,Y,3000,N,,,Y,N,N,,N,,,,,none,mixed_spans_era,NR,NR,NR,NR,TMP_SMX,PCR_qPCR,1,CMV DNA >1500 IU/mL or doubling time <=2 days,19,NR,NR
272,261,TCD (CD34+ selected ex vivo T-cell depletion),comparator_arm,Y,N,N,38,45,50,NR,NR,21,71,NR,NR,69,13,18,0,0,0,0,0,0,0,21,71,3,DRI,31,37,31,0,0,mixed,100,0,0,PBSC,100,0,0,investigator_defined,MAC,58,69,31,0,0,68,NR,NR,NR,NR,NR,R_only,N,,,,,,N,,,N,,N,,,N,N,Y,Ex vivo CD34+ selection (CliniMACS) of mobilized PBSC; no post-transplant immunosuppression used,Y,rabbit_thymoglobulin,5,standard_4.5_to_10_rabbit,pre_transplant,none,mixed_spans_era,NR,NR,NR,NR,TMP_SMX,PCR_qPCR,1,CMV DNA >100 copies/mL,11,NR,NR
273,262,Conventional CNI-based,comparator_arm,Y,N,N,270,59.3,34,NR,NR,18,66,NR,NR,0,0,0,0,0,100,0,0,0,0,15.2,NR,84.8,investigator_defined,74,26,0,0,0,MSD,91,9,0,PBSC,31,69,NR,investigator_defined,RIC,18,100,0,0,0,NR,NR,NR,NR,NR,NR,NR,N,,,,,,Y,cyclosporine,NR,Y,NR,Y,NR,NR,N,N,Y,"CsA alone n=21 (8%), CsA+MMF n=74 (27%), CsA+MTX n=137 (51%), Other regimens n=38 (14%)",N,,,,,NR,mixed_spans_era,NR,NR,NR,NR,NR,NR,NR,NR,31,NR,NR
274,262,PTCy,PTCy_arm,Y,N,N,176,58.5,33,NR,NR,19,69,NR,NR,0,0,0,0,0,100,0,0,0,0,17,NR,83,investigator_defined,50,50,0,0,0,mixed,86,14,0,PBSC,25,75,NR,investigator_defined,RIC,23,100,0,0,0,NR,NR,NR,NR,NR,NR,NR,Y,NR,NR,NR,NR,NR,Y,other,NR,Y,NR,Y,NR,NR,Y,N,Y,"PTCy + 2 IS: CsA+MMF n=67, Tac+MMF n=34, Siro+MMF n=20, other n=5 (subtotal 126; 72%); PTCy + 1 IS: CsA n=19, everolimus n=6, Tac n=7, MMF n=4, MTX n=3, Siro n=2 (subtotal 41; 23%); PTCy alone n=9 (5%)",N,,,,,NR,mixed_spans_era,NR,NR,NR,NR,NR,NR,NR,NR,26,NR,NR
275,263,PTCy-haplo,PTCy_arm,Y,Y,N,489,61.1,55,44,63,NR,NR,NR,NR,100,0,0,0,0,0,0,0,0,0,24.1,58.7,12.5,investigator_defined,0,0,0,100,0,haplo,100,0,0,PBSC,48.5,51.5,0,CIBMTR,mixed,85.7,0,0,NR,100,NR,NR,NR,NR,NR,NR,NR,Y,50 (49.7%) or 40 (32.5%) or other (17.8%),2,D+3 and D+4 (typical),100 (49.7%) or 80 (32.5%) or other/missing (17.8%),mixed,Y,tacrolimus,NR,Y,NR,N,,,N,N,N,,N,,,,,NR,mixed_spans_era,NR,NR,NR,NR,NR,NR,NR,NR,24.4,NR,NR
276,263,ATG-free MUD,comparator_arm,Y,N,N,211,64.5,53,45,62,NR,NR,NR,NR,100,0,0,0,0,0,0,0,0,0,19,67.3,8.5,investigator_defined,0,100,0,0,0,MUD,100,0,0,PBSC,78.2,21.8,0,CIBMTR,MAC,46,NR,0,0,0,NR,NR,NR,NR,NR,NR,NR,N,,,,,,Y,tacrolimus,NR,Y,NR,Y,NR,NR,N,N,N,"TAC+MTX 85.3%, CyA+MTX 7.6%, TAC+MMF 3.8%, Others 3.3%",N,,,,,NR,mixed_spans_era,NR,NR,NR,NR,NR,NR,NR,NR,31.4,NR,NR
277,263,ATG-administered MUD,comparator_arm,Y,Y,N,99,68.7,54,46,61,NR,NR,NR,NR,100,0,0,0,0,0,0,0,0,0,24.2,62.6,12.1,investigator_defined,0,100,0,0,0,MUD,100,0,0,PBSC,75.8,24.2,0,CIBMTR,MAC,50.5,NR,0,0,0,NR,NR,NR,NR,NR,NR,NR,N,,,,,,Y,tacrolimus,NR,Y,NR,Y,NR,NR,N,N,N,"TAC+MTX 92.9%, CyA+MTX 2.0%, TAC+MMF 2.0%, Others 3.0%",Y,NR,NR,NR,pre_transplant,NR,mixed_spans_era,NR,NR,NR,NR,NR,NR,NR,NR,30.4,NR,NR
278,264,Older patients transplanted with PTCy (n=92),PTCy_arm,N,N,N,92,80,71,NR,NR,65,77,NR,NR,71,0,13,0,0,0,0,0,0,17,NR,NR,NR,investigator_defined,8,73,7,13,0,MUD,92,8,0,PBSC,NR,NR,NR,investigator_defined,RIC,14,81,7,0,13,NR,NR,NR,NR,NR,NR,NR,Y,50,2,"+3,+4 (matched) / +3,+5 (mismatched)",100,standard_50x2,Y,tacrolimus,NR,Y,NR,N,,,N,N,N,,N,,,,,NR,post_2018,NR,NR,NR,other,TMP_SMX,NR,NR,NR,NR,NR,NR
279,268,HaploCy,PTCy_arm,Y,N,N,757,60.6,NR,NR,NR,2,NR,NR,NR,69.8,3.4,26.8,,,,,,,,NR,NR,NR,investigator_defined,0,0,0,100,0,haplo,59.4,40.6,0,PBSC,41.5,58.5,NR,CIBMTR,RIC,70.1,0,NR,NR,100,NR,NR,NR,NR,NR,NR,NR,Y,NR,NR,NR,NR,NR,Y,NR,NR,NR,NR,N,,,NR,N,NR,PTCy combined with other agents per protocol (CIBMTR); patients receiving PTCy without other IS excluded (n=10),N,,,,,era_proxy_only,pre_2018,NR,NR,NR,NR,NR,NR,NR,NR,NR,NR,NR
280,268,SibCy,PTCy_arm,Y,N,N,403,60.3,NR,NR,NR,2,NR,NR,NR,76.9,4.7,18.4,,,,,,,,NR,NR,NR,investigator_defined,100,0,0,0,0,MSD,67.5,32.5,0,PBSC,55.1,44.9,NR,CIBMTR,MAC,58.1,100,0,0,0,NR,NR,NR,NR,NR,NR,NR,Y,NR,NR,NR,NR,NR,Y,NR,NR,NR,NR,N,,,NR,N,NR,PTCy combined with other agents per protocol (CIBMTR),N,,,,,era_proxy_only,pre_2018,NR,NR,NR,NR,NR,NR,NR,NR,NR,NR,NR
281,268,SibCNI,comparator_arm,Y,N,N,1605,58.2,NR,NR,NR,2,NR,NR,NR,63.9,3.7,32.4,,,,,,,,NR,NR,NR,investigator_defined,100,0,0,0,0,MSD,87.5,12.5,0,PBSC,58.3,41.7,NR,CIBMTR,MAC,27.2,100,0,0,0,NR,NR,NR,NR,NR,NR,NR,N,,,,,,Y,other,NR,mixed,NR,mixed,NR,NR,NR,N,NR,"Tacrolimus or cyclosporine + MMF +/- other, OR Tacrolimus/cyclosporine + MTX +/- other (CNI-based GVHD prophylaxis)",N,,,,,era_proxy_only,pre_2018,NR,NR,NR,NR,NR,NR,NR,NR,NR,NR,NR
282,270,PTCy +/- others,PTCy_arm,Y,N,N,37,NR,NR,NR,NR,NR,NR,NR,NR,0,0,0,0,0,0,0,0,0,100,NR,NR,NR,NR,NR,NR,NR,NR,0,NR,NR,NR,0,NR,NR,NR,NR,CIBMTR,NR,NR,NR,NR,NR,NR,NR,NR,NR,NR,NR,NR,NR,Y,NR,NR,NR,NR,NR,mixed,NR,NR,mixed,NR,N,,,mixed,N,N,"PTCy subset composition per Table 1 footnote: CNI+PTCy+MMF n=32, PTCy-MMF n=1, sirolimus+PTCy n=2, sirolimus-MMF-PTCy n=1, PTCy alone n=1 (total 37)",mixed,NR,NR,NR,NR,NR,mixed_spans_era,NR,NR,NR,NR,NR,NR,NR,NR,NR,NR,NR
283,270,CNI-based GVHD prophylaxis (no PTCy),comparator_arm,Y,N,N,229,NR,NR,NR,NR,NR,NR,NR,NR,0,0,0,0,0,0,0,0,0,100,NR,NR,NR,NR,NR,NR,NR,NR,0,NR,NR,NR,0,NR,NR,NR,NR,CIBMTR,NR,NR,NR,NR,NR,NR,NR,NR,NR,NR,NR,NR,NR,N,,,,,,Y,NR,NR,mixed,NR,mixed,NR,NR,N,N,N,"Comparator arm composition per Table 1: CNI+MMF+others (no PTCy) n=68, CNI+MTX+others (no PTCy/MMF) n=123, CNI+others (no MMF/MTX/PTCy) n=20, CNI alone n=12, MTX alone n=3, monoclonal antibody+MMF n=3 = 229 total",mixed,rabbit_thymoglobulin,NR,NR,NR,NR,mixed_spans_era,NR,NR,NR,NR,NR,NR,NR,NR,NR,NR,NR
284,271,MUD,comparator_arm,Y,N,N,276,57,59,NR,NR,21,77,NR,NR,43.1,12.7,NR,NR,NR,5.8,NR,NR,NR,6.5,NR,NR,NR,NR,0,100,0,0,0,MUD,39.9,60.1,0,BM,41.3,58.7,NR,investigator_defined,RIC,19.9,100,0,0,0,57,48,NR,NR,NR,NR,DR_combinations,mixed,NR,NR,NR,NR,NR,Y,tacrolimus,NR,mixed,NR,Y,NR,NR,NR,N,N,,mixed,NR,NR,NR,NR,NR,mixed_spans_era,NR,NR,NR,NR,NR,NR,NR,NR,51,NR,NR
285,271,Haplo,PTCy_arm,Y,N,N,176,68,54,NR,NR,18,74,NR,NR,42,9.7,NR,NR,NR,18.8,NR,NR,NR,6.3,NR,NR,NR,NR,0,0,0,100,0,haplo,64.8,35.2,0,PBSC,31.3,68.7,NR,investigator_defined,RIC,96.6,0,0,0,100,62,57,NR,NR,NR,NR,DR_combinations,Y,NR,NR,NR,NR,NR,Y,tacrolimus,NR,Y,NR,N,,,N,N,N,,N,,,,,NR,mixed_spans_era,NR,NR,NR,NR,NR,NR,NR,NR,50,NR,NR
286,272,Haploidentical,PTCy_arm,N,N,Y,1830,63.9,46,NR,NR,18,71,NR,NR,0,0,0,0,0,100,0,0,0,0,NR,NR,NR,NR,0,0,0,100,0,haplo,59.5,40.5,0,PBSC,22.7,77.3,NR,investigator_defined,RIC,NR,NR,NR,NR,100,NR,NR,46.1,12.5,16.9,22.2,DR_combinations,Y,NR,NR,NR,NR,NR,Y,NR,NR,Y,NR,NR,NR,NR,NR,N,NR,"GVHD prophylaxis: PTCy+CNI+MMF in 90% (n=1647); PTCy+others (CNI only, sirolimus, methotrexate) in 10% (n=183)",N,,,,,NR,mixed_spans_era,NR,NR,NR,NR,NR,NR,NR,NR,33,NR,NR
287,272,Matched Unrelated (MUD 8/8),comparator_arm,N,N,Y,310,69.3,53,NR,NR,19,71,NR,NR,0,0,0,0,0,100,0,0,0,0,NR,NR,NR,NR,0,100,0,0,0,MUD,91.3,8.7,0,PBSC,25.8,74.2,NR,investigator_defined,RIC,NR,NR,0,0,0,NR,NR,30.6,11.6,24.8,30.3,DR_combinations,Y,NR,NR,NR,NR,NR,Y,NR,NR,Y,NR,Y,NR,NR,Y,N,Y,"GVHD prophylaxis: PTCy+CNI+MMF in 54% (n=167); PTCy+others (CNI only, sirolimus, methotrexate) in 46% (n=143). MUD cohort had higher percentage of 2-drug PTCy+CNI prophylaxis (0.7%) compared to haplo (<0.1%).",N,,,,,NR,mixed_spans_era,NR,NR,NR,NR,NR,NR,NR,NR,24,NR,NR
288,273,"Older cohort - CBT (patient age >=50, CBT)",comparator_arm,Y,N,N,2675,NR,61,NR,NR,50,70,NR,NR,62.8,13.6,21.6,NR,2,0,0,0,0,0,51.3,,48.7,investigator_defined,0,0,0,0,100,UCB,0,0,100,UCB,55.8,44.2,NR,CIBMTR,MAC,NR,NR,NR,NR,0,85.5,,NR,NR,NR,NR,R_only,N,,,,,,Y,NR,NR,NR,NR,NR,NR,NR,NR,N,NR,NR,N,,,,,NR,post_2018,NR,NR,NR,NR,NR,NR,NR,NR,41.9,NR,NR
289,273,"Older cohort - Younger haplo (patient age >=50, haplo donor <40 yrs)",PTCy_arm,Y,N,N,451,NR,61,NR,NR,50,70,NR,NR,53.4,15.5,29.9,NR,1.1,0,0,0,0,0,47,,53,investigator_defined,0,0,0,100,0,haplo,100,0,0,PBSC,32.4,67.6,NR,CIBMTR,RIC,NR,0,NR,NR,100,88.9,NR,NR,NR,NR,NR,R_only,Y,NR,NR,NR,NR,NR,Y,NR,NR,NR,NR,NR,NR,NR,NR,N,NR,NR,N,,,,,NR,post_2018,NR,NR,NR,NR,NR,NR,NR,NR,23.1,NR,NR
290,273,"Older cohort - Older haplo (patient age >=50, haplo donor >=40 yrs)",PTCy_arm,Y,N,N,120,NR,59,NR,NR,50,70,NR,NR,62.5,13.3,20.8,NR,3.3,0,0,0,0,0,40,,60,investigator_defined,0,0,0,100,0,haplo,100,0,0,PBSC,35.8,64.2,NR,CIBMTR,RIC,NR,0,NR,NR,100,87.5,NR,NR,NR,NR,NR,R_only,Y,NR,NR,NR,NR,NR,Y,NR,NR,NR,NR,NR,NR,NR,NR,N,NR,NR,N,,,,,NR,post_2018,NR,NR,NR,NR,NR,NR,NR,NR,26.3,NR,NR
291,273,"Younger cohort - CBT (patient age <50, CBT)",comparator_arm,Y,N,N,1532,NR,40,NR,NR,16,49,NR,NR,59.7,27.9,9.2,NR,3.2,0,0,0,0,0,35.9,,64.1,investigator_defined,0,0,0,0,100,UCB,0,0,100,UCB,87.1,12.9,NR,CIBMTR,MAC,NR,NR,NR,NR,0,76.1,,NR,NR,NR,NR,R_only,N,,,,,,Y,NR,NR,NR,NR,NR,NR,NR,NR,N,NR,NR,N,,,,,NR,post_2018,NR,NR,NR,NR,NR,NR,NR,NR,41.2,NR,NR
292,273,"Younger cohort - Younger haplo (patient age <50, haplo donor <40 yrs)",PTCy_arm,Y,N,N,171,NR,34,NR,NR,16,49,NR,NR,56.1,29.8,7.6,NR,6.4,0,0,0,0,0,31.8,,68.2,investigator_defined,0,0,0,100,0,haplo,100,0,0,PBSC,80.7,19.3,NR,CIBMTR,MAC,NR,0,NR,NR,100,73.1,NR,NR,NR,NR,NR,R_only,Y,NR,NR,NR,NR,NR,Y,NR,NR,NR,NR,NR,NR,NR,NR,N,NR,NR,N,,,,,NR,post_2018,NR,NR,NR,NR,NR,NR,NR,NR,22.1,NR,NR
293,273,"Younger cohort - Older haplo (patient age <50, haplo donor >=40 yrs)",PTCy_arm,Y,N,N,167,NR,41,NR,NR,16,49,NR,NR,50.9,36.5,10.8,NR,1.8,0,0,0,0,0,25.9,,74.1,investigator_defined,0,0,0,100,0,haplo,100,0,0,PBSC,79.6,20.4,NR,CIBMTR,MAC,NR,0,NR,NR,100,80.2,NR,NR,NR,NR,NR,R_only,Y,NR,NR,NR,NR,NR,Y,NR,NR,NR,NR,NR,NR,NR,NR,N,NR,NR,N,,,,,NR,post_2018,NR,NR,NR,NR,NR,NR,NR,NR,39.3,NR,NR
294,276,HaploSCT,PTCy_arm,Y,N,N,413,64.9,37.1,25.7,51,18.1,75,NR,NR,0,100,0,0,0,0,0,0,0,0,NR,NR,NR,NR,0,0,0,100,0,haplo,53.8,46.2,0,PBSC,68,32,0,EBMT,MAC,42.6,,,,100,78,72.9,NR,NR,NR,NR,DR_combinations,Y,NR,NR,NR,NR,NR,Y,NR,NR,NR,NR,NR,NR,NR,NR,N,NR,NR,Y,NR,NR,NR,NR,NR,mixed_spans_era,NR,NR,NR,NR,NR,NR,NR,NR,36.3,NR,NR
295,276,MSD,comparator_arm,Y,N,N,1891,59.8,37.7,27,49.5,18,76.1,NR,NR,0,100,0,0,0,0,0,0,0,0,NR,NR,NR,NR,100,0,0,0,0,MSD,81.4,18.6,0,PBSC,83.2,16.8,0,EBMT,MAC,64.9,,,,0,71.9,67,NR,NR,NR,NR,DR_combinations,N,,,,,,Y,cyclosporine,NR,NR,NR,Y,NR,NR,NR,N,NR,NR,Y,NR,NR,NR,NR,NR,mixed_spans_era,NR,NR,NR,NR,NR,NR,NR,NR,28.9,NR,NR
296,277,PTCy,PTCy_arm,N,Y,N,336,63.8,36,NR,NR,18,73,NR,NR,0,100,0,0,0,0,0,0,0,0,16.4,NR,NR,investigator_defined,0,0,0,100,0,haplo,47.9,52.1,0,BM,78.3,21.7,NR,EBMT,MAC,45.2,0,0,0,100,79.2,NR,64.8,9.2,14.4,11.6,DR_combinations,Y,NR,NR,NR,NR,NR,Y,mixed,NR,Y,NR,N,NR,NR,N,N,N,NR,N,,,,,NR,mixed_spans_era,NR,NR,NR,NR,NR,NR,NR,NR,30.5,NR,NR
297,277,ATG,comparator_arm,N,Y,N,98,62.2,35.5,NR,NR,18,76,NR,NR,0,100,0,0,0,0,0,0,0,0,30.6,NR,NR,investigator_defined,0,0,0,100,0,haplo,68.4,31.6,0,PBSC,69.4,30.6,NR,EBMT,MAC,26.5,0,0,0,100,70.3,NR,57.5,9.6,12.8,20.2,DR_combinations,N,,,,,,Y,mixed,NR,Y,NR,Y,NR,NR,Y,N,N,NR,Y,NR,NR,NR,pre_transplant,NR,pre_2018,NR,NR,NR,NR,NR,NR,NR,NR,32.7,NR,NR
298,278,PTCy URD AML CR2,PTCy_arm,N,N,N,127,54.3,45.5,NR,NR,18.2,71.3,NR,NR,100,0,0,0,0,0,0,0,0,0,5.5,55.9,15.7,investigator_defined,0,60.6,39.4,0,0,MUD,93.7,6.3,0,PBSC,50.4,49.6,0,EBMT,mixed,11,60.6,39.4,0,0,77.8,47.2,NR,NR,NR,NR,DR_combinations,Y,NR,NR,NR,NR,NR,Y,mixed,NR,Y,NR,Y,NR,NR,Y,N,Y,"PTCy combinations: CsA alone 7.1%, MTX alone 8.7%, MMF alone 4.7%, Tacro alone 9.4%, CsA+MTX 6.3%, CsA+MMF 21.3%, MMF+Tacro 23.6%, MMF+Siro 7.9%, MTX+Tacro 0.8%, other 10.2%",mixed,NR,NR,NR,NR,era_proxy_only,mixed_spans_era,NR,NR,NR,NR,NR,NR,NR,NR,26.2,NR,NR
299,279,de novo AML,PTCy_arm,N,N,N,1480,57.5,55.8,44,63.8,18.1,82.5,NR,NR,100,0,0,0,0,0,0,0,0,0,29.9,70.1,0,investigator_defined,0,0,0,100,0,haplo,70.7,29.3,0,PBSC,50.1,49.9,0,investigator_defined,mixed,NR,0,0,0,100,78.7,62.7,NR,NR,NR,NR,DR_combinations,Y,NR,NR,NR,NR,NR,Y,mixed,NR,Y,NR,NR,NR,NR,NR,N,NR,"PTCy + CSA + MMF in 53.9%, PTCy + Tacro + MMF in 30% (Table S2 referenced)",N,,,,,NR,mixed_spans_era,NR,NR,NR,NR,NR,NR,NR,NR,27.2,NR,NR
300,279,secondary AML (sAML),PTCy_arm,N,N,N,231,61.9,60.8,51.6,67.2,20.8,75.7,NR,NR,100,0,0,0,0,0,0,0,0,0,32.9,67.1,0,investigator_defined,0,0,0,100,0,haplo,78.4,21.6,0,PBSC,35.1,64.9,0,investigator_defined,RIC,NR,0,0,0,100,76.2,56.2,NR,NR,NR,NR,DR_combinations,Y,NR,NR,NR,NR,NR,Y,mixed,NR,Y,NR,NR,NR,NR,NR,N,NR,"PTCy + CSA + MMF in 53.7%, PTCy + Tacro + MMF in 27.7% (Table S2 referenced)",N,,,,,NR,mixed_spans_era,NR,NR,NR,NR,NR,NR,NR,NR,29.1,NR,NR
301,280,PTCy,PTCy_arm,Y,Y,N,707,56.4,52.7,40.7,62.5,18,77.5,NR,NR,100,0,0,0,0,0,0,0,0,0,25.2,69.2,5.6,investigator_defined,0,66.2,33.8,0,0,MUD,100,0,0,PBSC,61.7,38.3,NR,EBMT,MAC,17.8,66.2,33.8,0,0,74.6,47.5,NR,NR,NR,NR,DR_combinations,Y,NR,NR,NR,NR,NR,mixed,NR,NR,mixed,NR,N,NR,NR,mixed,N,N,,mixed,NR,NR,NR,NR,era_proxy_only,mixed_spans_era,NR,NR,NR,NR,NR,NR,NR,NR,23.9,NR,NR
302,280,No PTCy,comparator_arm,Y,Y,N,6342,53.6,56.6,45.8,64.2,18,80.3,NR,NR,100,0,0,0,0,0,0,0,0,0,27.1,67.8,5.1,investigator_defined,0,83.6,16.4,0,0,MUD,100,0,0,PBSC,50.2,49.8,NR,EBMT,mixed,13.3,83.6,16.4,0,0,65.6,47.4,NR,NR,NR,NR,DR_combinations,N,,,,,,Y,cyclosporine,NR,mixed,NR,mixed,NR,NR,mixed,N,N,,Y,NR,NR,NR,pre_transplant,era_proxy_only,mixed_spans_era,NR,NR,NR,NR,NR,NR,NR,NR,25.2,NR,NR
303,281,PTCy/CSA or TAC/MMF,PTCy_arm,Y,N,N,402,55.7,48.7,NR,NR,18,75.6,NR,NR,100,0,0,0,0,0,0,0,0,0,22.2,70.9,6.9,investigator_defined,19.2,45.3,35.6,0,0,MUD,100,0,0,PBSC,48.5,51.5,0,CIBMTR,RIC,NR,64.5,35.6,0,0,77.8,54.4,NR,NR,NR,NR,DR_combinations,Y,NR,NR,NR,NR,NR,Y,mixed,NR,Y,NR,N,,,N,N,N,,N,,,,,NR,mixed_spans_era,NR,NR,NR,NR,NR,NR,NR,NR,21.2,NR,NR
304,281,ATG/CSA or TAC/MTX,comparator_arm,Y,N,N,5648,52.1,51.5,NR,NR,18,77.8,NR,NR,100,0,0,0,0,0,0,0,0,0,25.7,67.1,7.2,investigator_defined,22.6,61.4,16,0,0,MUD,100,0,0,PBSC,59,41,0,CIBMTR,MAC,NR,84,16,0,0,71.8,52.5,NR,NR,NR,NR,DR_combinations,N,,,,,,Y,mixed,NR,N,,Y,NR,NR,N,N,N,,Y,NR,NR,NR,pre_transplant,NR,mixed_spans_era,NR,NR,NR,NR,NR,NR,NR,NR,20.4,NR,NR
305,282,"yHaplo (young haploidentical, donor <35y)",PTCy_arm,N,N,Y,1065,59.2,56.5,47.5,61.7,18.1,81.8,NR,NR,100,0,0,0,0,0,0,0,0,0,32.2,63.3,4.5,investigator_defined,0,0,0,100,0,haplo,72.4,27.6,0,PBSC,48.9,51.1,0,investigator_defined,mixed,NR,0,0,0,100,77.5,55.7,NR,NR,NR,NR,DR_combinations,Y,NR,NR,NR,NR,NR,Y,NR,NR,NR,NR,NR,NR,NR,NR,N,NR,NR,N,,,,,NR,mixed_spans_era,NR,NR,NR,NR,NR,NR,NR,NR,22.6,NR,NR
306,282,"oMMUD (old MMUD, donor >=35y, 8/10 or 9/10)",PTCy_arm,N,N,Y,147,58.5,55.1,44.7,63.9,20.2,73.3,NR,NR,100,0,0,0,0,0,0,0,0,0,25.7,69.1,5.1,investigator_defined,0,0,100,0,0,MMUD,96.6,3.4,0,PBSC,49,51,0,investigator_defined,mixed,NR,0,84.4,15.6,0,73.8,54.4,NR,NR,NR,NR,DR_combinations,Y,NR,NR,NR,NR,NR,Y,NR,NR,NR,NR,NR,NR,NR,NR,N,NR,NR,N,,,,,NR,mixed_spans_era,NR,NR,NR,NR,NR,NR,NR,NR,35.7,NR,NR
307,282,"oHaplo (old haploidentical, donor >=35y)",PTCy_arm,N,N,Y,1315,55.3,57.9,43.4,66.6,18.1,82.5,NR,NR,100,0,0,0,0,0,0,0,0,0,28.1,67.1,4.8,investigator_defined,0,0,0,100,0,haplo,72.5,27.5,0,PBSC,46.8,53.2,0,investigator_defined,mixed,NR,0,0,0,100,79.7,68.2,NR,NR,NR,NR,DR_combinations,Y,NR,NR,NR,NR,NR,Y,NR,NR,NR,NR,NR,NR,NR,NR,N,NR,NR,N,,,,,NR,mixed_spans_era,NR,NR,NR,NR,NR,NR,NR,NR,31,NR,NR
308,282,"yMMUD (young MMUD, donor <35y, 8/10 or 9/10)",comparator_arm,N,N,Y,271,56.8,55.8,44.6,64.3,18.1,75.6,NR,NR,100,0,0,0,0,0,0,0,0,0,22.3,72.7,5,investigator_defined,0,0,100,0,0,MMUD,95.6,4.4,0,PBSC,53.3,46.7,0,investigator_defined,mixed,NR,0,88.2,11.8,0,71.3,42.1,NR,NR,NR,NR,DR_combinations,Y,NR,NR,NR,NR,NR,Y,NR,NR,NR,NR,NR,NR,NR,NR,N,NR,NR,N,,,,,NR,mixed_spans_era,NR,NR,NR,NR,NR,NR,NR,NR,24.3,NR,NR
309,287,PTCy,PTCy_arm,Y,N,N,118,NR,51.9,40.9,61.1,18.9,71.5,NR,NR,100,0,0,0,0,0,0,0,0,0,17.8,82.2,NR,investigator_defined,100,0,0,0,0,MSD,80.5,19.5,0,PBSC,58.5,41.5,NR,EBMT,MAC,27.1,,,,,78.8,68.1,NR,NR,NR,NR,DR_combinations,Y,50,2,"+3,+4 or +3,+5",100,standard_50x2,mixed,mixed,NR,mixed,NR,mixed,NR,NR,mixed,N,Y,"heterogeneous: PTCy alone+/-steroids (15.3%), PTCy+CSA+MTX (5.1%), PTCy+CSA (28.8%), PTCy+CSA+MMF (11.9%), PTCy+Tac (12.7%), PTCy+Sir (10.2%), PTCy+Tac+MMF (5.9%), PTCy+Sir+MMF (4.2%), PTCy+other (5.9%)",N,,,,,NR,mixed_spans_era,NR,NR,NR,NR,NR,NR,NR,NR,25.2,NR,NR
310,287,CSA/MTX,comparator_arm,Y,N,N,1202,NR,45.1,34.7,54.4,18,72.8,NR,NR,100,0,0,0,0,0,0,0,0,0,21.5,78.5,NR,investigator_defined,100,0,0,0,0,MSD,75.9,24.1,0,PBSC,81.5,18.5,NR,EBMT,MAC,15.1,,,,,70.2,62.6,NR,NR,NR,NR,DR_combinations,N,,,,,,Y,cyclosporine,NR,N,,Y,NR,NR,N,N,N,,N,,,,,NR,mixed_spans_era,NR,NR,NR,NR,NR,NR,NR,NR,22.9,NR,NR
311,289,Haplo-PBSCT (PTCy),PTCy_arm,Y,N,N,136,80.1,60,53,64,NR,NR,NR,NR,0,0,100,0,0,0,0,0,0,0,71.3,NR,28.7,investigator_defined,0,0,0,100,0,haplo,100,0,0,PBSC,36.8,63.2,0,CIBMTR,RIC,NR,0,0,100,100,NR,NR,NR,NR,NR,NR,NR,Y,50,2,"D+3,D+4",100,standard_50x2,Y,tacrolimus,NR,Y,NR,N,,,N,N,N,,N,,,,,NR,mixed_spans_era,NR,NR,NR,NR,NR,NR,NR,NR,19.9,NR,NR
312,289,MUD-BMT,comparator_arm,Y,N,N,465,67.7,60,52,64,NR,NR,NR,NR,0,0,100,0,0,0,0,0,0,0,61.1,NR,38.5,investigator_defined,0,100,0,0,0,MUD,0,100,0,BM,44.9,54.8,0.2,CIBMTR,RIC,NR,100,0,0,0,NR,NR,NR,NR,NR,NR,NR,N,,,,,,Y,tacrolimus,NR,Y,NR,Y,NR,NR,N,N,N,,mixed,NR,NR,NR,pre_transplant,NR,mixed_spans_era,NR,NR,NR,NR,NR,NR,NR,NR,32.5,NR,NR
313,289,MUD-PBSCT,comparator_arm,Y,N,N,96,68.8,60,51,64,NR,NR,NR,NR,0,0,100,0,0,0,0,0,0,0,60.4,NR,38.5,investigator_defined,0,100,0,0,0,MUD,100,0,0,PBSC,53.1,46.9,0,CIBMTR,MAC,NR,100,0,0,0,NR,NR,NR,NR,NR,NR,NR,N,,,,,,Y,tacrolimus,NR,Y,NR,Y,NR,NR,N,N,N,,mixed,NR,NR,NR,pre_transplant,NR,mixed_spans_era,NR,NR,NR,NR,NR,NR,NR,NR,30.3,NR,NR
314,290,PTCy-haplo,PTCy_arm,Y,N,N,330,60.9,44.5,NR,NR,16,73,NR,NR,0,100,0,0,0,0,0,0,0,0,25.5,50.3,NR,refined_DRI,0,0,0,100,0,haplo,95.5,NR,0,PBSC,50.6,49.4,NR,investigator_defined,MAC,82.4,0,0,0,100,80.6,NR,NR,NR,NR,NR,R_only,Y,NR,NR,NR,NR,NR,Y,NR,NR,NR,NR,NR,NR,NR,NR,N,NR,NR,NR,NR,NR,NR,NR,NR,mixed_spans_era,NR,NR,NR,NR,NR,NR,NR,NR,NR,NR,NR
315,290,UCB,comparator_arm,Y,N,N,1669,53,45,NR,NR,16,74,NR,NR,0,100,0,0,0,0,0,0,0,0,21.1,48.8,NR,refined_DRI,0,0,0,0,100,UCB,0,0,100,UCB,54.8,45.1,NR,investigator_defined,MAC,79.3,,,,0,80,,NR,NR,NR,NR,R_only,N,,,,,,NR,NR,NR,NR,NR,NR,NR,NR,NR,N,NR,NR,NR,NR,NR,NR,NR,NR,mixed_spans_era,NR,NR,NR,NR,NR,NR,NR,NR,NR,NR,NR
316,292,ER-SCT cohort,PTCy_arm,N,N,N,64,59,68,NR,NR,65,74,NR,NR,NR,5,NR,NR,NR,3,0,6,0,0,39,NR,NR,DRI,23,62,NR,14,0,MUD,75,25,0,PBSC,NR,NR,NR,investigator_defined,mixed,NR,NR,NR,NR,14,NR,NR,NR,NR,NR,NR,NR,mixed,NR,NR,NR,NR,NR,Y,tacrolimus,NR,NR,NR,mixed,NR,NR,NR,N,NR,NR,NR,NR,NR,NR,NR,NR,mixed_spans_era,NR,NR,NR,NR,NR,NR,NR,NR,NR,NR,NR
317,292,Historical controls,comparator_arm,N,N,N,140,62,67,NR,NR,65,79,NR,NR,NR,4,NR,NR,NR,3,1,2,1,0,56,NR,NR,DRI,30,62,NR,8,0,MUD,61,39,0,PBSC,NR,NR,NR,investigator_defined,mixed,NR,NR,NR,NR,8,NR,NR,NR,NR,NR,NR,NR,mixed,NR,NR,NR,NR,NR,Y,tacrolimus,NR,NR,NR,mixed,NR,NR,NR,N,NR,NR,NR,NR,NR,NR,NR,NR,pre_2018,NR,NR,NR,NR,NR,NR,NR,NR,NR,NR,NR
318,293,"All allo-HCT recipients (whole cohort, 2015-2021)",PTCy_arm,N,N,N,421,66,56,46,63,NR,NR,NR,NR,NR,8,NR,NR,NR,11,NR,NR,NR,11,NR,NR,NR,NR,24,47,6,22,0,mixed,88,12,0,PBSC,25,75,NR,investigator_defined,RIC,NR,NR,NR,NR,22,62,53,44,9,18,29,DR_combinations,mixed,NR,NR,NR,NR,NR,Y,NR,NR,NR,NR,NR,NR,NR,NR,N,NR,27% (n=115) received post-HCT cyclophosphamide as GVHD prophylaxis; remaining 73% received non-PTCy regimens (specifics NR in paper),NR,NR,NR,NR,NR,select_high_risk,mixed_spans_era,fluconazole,N,NR,none,TMP_SMX,NR,NR,NR,43.5,NR,NR
319,296,PTCY-haplo,PTCy_arm,Y,N,N,169,61.5,56,46,62,NR,NR,NR,NR,0,0,0,0,0,100,0,0,0,0,NR,NR,NR,NR,0,0,0,100,0,haplo,97.6,2.4,0,PBSC,20.7,79.3,0,investigator_defined,RIC,NR,0,0,0,100,NR,NR,NR,NR,NR,4,DR_combinations,Y,NR,NR,NR,NR,NR,Y,NR,NR,Y,NR,N,,,N,N,N,,N,,,,,NR,mixed_spans_era,NR,NR,NR,NR,NR,NR,NR,NR,29.6,NR,NR
320,296,uCBT,comparator_arm,Y,N,N,688,60.6,55,45,61,NR,NR,NR,NR,0,0,0,0,0,100,0,0,0,0,NR,NR,NR,NR,0,0,0,0,100,UCB,0,0,100,UCB,36.9,63.1,0,investigator_defined,RIC,NR,0,0,0,0,NR,NR,NR,NR,NR,16,DR_combinations,N,,,,,,Y,NR,NR,mixed,NR,mixed,NR,NR,N,N,Y,"CNI+MMF 46%, CNI+MTX 39%, CNI+/-steroid 14%, Others 1%",N,,,,,NR,mixed_spans_era,NR,NR,NR,NR,NR,NR,NR,NR,36.1,NR,NR
321,297,PT-Cy-based GVHD prophylaxis,PTCy_arm,Y,N,N,101,NR,NR,NR,NR,NR,NR,NR,NR,NR,NR,NR,NR,NR,NR,NR,NR,NR,NR,NR,NR,NR,refined_DRI,NR,NR,NR,NR,NR,mixed,NR,NR,NR,PBSC,NR,NR,NR,investigator_defined,MAC,NR,NR,NR,NR,NR,NR,NR,NR,NR,NR,NR,NR,Y,NR,NR,NR,NR,NR,Y,NR,NR,NR,NR,NR,NR,NR,Y,N,NR,"PT-Cy combined predominantly with sirolimus (78% of total cohort used sirolimus-based IS, 22% CsA-based); exact PT-Cy x sirolimus crosstab not reported. Reference: Greco 2021 TCT and Peccatori 2015 Leukemia describe institutional PT-Cy + sirolimus platform.",N,,,,,none,pre_2018,NR,NR,NR,NR,NR,PCR_qPCR,1,NR,28,NR,NR
322,297,ATG-based GVHD prophylaxis,comparator_arm,Y,N,N,84,NR,NR,NR,NR,NR,NR,NR,NR,NR,NR,NR,NR,NR,NR,NR,NR,NR,NR,NR,NR,NR,refined_DRI,NR,NR,NR,NR,NR,mixed,NR,NR,NR,PBSC,NR,NR,NR,investigator_defined,MAC,NR,NR,NR,NR,NR,NR,NR,NR,NR,NR,NR,NR,N,,,,,,Y,NR,NR,NR,NR,NR,NR,NR,Y,N,NR,"ATG combined with sirolimus-based or CsA-based additional IS (78% sirolimus, 22% CsA across whole cohort).",Y,NR,NR,NR,pre_transplant,none,pre_2018,NR,NR,NR,NR,NR,PCR_qPCR,1,NR,NR,NR,NR
323,299,PT-Cy group,PTCy_arm,N,Y,N,22,NR,49,NR,NR,19,69,NR,NR,NR,NR,NR,NR,NR,NR,NR,NR,NR,NR,23,73,5,DRI,0,0,100,0,0,MMUD,100,0,0,PBSC,32,68,NR,EBMT,RIC,NR,0,NR,NR,0,NR,NR,NR,NR,NR,NR,NR,Y,50,2,"+3,+4",100,standard_50x2,Y,cyclosporine,150-400,Y,15 mg/kg/day,N,,,N,N,N,,N,,,,,NR,mixed_spans_era,NR,NR,NR,NR,NR,NR,NR,NR,14,NR,NR
324,299,ATG group,comparator_arm,N,Y,N,40,NR,51,NR,NR,19,64,NR,NR,NR,NR,NR,NR,NR,NR,NR,NR,NR,NR,10,80,10,DRI,0,0,100,0,0,MMUD,100,0,0,PBSC,30,70,NR,EBMT,RIC,NR,0,NR,NR,0,NR,NR,NR,NR,NR,NR,NR,N,,,,,,Y,cyclosporine,NR,Y,NR,N,,,N,N,N,,Y,rabbit_thymoglobulin,5,standard_4.5_to_10_rabbit,pre_transplant,NR,pre_2018,NR,NR,NR,NR,NR,NR,NR,NR,35,NR,NR
325,300,non-PTCy UD,comparator_arm,Y,N,N,1094,62.2,48,37.6,56.6,NR,NR,NR,NR,0,0,0,0,100,0,0,0,0,0,NR,NR,NR,NR,0,61,18.9,0,0,MUD,89.4,10.6,0,PBSC,61.9,38.1,NR,EBMT,MAC,25.8,NR,NR,NR,0,NR,NR,NR,NR,NR,32,DR_combinations,N,,,,,,Y,mixed,NR,Y,NR,Y,NR,NR,Y,N,N,,mixed,NR,NR,NR,NR,NR,mixed_spans_era,NR,NR,NR,NR,NR,NR,NR,NR,NR,NR,NR
326,300,PTCy UD,PTCy_arm,Y,N,N,113,64.6,43.5,33.2,53,NR,NR,NR,NR,0,0,0,0,100,0,0,0,0,0,NR,NR,NR,NR,0,54,31,0,0,MUD,84.1,15.9,0,PBSC,52.3,47.7,NR,EBMT,MAC,15.2,NR,NR,NR,0,NR,NR,NR,NR,NR,16,DR_combinations,Y,NR,NR,NR,NR,NR,Y,mixed,NR,Y,NR,Y,NR,NR,Y,N,N,,mixed,NR,NR,NR,NR,NR,mixed_spans_era,NR,NR,NR,NR,NR,NR,NR,NR,NR,NR,NR
327,300,PTCy MMRD,PTCy_arm,Y,N,N,134,61.2,45.7,33.9,53.2,NR,NR,NR,NR,0,0,0,0,100,0,0,0,0,0,NR,NR,NR,NR,0,0,0,100,0,haplo,50.7,49.3,0,PBSC,66.2,33.8,NR,EBMT,MAC,20.9,NR,NR,NR,100,NR,NR,NR,NR,NR,12.1,DR_combinations,Y,NR,NR,NR,NR,NR,Y,mixed,NR,Y,NR,N,,,Y,N,N,,mixed,NR,NR,NR,NR,NR,mixed_spans_era,NR,NR,NR,NR,NR,NR,NR,NR,NR,NR,NR
328,301,FTBI/FLU package (HLA-mismatched related/unrelated donor with PTCy),PTCy_arm,Y,N,N,64,51.6,33,NR,NR,9,68,NR,NR,0,100,0,0,0,0,0,0,0,0,75,NR,25,investigator_defined,0,6.3,20.3,73.4,0,haplo,100,0,0,PBSC,100,0,0,investigator_defined,MAC,100,NR,NR,NR,73.4,81.3,73.4,64.1,9.4,17.2,9.4,DR_combinations,Y,50,2,"D+3,+4",100,standard_50x2,Y,tacrolimus,NR,Y,NR,N,,,N,N,N,,N,,,,,NR,mixed_spans_era,NR,NR,NR,NR,NR,NR,NR,NR,45,NR,NR
329,301,FTBI/ETOP package (matched donor with Tac/Sirolimus),comparator_arm,Y,N,N,205,62,37,NR,NR,19,59,NR,NR,0,100,0,0,0,0,0,0,0,0,75.6,NR,24.4,investigator_defined,NR,93.7,6.3,0,0,MUD,100,0,0,PBSC,100,0,0,investigator_defined,MAC,100,NR,NR,NR,0,85.9,64.9,60,4.9,25.9,9.3,DR_combinations,N,,,,,,Y,tacrolimus,NR,N,,N,,,Y,N,N,,N,,,,,NR,mixed_spans_era,NR,NR,NR,NR,NR,NR,NR,NR,59,NR,NR
330,302,HRD (haploidentical with PT-Cy),PTCy_arm,Y,N,N,81,NR,50,NR,NR,19,60,NR,NR,22,3,7,4,NR,53,7,3,NR,NR,21,67,12,DRI,0,0,0,100,0,haplo,73,27,0,PBSC,17,17,66,EBMT,NMA,NR,0,0,0,100,NR,NR,NR,NR,NR,NR,NR,Y,50,2,"+3,+4",100,standard_50x2,Y,cyclosporine,150-400,Y,15 mg/kg/day,N,,,N,N,N,,N,,,,,NR,pre_2018,NR,NR,NR,NR,NR,NR,NR,NR,19,NR,NR
331,302,UD (unrelated donor with ATG),comparator_arm,Y,N,N,128,NR,49,NR,NR,19,60,NR,NR,32,18,9,1,NR,26,8,6,NR,NR,15,76,9,DRI,0,76.6,23.4,0,0,MUD,95,5,0,PBSC,38,62,0,EBMT,RIC,NR,76.6,23.4,0,0,NR,NR,NR,NR,NR,NR,NR,N,,,,,,Y,cyclosporine,NR,mixed,NR,N,,,N,N,N,,Y,rabbit_thymoglobulin,5,standard_4.5_to_10_rabbit,pre_transplant,NR,pre_2018,NR,NR,NR,NR,NR,NR,NR,NR,45,NR,NR
332,304,ATG-PTCY,PTCy_arm,Y,N,N,62,63,66,NR,NR,60,74,NR,NR,NR,NR,39,8,NR,NR,NR,NR,NR,5,NR,NR,NR,NR,10,71,NR,19,0,MUD,100,0,0,PBSC,5,95,NR,investigator_defined,RIC,NR,NR,NR,NR,19,NR,NR,NR,NR,NR,NR,DR_combinations,Y,50,2,"+3,+4",100,standard_50x2,Y,cyclosporine,NR,N,,N,,,N,N,N,,Y,NR,4.5,low_le_4.5_rabbit,pre_transplant,NR,pre_2018,NR,NR,NR,NR,NR,NR,NR,NR,11,NR,NR
333,304,Other GVHD prophylaxis,comparator_arm,Y,N,N,71,63,65,NR,NR,60,72,NR,NR,NR,NR,18,20,NR,NR,NR,NR,NR,18,NR,NR,NR,NR,44,56,NR,0,0,MUD,100,0,0,PBSC,7,93,NR,investigator_defined,RIC,NR,NR,NR,NR,0,NR,NR,NR,NR,NR,NR,DR_combinations,N,,,,,,Y,cyclosporine,NR,mixed,NR,mixed,D+1 D+3 D+6 (no D+11),NR,N,N,Y,"Alemtuzumab 60 mg SC D-3 used in 30/71 (42%); heterogeneous comparator: ATG-CsA-MTX n=11 (15%), alemtuzumab-CsA n=30 (42%), CsA alone n=1 (1%), CsA-MMF n=10 (14%), CsA-MTX n=19 (27%)",mixed,NR,NR,low_le_4.5_rabbit,pre_transplant,NR,pre_2018,NR,NR,NR,NR,NR,NR,NR,NR,28,NR,NR
334,305,PTCY group,PTCy_arm,Y,N,N,64,69,52,38,60,22,69,NR,NR,0,0,0,0,0,81,NR,NR,0,19,NR,NR,NR,NR,0,0,100,0,0,MMUD,100,0,0,PBSC,0,100,0,EBMT,RIC,NR,0,100,0,0,80,62,59,3,21,18,DR_combinations,Y,NR,NR,NR,NR,NR,Y,cyclosporine,NR,Y,NR,N,,,N,N,N,,N,,,,,NR,mixed_spans_era,NR,NR,NR,NR,NR,NR,NR,NR,41,NR,NR
335,305,ATG group,comparator_arm,Y,N,N,121,61,53,41,60,19,68,NR,NR,0,0,0,0,0,73,NR,NR,0,27,NR,NR,NR,NR,0,0,100,0,0,MMUD,100,0,0,PBSC,0,100,0,EBMT,RIC,NR,0,100,0,0,79,62,59,3,20,18,DR_combinations,N,,,,,,Y,cyclosporine,NR,Y,NR,Y,NR,NR,N,N,N,,Y,NR,NR,NR,pre_transplant,NR,mixed_spans_era,NR,NR,NR,NR,NR,NR,NR,NR,26,NR,NR
336,307,PTCy,PTCy_arm,N,Y,N,1039,58.9,53,38.6,62.3,18.2,79.5,NR,NR,39.7,15.1,15.2,6.4,3.4,15.3,NR,1.6,0,3.3,25.6,62.5,11.9,DRI,0,100,0,0,0,MUD,100,0,0,PBSC,62.3,37.7,NR,EBMT,MAC,24.7,100,0,0,0,NR,NR,NR,NR,NR,NR,NR,Y,NR,NR,NR,NR,NR,Y,mixed,NR,Y,NR,N,,,Y,N,N,"GVHD prevention regimens in PTCy arm: TACRO+MMF+SIRO 44.4% (461), CSA+MMF 25.0% (260), TACRO+SIRO 15.3% (159), CSA only 9.7% (101), Other 5.0% (52), CSA+MTX 0.6% (6), TACRO+MTX 0% (0).",N,,,,,NR,post_2018,NR,NR,NR,NR,NR,NR,NR,NR,24.1,NR,NR
337,307,rATG,comparator_arm,N,Y,N,7725,57.3,58.6,48.1,65.4,18,79.1,NR,NR,48.3,10.2,15.3,10.1,2.4,8.1,NR,1,0,4.5,28.2,64.2,7.6,DRI,0,100,0,0,0,MUD,100,0,0,PBSC,52,48,NR,EBMT,mixed,14.5,100,0,0,0,NR,NR,NR,NR,NR,NR,NR,N,,,,,,Y,mixed,NR,Y,NR,Y,NR,NR,Y,N,N,"GVHD prevention regimens in rATG arm: CSA+MTX 49.8% (3849), CSA+MMF 34.8% (2690), CSA only 6.1% (470), TACRO+MMF+SIRO 5.9% (459), TACRO+MTX 1.9% (143), Other 1.0% (78), TACRO+SIRO 0.5% (36).",Y,rabbit_thymoglobulin,NR,NR,pre_transplant,NR,post_2018,NR,NR,NR,NR,NR,NR,NR,NR,26.5,NR,NR
338,308,PTCy based,PTCy_arm,Y,N,N,1069,58.7,51.3,39,59.9,18,75.6,NR,NR,42.8,17.3,11.2,4.8,NR,20.5,NR,NR,NR,3.3,26,64.3,9.7,DRI,100,0,0,0,0,MSD,87.7,12.3,0,PBSC,55.4,44.6,NR,EBMT,MAC,25.2,,,,,NR,NR,NR,NR,NR,NR,DR_combinations,Y,NR,NR,NR,NR,NR,Y,mixed,NR,Y,NR,N,,,Y,N,N,,N,,,,,NR,mixed_spans_era,NR,NR,NR,NR,NR,NR,NR,NR,21.4,NR,NR
339,308,ATG based,comparator_arm,Y,N,N,4140,58.6,54.3,43.7,61.1,18,77.7,NR,NR,54.5,10,13.8,9.5,NR,8.8,NR,NR,NR,3.4,26.5,68.3,5.2,DRI,100,0,0,0,0,MSD,96.2,3.8,0,PBSC,54.5,45.5,NR,EBMT,MAC,12.3,,,,,NR,NR,NR,NR,NR,NR,DR_combinations,N,,,,,,Y,mixed,NR,Y,NR,Y,NR,NR,Y,N,N,,Y,mixed,NR,NR,pre_transplant,NR,mixed_spans_era,NR,NR,NR,NR,NR,NR,NR,NR,19.5,NR,NR
340,311,PTCy,PTCy_arm,Y,N,N,304,58,56,NR,NR,2,74,NR,NR,52,21,27,NR,NR,NR,NR,NR,NR,NR,NR,NR,NR,NR,7,13,5,75,0,haplo,69,31,0,PBSC,44,16,40,CIBMTR,MAC,63,NR,NR,NR,64,67,51,40,11,27,22,DR_combinations,Y,NR,NR,NR,NR,NR,mixed,NR,NR,mixed,NR,N,,,NR,NR,NR,94% PTCy + other(s); 6% PTCy alone (Table 1 GVHD prophylaxis categories),N,,,,,NR,mixed_spans_era,NR,NR,NR,NR,NR,NR,NR,NR,34.2,NR,NR
341,311,CNI (calcineurin inhibitor-based without ATG),comparator_arm,Y,N,N,1203,56,47,NR,NR,2,75,NR,NR,47,25,29,NR,NR,NR,NR,NR,NR,NR,NR,NR,NR,NR,27,31,3,1,37,mixed,49,15,37,mixed,70,23,7,CIBMTR,MAC,52,NR,NR,NR,1,61,27,20,7,19,17,DR_combinations,N,,,,,,Y,mixed,NR,mixed,NR,mixed,NR,NR,NR,NR,NR,TAC/CSA+MMF +/- other 45%; TAC/CSA+MTX +/- other 48%; TAC/CSA + other (not MMF/MTX/PTCy) 8% (Table 1),N,,,,,NR,mixed_spans_era,NR,NR,NR,NR,NR,NR,NR,NR,48.5,NR,NR
342,311,CNI+ATG (calcineurin inhibitor + ATG),comparator_arm,Y,N,N,375,57,53,NR,NR,2,74,NR,NR,41,15,44,NR,NR,NR,NR,NR,NR,NR,NR,NR,NR,NR,11,57,14,1,15,MUD,69,16,15,PBSC,60,33,6,CIBMTR,MAC,26,NR,NR,NR,1,58,36,25,11,22,26,DR_combinations,N,,,,,,Y,mixed,NR,mixed,NR,mixed,NR,NR,NR,NR,NR,TAC/CSA+MMF +/- other 33%; TAC/CSA+MTX +/- other 57%; TAC/CSA + other (not MMF/MTX/PTCy) 9% (Table 1),Y,NR,NR,NR,NR,NR,mixed_spans_era,NR,NR,NR,NR,NR,NR,NR,NR,38.7,NR,NR
343,312,Whole cohort (peri-engraftment CARV-positive allo-HCT recipients),PTCy_arm,N,N,N,112,51,51,NR,NR,16,72,NR,NR,NR,NR,10,2,NR,24,6,NR,NR,3,NR,NR,NR,NR,30,21,19,29,NR,mixed,85,1,14,PBSC,45,55,NR,investigator_defined,RIC,NR,NR,NR,NR,29,NR,NR,NR,NR,NR,NR,NR,mixed,NR,NR,NR,NR,NR,Y,tacrolimus,NR,NR,NR,N,,,Y,N,NR,NR,mixed,NR,NR,NR,pre_transplant,NR,mixed_spans_era,NR,NR,NR,NR,NR,NR,NR,NR,NR,NR,NR
344,318,Haploidentical donor (HD) with PTCy,PTCy_arm,Y,N,N,415,64.8,60.9,52.2,66.2,NR,NR,NR,NR,0,0,100,0,0,0,0,0,0,0,79,NR,NR,investigator_defined,0,0,0,100,0,haplo,61.2,38.6,0,PBSC,48.2,51.8,NR,EBMT,RIC,22.8,0,0,0,100,76.3,NR,NR,NR,NR,NR,R_only,Y,NR,NR,NR,NR,NR,NR,NR,NR,NR,NR,NR,NR,NR,NR,NR,NR,NR,N,,,,,NR,pre_2018,NR,NR,NR,NR,NR,NR,NR,NR,24,NR,NR
345,318,HLA-matched sibling donor (MSD),comparator_arm,Y,N,N,1414,61.5,57.9,49.9,63.6,NR,NR,NR,NR,0,0,100,0,0,0,0,0,0,0,70,NR,NR,investigator_defined,100,0,0,0,0,MSD,90,9,0,PBSC,41.7,58.3,NR,EBMT,RIC,10.6,NR,0,0,0,69.6,NR,NR,NR,NR,NR,R_only,mixed,NR,NR,NR,NR,NR,NR,NR,NR,NR,NR,NR,NR,NR,NR,NR,NR,NR,mixed,NR,NR,NR,NR,NR,pre_2018,NR,NR,NR,NR,NR,NR,NR,NR,21,NR,NR
346,320,FluTBI-PTCy,PTCy_arm,Y,N,N,28,50,45,NR,NR,24,55,NR,NR,43,53.5,3.5,0,0,0,0,0,0,0,43,NR,NR,refined_DRI,36,46,18,0,0,MUD,89,11,0,PBSC,100,0,0,investigator_defined,MAC,100,82,18,0,0,NR,NR,NR,NR,NR,7,DR_combinations,Y,50,2,"D+3,+4",100,standard_50x2,Y,tacrolimus,NR,N,,N,,,N,N,N,,N,,,,,none,mixed_spans_era,fluconazole,N,until hematopoietic recovery; broad-spectrum mold-active if high-dose steroids for GVHD,fluoroquinolone,TMP_SMX,PCR_qPCR,2,NR,14,NR,NR
347,320,CyTBI,comparator_arm,Y,N,N,59,44,37,NR,NR,18,52,NR,NR,61,29,10,0,0,0,0,0,0,0,32,NR,NR,refined_DRI,46,41,13,0,0,MSD,98,2,0,PBSC,100,0,0,investigator_defined,MAC,100,87,13,0,0,NR,NR,NR,NR,NR,24,DR_combinations,N,,,,,,Y,tacrolimus,NR,N,,Y,"D+1 15 mg/m2; D+3, D+6 10 mg/m2 IV",35,N,N,N,,mixed,rabbit_thymoglobulin,6,standard_4.5_to_10_rabbit,pre_transplant,none,pre_2018,fluconazole,N,until hematopoietic recovery; broad-spectrum mold-active if high-dose steroids for GVHD,fluoroquinolone,TMP_SMX,PCR_qPCR,2,NR,37,NR,NR
348,321,Cohort-3 (PTCy-Tacrolimus),PTCy_arm,Y,N,N,81,53,55,NR,NR,20,72,NR,NR,38,20,NR,NR,NR,NR,NR,NR,0,42,58,NR,NR,refined_DRI,28,44,27,0,0,MUD,96,4,0,PBSC,35,65,0,investigator_defined,RIC,35,73,27,0,0,NR,NR,NR,NR,NR,11,DR_combinations,Y,50,2,"D+3,+4",100,standard_50x2,Y,tacrolimus,NR,N,,N,,,N,N,N,,N,,,,,select_high_risk,mixed_spans_era,fluconazole,N,until hematopoietic recovery; mold-active for high-dose steroid recipients,fluoroquinolone,TMP_SMX,PCR_qPCR,2,NR,27.2,NR,NR
349,321,Cohort-1 (CNI + MTX or MMF),comparator_arm,Y,N,N,58,52,41,NR,NR,18,69,NR,NR,52,24,NR,NR,NR,NR,NR,NR,0,24,31,NR,NR,refined_DRI,59,34,7,0,0,MSD,100,0,0,PBSC,79,21,0,investigator_defined,MAC,79,93,7,0,0,NR,NR,NR,NR,NR,22,DR_combinations,N,,,,,,Y,mixed,NR,mixed,NR,mixed,"15 mg/m2 D+1, 10 mg/m2 D+3,+6 (short-course)",35,N,N,N,,mixed,rabbit_thymoglobulin,6,standard_4.5_to_10_rabbit,pre_transplant,select_high_risk,pre_2018,fluconazole,N,until hematopoietic recovery; mold-active for high-dose steroid recipients,fluoroquinolone,TMP_SMX,PCR_qPCR,2,NR,69,NR,NR
350,321,Cohort-2 (TAC-SIRO),comparator_arm,N,N,N,87,60,61,NR,NR,22,77,NR,NR,57,6,NR,NR,NR,NR,NR,NR,0,37,53,NR,NR,refined_DRI,40,55,5,0,0,MUD,100,0,0,PBSC,0,100,0,investigator_defined,RIC,0,95,5,0,0,NR,NR,NR,NR,NR,10,DR_combinations,N,,,,,,Y,tacrolimus,NR,N,,N,,,Y,N,N,,mixed,rabbit_thymoglobulin,6,standard_4.5_to_10_rabbit,pre_transplant,select_high_risk,pre_2018,fluconazole,N,until hematopoietic recovery; mold-active for high-dose steroid recipients,fluoroquinolone,TMP_SMX,PCR_qPCR,2,NR,41.4,NR,NR
351,323,Haplo/PTCY,PTCy_arm,Y,N,N,47,62,35.1,30.6,46.9,NR,NR,NR,NR,0,100,0,0,0,0,0,0,0,0,100,0,0,investigator_defined,0,0,0,100,0,haplo,79,21,0,PBSC,83,17,0,EBMT,MAC,43,0,0,0,100,74,NR,NR,NR,NR,NR,R_only,Y,NR,NR,NR,NR,NR,Y,mixed,NR,Y,NR,N,,,Y,N,N,,mixed,NR,NR,NR,NR,NR,mixed_spans_era,NR,NR,NR,NR,NR,NR,NR,NR,34.4,NR,NR
352,323,MUD/ATG,comparator_arm,Y,N,N,69,61,35.5,27.2,49.2,NR,NR,NR,NR,0,100,0,0,0,0,0,0,0,0,100,0,0,investigator_defined,0,100,0,0,0,MUD,86,14,0,PBSC,81,19,0,EBMT,MAC,59,100,0,0,0,59,NR,NR,NR,NR,NR,R_only,N,,,,,,Y,mixed,NR,Y,NR,Y,NR,NR,Y,N,N,,Y,NR,NR,NR,pre_transplant,NR,mixed_spans_era,NR,NR,NR,NR,NR,NR,NR,NR,26.8,NR,NR
353,324,PTCY group,PTCy_arm,N,Y,N,193,NR,49,NR,NR,18.18,74.93,NR,NR,100,0,0,0,0,0,0,0,0,0,NR,NR,NR,NR,0,0,0,100,0,haplo,39.9,60.1,0,BM,56.99,43.01,0,investigator_defined,MAC,NR,0,0,0,100,NR,NR,66.67,5.38,18.28,9.68,DR_combinations,Y,50,2,"D+3,+4",100,standard_50x2,Y,mixed,NR,Y,NR,N,,,N,N,N,,N,,,,,none,pre_2018,NR,NR,NR,NR,NR,NR,NR,NR,31,NR,NR
354,324,ATG group,comparator_arm,N,Y,N,115,NR,46,NR,NR,18.2,70.59,NR,NR,100,0,0,0,0,0,0,0,0,0,NR,NR,NR,NR,0,0,0,100,0,haplo,53.91,46.09,0,PBSC,53.91,46.09,0,investigator_defined,MAC,NR,0,0,0,100,NR,NR,70.54,4.46,16.96,8.04,DR_combinations,N,,,,,,Y,mixed,NR,Y,NR,Y,NR,NR,Y,N,Y,Basiliximab in 40/115 (34.8%) as part of 5-drug regimen CSA+MMF+MTX+BASI,Y,mixed,NR,mixed,pre_transplant,none,pre_2018,NR,NR,NR,NR,NR,NR,NR,NR,21,NR,NR
355,325,Haplo-PTCY,PTCy_arm,Y,N,N,544,54.2,53,42,62,NR,NR,NR,NR,100,0,0,0,0,0,0,0,0,0,20,71,9,investigator_defined,0,0,0,100,0,haplo,100,0,0,PBSC,60,40,0,EBMT,MAC,20,,,,100,77,NR,NR,NR,NR,NR,R_only,Y,NR,NR,NR,NR,NR,Y,NR,NR,Y,NR,N,,,N,N,N,,N,,,,,NR,mixed_spans_era,NR,NR,NR,NR,NR,NR,NR,NR,34.9,NR,NR
356,325,dUCBT,comparator_arm,Y,N,N,165,55.8,53,39,61,NR,NR,NR,NR,100,0,0,0,0,0,0,0,0,0,25,65,10,investigator_defined,0,0,0,0,100,UCB,0,0,100,UCB,23,77,0,EBMT,RIC,95,,,,,65,,NR,NR,NR,NR,R_only,N,,,,,,NR,NR,NR,NR,NR,NR,NR,NR,NR,N,NR,,N,,,,,NR,mixed_spans_era,NR,NR,NR,NR,NR,NR,NR,NR,44.4,NR,NR
357,326,Haplo PT-CY,PTCy_arm,Y,N,N,96,53.1,9.8,3,15.2,NR,NR,NR,NR,100,0,0,0,0,0,0,0,0,0,30.7,48,21.3,investigator_defined,0,0,0,100,0,haplo,34.4,65.6,0,BM,100,0,0,investigator_defined,MAC,NR,0,0,100,100,NR,NR,74,10.4,7.3,8.3,DR_combinations,Y,NR,NR,NR,NR,NR,Y,cyclosporine,NR,Y,NR,N,,,N,N,NR,NR,N,,,,,NR,mixed_spans_era,NR,NR,NR,NR,NR,NR,NR,NR,36.7,NR,NR
358,326,MUD,comparator_arm,Y,N,N,420,53.1,7.7,2.8,13.6,NR,NR,NR,NR,100,0,0,0,0,0,0,0,0,0,42.1,44.3,13.6,investigator_defined,0,100,0,0,0,MUD,36.4,63.6,0,BM,100,0,0,investigator_defined,MAC,NR,100,0,0,0,NR,NR,32.1,11.9,29.3,26.7,DR_combinations,N,,,,,,Y,cyclosporine,NR,N,,Y,NR,NR,N,N,NR,NR,Y,NR,NR,NR,pre_transplant,NR,mixed_spans_era,NR,NR,NR,NR,NR,NR,NR,NR,28.7,NR,NR
359,327,Overall cohort (409 allo-HCT recipients; PTCy used in 13%),PTCy_arm,N,N,N,409,60,47,31,58,14,NR,NR,NR,34,13,26,NR,NR,11,2,NR,NR,14,NR,NR,NR,NR,32,46,11,10,2,mixed,80,18,2,PBSC,28,NR,NR,investigator_defined,RIC,22,NR,NR,NR,10,69,53,NR,NR,NR,NR,DR_combinations,mixed,50,2,"+3,+4",100,standard_50x2,Y,cyclosporine,NR,mixed,NR,mixed,NR,NR,NR,N,N,,mixed,NR,NR,NR,pre_transplant,NR,mixed_spans_era,fluconazole,N,NR,other,TMP_SMX,PCR_qPCR,2,NR,51,NR,NR
360,328,PT-Cy (combined PET+LET eras),PTCy_arm,Y,N,N,211,NR,NR,NR,NR,NR,NR,NR,NR,NR,NR,NR,NR,NR,NR,NR,NR,NR,NR,NR,NR,NR,NR,NR,NR,NR,NR,NR,mixed,NR,NR,NR,mixed,NR,NR,NR,investigator_defined,mixed,NR,NR,NR,NR,NR,100,NR,NR,0,NR,0,R_only,Y,NR,NR,NR,NR,NR,NR,NR,NR,NR,NR,NR,NR,NR,NR,N,NR,NR,mixed,NR,NR,NR,NR,mixed_spans_era,mixed_spans_era,NR,NR,NR,NR,NR,PCR_qPCR,1,PET cohort >=250 IU/mL or >5x baseline within 1 month; LET cohort >=500 IU/mL or >5x baseline; standard FHCC PET program,NR,NR,NR
361,328,Non-PTCy GVHD prophylaxis (CNI+MMF + CNI+MTX + Sirolimus-based + Other; combined PET+LET),comparator_arm,Y,N,N,2258,NR,NR,NR,NR,NR,NR,NR,NR,NR,NR,NR,NR,NR,NR,NR,NR,NR,NR,NR,NR,NR,NR,NR,NR,NR,NR,NR,mixed,NR,NR,NR,mixed,NR,NR,NR,investigator_defined,mixed,NR,NR,NR,NR,NR,100,NR,NR,0,NR,0,R_only,N,,,,,,mixed,NR,NR,mixed,NR,mixed,NR,NR,mixed,N,mixed,"Heterogeneous: CNI+MMF (n=879), CNI+MTX (n=1075), Sirolimus-based (n=212), Other (n=92)",mixed,NR,NR,NR,NR,mixed_spans_era,mixed_spans_era,NR,NR,NR,NR,NR,PCR_qPCR,1,PET cohort >=250 IU/mL or >5x baseline within 1 month; LET cohort >=500 IU/mL or >5x baseline; standard FHCC PET program,NR,NR,NR
362,332,PT-Cy,PTCy_arm,Y,N,N,73,NR,NR,NR,NR,NR,NR,NR,NR,0,0,0,0,0,0,100,0,0,0,NR,NR,NR,NR,0,0,0,100,0,haplo,NR,NR,0,NR,NR,NR,NR,investigator_defined,NR,NR,0,0,0,100,NR,NR,NR,NR,NR,NR,NR,Y,NR,NR,NR,NR,NR,NR,NR,NR,NR,NR,NR,NR,NR,NR,N,NR,NR,NR,NR,NR,NR,NR,NR,pre_2018,NR,NR,NR,NR,NR,NR,NR,NR,NR,NR,NR
363,332,No PT-Cy,comparator_arm,Y,N,N,17,NR,NR,NR,NR,NR,NR,NR,NR,0,0,0,0,0,0,100,0,0,0,NR,NR,NR,NR,0,0,0,100,0,haplo,NR,NR,0,NR,NR,NR,NR,investigator_defined,NR,NR,0,0,0,100,NR,NR,NR,NR,NR,NR,NR,N,,,,,,NR,NR,NR,NR,NR,NR,NR,NR,NR,N,NR,NR,NR,NR,NR,NR,NR,NR,pre_2018,NR,NR,NR,NR,NR,NR,NR,NR,NR,NR,NR
364,334,Period 1 (2017-2018),PTCy_arm,N,N,N,322,59,58,NR,NR,18,74,NR,NR,52.1,6.5,15.5,9,2.7,NR,NR,9.6,NR,4.3,27,65.2,6.5,DRI,24.5,46.3,9.9,19.3,0,MUD,96.6,3.4,0,PBSC,1.2,98.7,0,investigator_defined,RIC,NR,NR,9.9,NR,19.3,NR,NR,NR,NR,NR,NR,NR,mixed,50,2,"D+3,+4",100,standard_50x2,Y,cyclosporine,200-400,Y,NR,Y,"D+1 15 mg/m2, D+3,+6 10 mg/m2",35,N,N,N,,Y,rabbit_thymoglobulin,4.5,low_le_4.5_rabbit,pre_transplant,select_high_risk,mixed_spans_era,posaconazole,Y,3 months posaconazole after micafungin until engraftment,fluoroquinolone,TMP_SMX,PCR_qPCR,1,NR,19.9,NR,NR
365,334,Period 2 (2019-2020),PTCy_arm,N,N,N,329,52.8,58,NR,NR,18,76,NR,NR,53.1,10.9,13.3,6.3,1.8,NR,NR,6.3,NR,7.8,14.7,79.2,6.1,DRI,23.4,49.2,9.7,17.6,0,MUD,94.8,5.2,0,PBSC,38.1,61.6,0,investigator_defined,RIC,NR,NR,9.7,NR,17.6,NR,NR,NR,NR,NR,NR,NR,mixed,50,2,"D+3,+4",100,standard_50x2,Y,cyclosporine,150-250,Y,NR,Y,"D+1 15 mg/m2, D+3,+6 10 mg/m2",35,N,N,N,,Y,rabbit_thymoglobulin,2,low_le_4.5_rabbit,pre_transplant,select_high_risk,mixed_spans_era,posaconazole,Y,3 months posaconazole after micafungin until engraftment,fluoroquinolone,TMP_SMX,PCR_qPCR,1,NR,25,NR,NR
366,335,PTCY-TK,PTCy_arm,Y,N,N,88,63.6,60,NR,NR,50,70,NR,NR,35.2,12.5,31.8,6.8,NR,13.6,NR,NR,NR,3.4,31.8,64.8,NR,DRI,6.6,51.1,46.5,0,0,MUD,100,0,0,PBSC,29.5,70.5,0,investigator_defined,RIC,NR,51.1,46.5,0,0,NR,NR,NR,NR,NR,NR,NR,Y,50,2,"3,4",100,standard_50x2,Y,tacrolimus,5-15,N,,N,,,N,N,N,,N,,,,,none,,fluconazole,N,2 months from conditioning,fluoroquinolone,TMP_SMX,NR,NR,NR,18.2,NR,NR
367,335,Other GVHD Prophylaxis,comparator_arm,Y,N,N,73,45.2,59,NR,NR,50,69,NR,NR,37,4.1,31.5,9.6,NR,12.3,NR,NR,NR,5.5,35.6,60.3,NR,DRI,56,40,4,0,0,MSD,100,0,0,PBSC,28.8,71.2,0,investigator_defined,RIC,NR,40,4,0,0,NR,NR,NR,NR,NR,NR,NR,N,,,,,,Y,mixed,NR,mixed,NR,mixed,standard,NR,mixed,N,N,,N,,,,,none,,fluconazole,N,2 months from conditioning,fluoroquinolone,TMP_SMX,NR,NR,NR,26,NR,NR
368,336,PTCy-based,PTCy_arm,Y,N,N,66,56.1,54,41,64,NR,NR,NR,NR,0,0,100,0,0,0,0,0,0,0,33.9,35.7,16.1,investigator_defined,100,0,0,0,0,MSD,100,0,0,PBSC,52.3,47.7,0,EBMT,MAC,NR,,,,0,NR,NR,NR,NR,NR,NR,DR_combinations,Y,50,2,"D+3,+4",100,standard_50x2,Y,NR,NR,Y,NR,NR,NR,NR,NR,N,N,,Y,NR,NR,NR,pre_transplant,NR,mixed_spans_era,NR,NR,NR,NR,NR,NR,NR,NR,32,NR,NR
369,336,Other (conventional) GVHD prophylaxis,comparator_arm,Y,N,N,338,70.4,58,51,63,NR,NR,NR,NR,0,0,100,0,0,0,0,0,0,0,35.1,26.2,19.6,investigator_defined,100,0,0,0,0,MSD,100,0,0,PBSC,38.2,61.8,0,EBMT,RIC,NR,,,,0,NR,NR,NR,NR,NR,NR,DR_combinations,N,,,,,,Y,NR,NR,mixed,NR,mixed,NR,NR,NR,N,N,,Y,NR,NR,NR,pre_transplant,NR,mixed_spans_era,NR,NR,NR,NR,NR,NR,NR,NR,25,NR,NR
370,337,ATG-Based without PTCy,comparator_arm,Y,N,N,84,58.3,54,40,64,NR,NR,NR,NR,51.8,4.8,4.8,9.6,NR,13.3,NR,NR,NR,6.1,25.5,74.5,NR,DRI,0,100,0,0,0,MUD,100,0,0,PBSC,46.4,53.6,0,investigator_defined,RIC,NR,100,0,0,0,NR,NR,NR,NR,NR,NR,NR,N,,,,,,Y,cyclosporine,200-400,Y,NR,N,,,N,N,N,,Y,rabbit_thymoglobulin,4.5,low_le_4.5_rabbit,pre_transplant,none,pre_2018,mixed,Y,until engraftment then posaconazole 3 months,fluoroquinolone,TMP_SMX,NR,NR,NR,35.7,NR,NR
371,337,ATG(4.5)/PTCy,PTCy_arm,Y,N,N,127,60.6,58,49,66,NR,NR,NR,NR,53.8,6.4,13.7,8.5,NR,9,NR,NR,NR,2.1,24.4,75.6,NR,DRI,0,100,0,0,0,MUD,100,0,0,PBSC,10.2,89.8,0,investigator_defined,RIC,NR,100,0,0,0,NR,NR,NR,NR,NR,NR,NR,Y,50,2,"+3,+4",100,standard_50x2,Y,cyclosporine,200-400,N,,N,,,N,N,N,,Y,rabbit_thymoglobulin,4.5,low_le_4.5_rabbit,pre_transplant,none,pre_2018,mixed,Y,until engraftment then posaconazole 3 months,fluoroquinolone,TMP_SMX,NR,NR,NR,23.3,NR,NR
372,337,ATG(2)/PTCy,PTCy_arm,Y,N,N,233,56.2,61,51,67,NR,NR,NR,NR,52.8,6.3,19.7,10.2,NR,2.4,NR,NR,NR,4.7,15.9,86.1,NR,DRI,0,100,0,0,0,MUD,100,0,0,PBSC,27.5,72.5,0,investigator_defined,RIC,NR,100,0,0,0,NR,NR,NR,NR,NR,NR,NR,Y,50,2,"+3,+4",100,standard_50x2,Y,cyclosporine,200-400,N,,N,,,N,N,N,,Y,rabbit_thymoglobulin,2,low_le_4.5_rabbit,pre_transplant,none,mixed_spans_era,mixed,Y,until engraftment then posaconazole 3 months,fluoroquinolone,TMP_SMX,NR,NR,NR,16.5,NR,NR
373,338,PTCy/Tac Group,PTCy_arm,Y,N,N,95,58.9,54,NR,NR,22,70,NR,NR,36.8,20,18.9,9.5,1.1,10.6,NR,NR,NR,3.2,28.3,NR,71.8,DRI,17.9,82.1,0,0,0,MUD,100,0,0,PBSC,46.3,53.7,0,investigator_defined,RIC,NR,100,0,0,0,NR,NR,NR,NR,NR,NR,NR,Y,50,2,"+3,+4",100,standard_50x2,Y,tacrolimus,NR,N,,N,,,N,N,N,,N,,,,,none,mixed_spans_era,NR,NR,NR,NR,NR,PCR_qPCR,NR,>1000 copies/mL CMV-DNA in plasma,NR,NR,NR
374,338,No-PTCy Group,comparator_arm,Y,N,N,177,54.2,53,NR,NR,18,69,NR,NR,39,14.1,17.5,5.6,5.1,15.4,NR,NR,NR,2.3,33.1,NR,66.9,DRI,59.9,40.1,0,0,0,MSD,100,0,0,PBSC,45.8,54.2,0,investigator_defined,RIC,NR,100,0,0,0,NR,NR,NR,NR,NR,NR,NR,N,,,,,,Y,mixed,NR,mixed,15 mg/kg q8h when used,mixed,"MTX 15 mg/m2 D+1, 10 mg/m2 D+3, +6 (when used)",35,N,N,N,,N,,,,,none,pre_2018,NR,NR,NR,NR,NR,PCR_qPCR,NR,>1000 copies/mL CMV-DNA in plasma,NR,NR,NR
375,340,Haplo/PTCy,PTCy_arm,Y,N,N,758,NR,NR,NR,NR,NR,NR,NR,NR,NR,NR,NR,NR,NR,0,0,0,0,0,NR,NR,NR,refined_DRI,0,0,0,100,0,haplo,NR,NR,0,mixed,NR,NR,NR,CIBMTR,mixed,NR,0,0,0,100,NR,NR,NR,NR,NR,NR,NR,Y,NR,NR,NR,NR,NR,Y,NR,NR,Y,NR,N,,,N,N,N,,N,,,,,NR,pre_2018,NR,NR,NR,NR,NR,NR,NR,NR,35,NR,NR
376,340,MUD/conventional (+/- ATG),comparator_arm,Y,N,N,2586,NR,NR,NR,NR,NR,NR,NR,NR,NR,NR,NR,NR,NR,0,0,0,0,0,NR,NR,NR,refined_DRI,0,100,0,0,0,MUD,NR,NR,0,mixed,NR,NR,NR,CIBMTR,mixed,NR,100,0,0,0,NR,NR,NR,NR,NR,NR,NR,N,,,,,,Y,NR,NR,mixed,NR,mixed,NR,NR,N,N,N,,mixed,NR,NR,mixed,pre_transplant,NR,pre_2018,NR,NR,NR,NR,NR,NR,NR,NR,44.7,NR,NR
377,341,Flu-Cy-TBI RIC,PTCy_arm,N,N,N,15,52,NR,NR,NR,19,69,50,NR,75,0,25,0,0,0,0,0,0,0,NR,NR,NR,NR,13.3,20,NR,73.3,0,haplo,99,NR,0,PBSC,0,100,0,investigator_defined,RIC,100,NR,NR,NR,73.3,NR,NR,NR,NR,NR,NR,NR,mixed,50,2,"+3,+4",100,standard_50x2,Y,mixed,NR,mixed,NR,mixed,NR,NR,N,N,N,,mixed,NR,NR,NR,NR,NR,mixed_spans_era,NR,NR,NR,NR,NR,NR,NR,NR,26.6,NR,NR
378,341,Flu-Mel RIC,PTCy_arm,N,N,N,30,55,NR,NR,NR,20,64,45,NR,80,0,20,0,0,0,0,0,0,0,NR,NR,NR,NR,16.7,20,NR,63.3,0,haplo,99,NR,0,PBSC,0,100,0,investigator_defined,RIC,0,NR,NR,NR,63.3,NR,NR,NR,NR,NR,NR,NR,mixed,50,2,"+3,+4",100,standard_50x2,Y,mixed,NR,mixed,NR,mixed,NR,NR,N,N,N,,mixed,NR,NR,NR,NR,NR,mixed_spans_era,NR,NR,NR,NR,NR,NR,NR,NR,23.3,NR,NR
379,341,Flu-Bu2 RIC,PTCy_arm,N,N,N,7,52,NR,NR,NR,20,67,49,NR,80,0,20,0,0,0,0,0,0,0,NR,NR,NR,NR,42.9,14.3,NR,42.9,0,mixed,99,NR,0,PBSC,0,100,0,investigator_defined,RIC,0,NR,NR,NR,42.9,NR,NR,NR,NR,NR,NR,NR,mixed,50,2,"+3,+4",100,standard_50x2,Y,mixed,NR,mixed,NR,mixed,NR,NR,N,N,N,,mixed,NR,NR,NR,NR,NR,mixed_spans_era,NR,NR,NR,NR,NR,NR,NR,NR,0,NR,NR
380,343,PT-Cy,PTCy_arm,Y,N,N,118,NR,NR,NR,NR,NR,NR,NR,NR,0,100,0,0,0,0,0,0,0,0,NR,NR,NR,NR,0,0,0,100,0,haplo,NR,NR,0,mixed,NR,NR,NR,EBMT,mixed,NR,0,0,NR,100,NR,NR,NR,NR,NR,NR,NR,Y,NR,NR,NR,NR,NR,Y,NR,NR,Y,NR,NR,,,NR,N,NR,NR,N,,,,,none,pre_2018,NR,NR,NR,NR,NR,NR,NR,NR,30.6,NR,NR
381,343,ATG-based,comparator_arm,Y,N,N,90,NR,NR,NR,NR,NR,NR,NR,NR,0,100,0,0,0,0,0,0,0,0,NR,NR,NR,NR,0,0,0,100,0,haplo,NR,NR,0,mixed,NR,NR,NR,EBMT,mixed,NR,0,0,NR,100,NR,NR,NR,NR,NR,NR,NR,N,,,,,,Y,NR,NR,Y,NR,NR,NR,NR,NR,N,NR,NR,Y,mixed,mixed (Thymoglobulin median 10 mg/kg n=27; Fresenius/Grafalon median 30 mg/kg n=44; 24 unknown type),mixed,pre_transplant,none,pre_2018,NR,NR,NR,NR,NR,NR,NR,NR,NR,NR,NR
382,344,Haplo,PTCy_arm,Y,N,N,250,62,65,62.3,66.9,60,78,NR,NR,100,0,0,0,0,0,0,0,0,0,18,17,10,investigator_defined,0,0,0,100,0,haplo,48,52,0,BM,27,73,0,EBMT,RIC,NR,0,0,0,100,NR,NR,NR,NR,NR,NR,NR,Y,NR,NR,NR,NR,NR,Y,mixed,NR,Y,NR,N,,,Y,N,N,,Y,NR,NR,NR,NR,era_proxy_only,pre_2018,NR,NR,NR,NR,NR,NR,NR,NR,30.5,NR,NR
383,344,MUD 10/10,comparator_arm,Y,N,N,2589,57,64.8,62.2,67.6,60,NR,NR,NR,100,0,0,0,0,0,0,0,0,0,16,15,5,investigator_defined,0,100,0,0,0,MUD,94,6,0,PBSC,23,77,0,EBMT,RIC,NR,100,0,0,0,NR,NR,NR,NR,NR,NR,NR,N,,,,,,Y,mixed,NR,Y,NR,Y,NR,NR,Y,N,N,,Y,NR,NR,NR,NR,era_proxy_only,pre_2018,NR,NR,NR,NR,NR,NR,NR,NR,33.1,NR,NR
384,345,MAC haplo-SCT,PTCy_arm,N,N,N,373,NR,55.2,NR,NR,NR,NR,NR,NR,100,0,0,0,0,0,0,0,0,0,15.3,40.8,NR,investigator_defined,0,0,0,100,0,haplo,47.4,52.6,0,BM,100,0,0,EBMT,MAC,6.4,0,0,0,100,NR,NR,NR,NR,NR,NR,NR,mixed,NR,NR,NR,NR,NR,Y,NR,NR,NR,NR,NR,NR,NR,NR,N,NR,NR,mixed,NR,NR,NR,pre_transplant,NR,pre_2018,NR,NR,NR,NR,NR,NR,NR,NR,24.8,NR,NR
385,345,RIC haplo-SCT,PTCy_arm,N,N,N,539,NR,61.3,NR,NR,NR,NR,NR,NR,100,0,0,0,0,0,0,0,0,0,19.5,49.2,NR,investigator_defined,0,0,0,100,0,haplo,60.3,39.7,0,PBSC,0,100,0,EBMT,RIC,32.2,0,0,0,100,NR,NR,NR,NR,NR,NR,NR,mixed,NR,NR,NR,NR,NR,Y,NR,NR,NR,NR,NR,NR,NR,NR,N,NR,NR,mixed,NR,NR,NR,pre_transplant,NR,pre_2018,NR,NR,NR,NR,NR,NR,NR,NR,32.4,NR,NR
386,346,All allo-HCT 2015-2021 (entire cohort; PTCy-based prophylaxis in 72.4%),PTCy_arm,N,N,N,960,55.9,58,NR,NR,18,76,NR,NR,NR,NR,NR,NR,5.3,5.6,NR,NR,NR,3.4,18,NR,NR,DRI,27,46,12,16,0,MUD,96.5,NR,0,PBSC,26.5,73.5,NR,investigator_defined,RIC,NR,73,12,NR,16,NR,NR,NR,NR,NR,NR,NR,mixed,50,2,"+3,+4",100,standard_50x2,Y,cyclosporine,NR,mixed,NR,mixed,"15 mg/m2 d+1, 10 mg/m2 d+3 and +6 (in non-PTCy arms)",35,N,N,N,,mixed,rabbit_thymoglobulin,2-4.5 (mixed),low_le_4.5_rabbit,pre_transplant,NR,mixed_spans_era,NR,NR,NR,NR,NR,NR,NR,NR,23.8,NR,NR
387,348,PTCy (9/10 MMUD),PTCy_arm,N,N,N,45,61.9,NR,NR,NR,18,68,40.73,15.57,53.4,22.2,13.3,0,0,11.1,0,0,0,0,75.6,24.4,0,investigator_defined,0,0,100,0,0,MMUD,88.9,8.8,0,PBSC,100,0,0,investigator_defined,MAC,NR,0,100,0,0,100,75.6,75.6,0,24.4,0,DR_combinations,Y,50,2,"+3,+4",100,standard_50x2,Y,tacrolimus,5-15,N,,Y,"D+1 15 mg/m2, D+3 and D+6 10 mg/m2",35,N,N,N,,N,,,,,none,mixed_spans_era,fluconazole,N,duration of immunosuppression,fluoroquinolone,TMP_SMX,PCR_qPCR,2,>1000 IU/mL single or >500 IU/mL on 2 consecutive measurements,NR,NR,NR
388,348,"Control (MRD, MTX+CNI)",comparator_arm,N,N,N,45,62.2,NR,NR,NR,18,68,39.62,13.97,53.4,31.1,11.1,0,0,4.4,0,0,0,0,80,20,0,investigator_defined,100,0,0,0,0,MSD,93.4,4.4,0,PBSC,100,0,0,investigator_defined,MAC,NR,100,0,0,0,97.8,86.7,84.5,2.2,13.3,0,DR_combinations,N,,,,,,Y,cyclosporine,NR,N,,Y,"D+1 15 mg/m2, D+3 D+6 D+11 10 mg/m2",45,N,N,N,,N,,,,,none,mixed_spans_era,fluconazole,N,duration of immunosuppression,fluoroquinolone,TMP_SMX,PCR_qPCR,2,>1000 IU/mL single or >500 IU/mL on 2 consecutive measurements,NR,NR,NR
389,352,Haplo (PTCy),PTCy_arm,Y,Y,N,116,NR,NR,NR,NR,NR,NR,NR,NR,50,50,0,0,0,0,0,0,0,0,NR,NR,NR,NR,0,0,0,100,0,haplo,37.9,62.1,0,BM,64.7,24.1,11.2,investigator_defined,MAC,NR,,,,100,NR,NR,NR,NR,NR,6,DR_combinations,Y,NR,NR,NR,NR,NR,NR,NR,NR,NR,NR,NR,NR,NR,NR,N,NR,NR,N,,,,,NR,mixed_spans_era,NR,NR,NR,NR,NR,NR,NR,NR,NR,NR,NR
390,352,MSD,comparator_arm,Y,N,N,338,NR,NR,NR,NR,NR,NR,NR,NR,56.2,43.8,0,0,0,0,0,0,0,0,NR,NR,NR,NR,100,0,0,0,0,MSD,34,66,0,BM,86.7,9.5,3.6,investigator_defined,MAC,NR,,,,0,NR,NR,NR,NR,NR,3.6,DR_combinations,N,,,,,,NR,NR,NR,NR,NR,NR,NR,NR,NR,N,NR,NR,mixed,NR,NR,NR,NR,NR,mixed_spans_era,NR,NR,NR,NR,NR,NR,NR,NR,NR,NR,NR
391,352,MUD (8/8 ATG-based),comparator_arm,N,Y,N,141,NR,NR,NR,NR,NR,NR,NR,NR,42.6,57.4,0,0,0,0,0,0,0,0,NR,NR,NR,NR,0,100,0,0,0,MUD,41.1,58.9,0,BM,90.8,8.5,0.7,investigator_defined,MAC,NR,NR,0,0,0,NR,NR,NR,NR,NR,0.7,DR_combinations,N,,,,,,NR,NR,NR,NR,NR,NR,NR,NR,NR,N,NR,NR,Y,NR,NR,NR,pre_transplant,NR,mixed_spans_era,NR,NR,NR,NR,NR,NR,NR,NR,NR,NR,NR
392,353,PTCY Cohort,PTCy_arm,N,Y,N,24,46,51,NR,NR,20,71,NR,NR,63,21,NR,NR,NR,NR,12,NR,NR,4,NR,NR,NR,NR,NR,8,NR,92,0,haplo,46,54,0,BM,71,29,NR,EBMT,MAC,NR,NR,NR,NR,92,79,84,71,13,8,8,DR_combinations,Y,50,2,"+3,+4",100,standard_50x2,Y,cyclosporine,NR,Y,NR,N,,,N,N,N,,N,,,,,NR,mixed_spans_era,NR,NR,NR,NR,NR,NR,NR,NR,NR,NR,NR
393,353,ATG Cohort,comparator_arm,N,Y,N,16,31,45,NR,NR,21,61,NR,NR,75,25,NR,NR,NR,NR,0,NR,NR,0,NR,NR,NR,NR,NR,0,NR,100,0,haplo,75,25,0,PBSC,94,6,NR,EBMT,MAC,NR,NR,NR,NR,100,81,87,75,12,6,6,DR_combinations,N,,,,,,Y,mixed,NR,N,,Y,NR,NR,N,N,N,,Y,NR,8.75,NR,pre_transplant,NR,mixed_spans_era,NR,NR,NR,NR,NR,NR,NR,NR,NR,NR,NR
394,357,PT-CY/CSA,PTCy_arm,Y,N,N,89,66.3,34,29,43,NR,NR,NR,NR,100,0,0,0,0,0,0,0,0,0,2.2,88.8,9,DRI,NR,NR,0,0,0,mixed,100,0,0,PBSC,100,0,0,investigator_defined,MAC,0,100,0,0,0,87.6,75.3,NR,NR,NR,NR,DR_combinations,Y,50,2,"D+3,+4",100,standard_50x2,Y,cyclosporine,"200-300 first month, then 100-200",N,,N,,,N,N,N,,N,,,,,NR,mixed_spans_era,NR,NR,NR,NR,NR,NR,NR,NR,NR,NR,NR
395,357,MTX/CSA,comparator_arm,Y,N,N,90,56.7,29,23,37,NR,NR,NR,NR,100,0,0,0,0,0,0,0,0,0,6.7,90,3.3,DRI,NR,NR,0,0,0,mixed,100,0,0,PBSC,100,0,0,investigator_defined,MAC,0,100,0,0,0,92.2,91.1,NR,NR,NR,NR,DR_combinations,N,,,,,,Y,cyclosporine,"200-300 first month, then 100-200",N,,Y,"D+1 15 mg/m2; D+3,+6,+11 10 mg/m2",45,N,N,N,,N,,,,,NR,mixed_spans_era,NR,NR,NR,NR,NR,NR,NR,NR,NR,NR,NR
396,358,ATG group (JSCT-ATG15),comparator_arm,N,Y,N,67,53.7,46,NR,NR,19,60,NR,NR,55.2,29.9,11.9,NR,NR,3,NR,NR,NR,NR,7.5,80.6,11.9,refined_DRI,NR,NR,0,0,0,MSD,100,0,0,PBSC,100,0,0,investigator_defined,MAC,NR,NR,0,0,0,NR,NR,NR,NR,NR,NR,NR,N,,,,,,Y,mixed,NR,N,,Y,short_course,NR,N,N,N,,Y,rabbit_thymoglobulin,2,low_le_4.5_rabbit,pre_transplant,NR,mixed_spans_era,NR,NR,NR,NR,NR,NR,NR,NR,NR,NR,NR
397,358,PTCy group (JSCT-PTCY19),PTCy_arm,N,Y,N,41,63.4,45,NR,NR,20,65,NR,NR,34.1,26.8,19.5,NR,NR,19.5,NR,NR,NR,NR,24.4,68.3,7.3,refined_DRI,NR,NR,NR,0,0,MUD,100,0,0,PBSC,65.9,34.1,0,investigator_defined,MAC,NR,48.8,NR,NR,0,NR,NR,NR,NR,NR,NR,NR,Y,50,2,"D+3,+4",100,standard_50x2,Y,tacrolimus,NR,Y,NR,N,,,N,N,N,,N,,,,,NR,post_2018,NR,NR,NR,NR,NR,NR,NR,NR,NR,NR,NR
398,359,"PTCy/CsA (therapeutic group, Group A)",PTCy_arm,Y,N,N,75,65.3,34,NR,NR,19,60,NR,NR,70.7,1.3,16,NR,9.3,NR,NR,NR,NR,2.7,NR,NR,NR,NR,97.3,0,0,0,0,MSD,100,0,0,PBSC,100,0,0,investigator_defined,MAC,0,NR,2.7,0,0,NR,NR,NR,NR,NR,NR,NR,Y,50,2,"D+3,+4",100,standard_50x2,Y,cyclosporine,200-400 ng/mL,N,,N,,,N,N,N,,N,,,,,NR,mixed_spans_era,NR,NR,NR,NR,NR,NR,NR,NR,10.7,NR,1.3
399,359,"MTX/CsA (historical group, Group B)",comparator_arm,Y,N,N,75,54.7,28,NR,NR,16,58,NR,NR,57.3,13.4,12,NR,16,NR,NR,NR,NR,1.3,NR,NR,NR,NR,100,0,0,0,0,MSD,100,0,0,PBSC,100,0,0,investigator_defined,MAC,12,NR,0,0,0,NR,NR,NR,NR,NR,NR,NR,N,,,,,,Y,cyclosporine,200-400 ng/mL,N,,Y,"15 mg/m2 D+1, 10 mg/m2 D+3,+6,+11",45,N,N,N,,N,,,,,NR,mixed_spans_era,NR,NR,NR,NR,NR,NR,NR,NR,14.7,NR,5.4
400,361,HaploCy,PTCy_arm,N,Y,N,757,60.6,58,NR,NR,3,78,NR,NR,69.7,3.4,26.8,NR,NR,NR,NR,NR,NR,NR,NR,NR,NR,investigator_defined,0,0,0,100,0,haplo,59.3,40.7,0,mixed,41.5,58.5,NR,CIBMTR,RIC,70.1,0,NR,NR,100,NR,NR,43.1,7.1,28.7,17.3,DR_combinations,Y,NR,NR,NR,NR,NR,Y,NR,NR,Y,NR,N,,,NR,N,N,,N,,,,,era_proxy_only,pre_2018,NR,NR,NR,NR,NR,NR,NR,NR,NR,NR,NR
401,361,SibCy,PTCy_arm,N,N,Y,403,60.3,47,NR,NR,3,75,NR,NR,76.9,4.7,18.4,NR,NR,NR,NR,NR,NR,NR,NR,NR,NR,investigator_defined,100,0,0,0,0,MSD,67.5,32.5,0,PBSC,55.1,44.9,NR,CIBMTR,MAC,58.1,100,0,0,0,NR,NR,42.7,8.9,25.1,19.6,DR_combinations,Y,NR,NR,NR,NR,NR,Y,NR,NR,Y,NR,N,,,NR,N,N,,N,,,,,era_proxy_only,pre_2018,NR,NR,NR,NR,NR,NR,NR,NR,NR,NR,NR
402,361,SibCNI,comparator_arm,N,Y,Y,1605,58.1,57,NR,NR,2,78,NR,NR,63.9,3.7,32.4,NR,NR,NR,NR,NR,NR,NR,NR,NR,NR,investigator_defined,100,0,0,0,0,MSD,87.5,12.5,0,PBSC,58.3,41.7,NR,CIBMTR,MAC,27.2,100,0,0,0,NR,NR,42.6,10.1,23.9,20.4,DR_combinations,N,,,,,,Y,NR,NR,mixed,NR,mixed,NR,NR,NR,N,N,CNI+MMF (22%) or CNI+MTX (78%) per protocol,N,,,,,era_proxy_only,pre_2018,NR,NR,NR,NR,NR,NR,NR,NR,NR,NR,NR
403,363,PTCy group,PTCy_arm,N,Y,N,22,86.4,58,44,67,NR,NR,NR,NR,NR,NR,NR,NR,NR,41,NR,NR,NR,5,18,64,9,DRI,0,0,100,0,0,MMUD,95,5,0,PBSC,41,59,0,investigator_defined,RIC,NR,0,100,0,0,NR,NR,27,9,18,46,DR_combinations,Y,40,2,"+3,+4",80,reduced_40x2,Y,cyclosporine,NR,Y,NR,N,,,N,N,N,,N,,,,,NR,mixed_spans_era,fluconazole,N,NR,NR,NR,NR,NR,NR,15,NR,NR
404,363,Control group (ATG),comparator_arm,N,Y,N,58,44.8,50,39,60,NR,NR,NR,NR,NR,NR,NR,NR,NR,33,NR,NR,NR,5,28,59,10,DRI,0,0,100,0,0,MMUD,91,9,0,PBSC,62,38,0,investigator_defined,MAC,NR,0,100,0,0,NR,NR,34,9,29,28,DR_combinations,N,,,,,,Y,mixed,NR,mixed,NR,mixed,NR,NR,N,N,N,,Y,rabbit_grafalon_ATLG,NR,NR,pre_transplant,NR,pre_2018,fluconazole,N,NR,NR,NR,NR,NR,NR,50,NR,NR
405,364,Haploidentical HSCT with PTCy,PTCy_arm,N,N,N,109,58.7,31.9,NR,NR,18.2,66.4,NR,NR,0,100,0,0,0,0,0,0,0,0,NR,NR,NR,NR,0,0,0,100,0,haplo,54.1,45.9,0,PBSC,64.2,NR,35.8,investigator_defined,MAC,NR,0,0,0,100,NR,NR,NR,NR,NR,NR,NR,Y,50,2,"+3,+4",100,standard_50x2,Y,tacrolimus,NR,Y,NR,N,,,N,N,N,,N,,,,,NR,pre_2018,NR,NR,NR,NR,NR,NR,NR,NR,33,NR,NR
406,366,ATLG,comparator_arm,N,Y,N,74,60.8,29,NR,NR,18,61,NR,NR,0,100,0,0,0,0,0,0,0,0,100,0,0,investigator_defined,12.2,45.9,37.8,4.1,0,MUD,62.2,37.8,0,PBSC,100,0,0,investigator_defined,MAC,100,NR,NR,NR,4.1,54.1,52.7,36.5,16.2,17.6,29.7,DR_combinations,N,,,,,,Y,cyclosporine,NR,Y,NR,Y,NR,NR,N,N,N,,Y,rabbit_grafalon_ATLG,60,high_gt_10_rabbit_ATLG,pre_transplant,NR,pre_2018,NR,NR,NR,NR,NR,NR,NR,NR,33,NR,NR
407,366,PTCy,PTCy_arm,N,Y,N,73,56.2,42,NR,NR,18,79,NR,NR,0,100,0,0,0,0,0,0,0,0,100,0,0,investigator_defined,24.7,43.8,17.8,13.7,0,MUD,89,11,0,PBSC,100,0,0,investigator_defined,MAC,100,NR,NR,NR,13.7,64.4,56.2,46.6,9.6,17.8,26,DR_combinations,Y,50,2,"D+3,D+4",100,standard_50x2,Y,mixed,NR,Y,NR,N,,,N,N,N,,N,,,,,NR,post_2018,NR,NR,NR,NR,NR,NR,NR,NR,46,NR,NR
408,368,PTCy-haplo,PTCy_arm,Y,N,N,136,71,46.5,NR,NR,17,68,NR,NR,65,24,11,0,0,0,0,0,0,0,41,41,4,refined_DRI,0,0,0,100,0,haplo,95.6,3.7,0,PBSC,51,49,NR,investigator_defined,MAC,NR,0,0,0,100,NR,NR,NR,NR,NR,NR,NR,Y,50,2,days_3_4_or_3_5,100,standard_50x2,Y,tacrolimus,NR,Y,NR,N,,,N,N,N,,Y,NR,NR,NR,NR,none,pre_2018,NR,NR,NR,NR,NR,NR,NR,NR,29,NR,NR
409,368,UCBT,comparator_arm,Y,N,N,408,71,49.5,NR,NR,16,69,NR,NR,63,23,14,0,0,0,0,0,0,0,41,41,4,refined_DRI,0,0,0,0,100,UCB,0,0,100,UCB,52,48,NR,investigator_defined,MAC,NR,,,,0,NR,,NR,NR,NR,NR,NR,N,,,,,,Y,NR,NR,Y,NR,Y,short_term_MTX,NR,N,N,N,,NR,,,,,none,pre_2018,NR,NR,NR,NR,NR,NR,NR,NR,41,NR,NR
410,371,PTCy group,PTCy_arm,Y,N,N,44,68.2,27,NR,NR,2,63,NR,NR,20.5,29.5,29.5,0,6.8,6.8,0,0,0,6.8,40.9,47.7,6.8,refined_DRI,0,0,0,100,0,haplo,61.4,0,0,mixed,100,0,0,investigator_defined,MAC,0,0,0,0,100,NR,NR,NR,NR,NR,NR,NR,Y,50,2,"3,4",100,standard_50x2,Y,cyclosporine,NR,Y,NR,Y,short-term MTX (CSA+MTX in 27/44; CSA+MMF in 17/44),NR,N,N,N,,N,,,,,NR,pre_2018,NR,NR,NR,NR,NR,NR,NR,NR,18.2,NR,NR
411,371,G-CSF/ATG group,comparator_arm,Y,N,N,176,60.8,28,NR,NR,3,63,NR,NR,20.5,29.5,29.5,0,6.8,6.8,0,0,0,6.8,40.9,47.7,6.8,refined_DRI,0,0,0,100,0,haplo,0,0,0,mixed,100,0,0,investigator_defined,MAC,0,0,0,0,100,NR,NR,NR,NR,NR,NR,NR,N,,,,,,Y,cyclosporine,NR,Y,2000,Y,short-term MTX (with CSA+MMF),NR,N,N,N,,Y,rabbit_thymoglobulin,10,standard_4.5_to_10_rabbit,pre_transplant,NR,pre_2018,NR,NR,NR,NR,NR,NR,NR,NR,26.7,NR,NR
412,374,Post-transplant CY (PTCy-based GVHD prophylaxis),PTCy_arm,Y,N,N,59,NR,NR,NR,NR,NR,NR,NR,NR,0,0,0,0,0,100,0,0,0,0,NR,NR,NR,DRI,NR,NR,NR,NR,NR,haplo,NR,NR,NR,NR,NR,NR,NR,investigator_defined,NR,NR,NR,NR,NR,NR,NR,NR,NR,NR,NR,NR,NR,Y,NR,NR,NR,NR,NR,NR,NR,NR,Y,NR,NR,NR,NR,NR,N,Y,"Subset received intensified schedule including anti-T-lymphocyte globulin, anti-CD25 basiliximab, and mycophenolate mofetil (Di Bartolomeo protocol)",mixed,NR,NR,NR,NR,NR,mixed_spans_era,NR,NR,NR,NR,NR,NR,NR,NR,NR,NR,NR
413,374,No post-transplant CY (conventional GVHD prophylaxis),comparator_arm,Y,N,N,226,NR,NR,NR,NR,NR,NR,NR,NR,0,0,0,0,0,100,0,0,0,0,NR,NR,NR,DRI,NR,NR,NR,NR,NR,mixed,NR,NR,NR,NR,NR,NR,NR,investigator_defined,NR,NR,NR,NR,NR,NR,NR,NR,NR,NR,NR,NR,NR,N,,,,,,NR,NR,NR,NR,NR,NR,NR,NR,NR,NR,NR,Conventional GVHD prophylaxis per individual center standards; specific agents not reported,mixed,NR,NR,NR,NR,NR,mixed_spans_era,NR,NR,NR,NR,NR,NR,NR,NR,NR,NR,NR
414,375,TCR/PTCY,PTCy_arm,Y,N,N,27,51.9,43,NR,NR,23,61,NR,NR,48.1,14.8,0,0,0,29.6,0,7.4,0,0,92.6,NR,NR,investigator_defined,0,0,0,100,0,haplo,29.6,70.4,0,BM,29.6,70.4,0,investigator_defined,RIC,NR,0,0,0,100,44.4,29.6,25.9,3.7,18.5,51.9,DR_combinations,Y,50,2,"+3,+4",100,standard_50x2,Y,tacrolimus,NR,Y,NR,N,,,N,N,N,,N,,,,,none,pre_2018,NR,NR,NR,NR,TMP_SMX,PCR_qPCR,0.5,any CMV antigenemia or DNA-emia,29.6,NR,NR
415,375,cTCR/TCD,comparator_arm,Y,N,N,28,78.6,30.5,NR,NR,18,60,NR,NR,71.4,10.7,0,3.6,3.6,7.1,0,0,3.6,0,71.4,NR,NR,investigator_defined,0,0,0,100,0,haplo,100,100,0,mixed,28.6,71.4,0,investigator_defined,RIC,NR,0,0,0,100,57.1,57.1,39.3,17.9,17.9,25,DR_combinations,N,,,,,,Y,cyclosporine,NR,N,,Y,"short-course MTX 15 mg/m2 day +1, 10 mg/m2 days +3, +7",35,N,N,Y,Pre-transplant cyclophosphamide 50 mg/kg x 4 days as part of conditioning; CD6-depleted PBSC graft component,Y,rabbit_thymoglobulin,100,high_gt_10_rabbit_ATLG,pre_transplant,none,pre_2018,NR,NR,NR,NR,TMP_SMX,PCR_qPCR,0.5,any CMV antigenemia or DNA-emia,39.3,NR,NR
416,379,PTCy,PTCy_arm,Y,N,N,44,63.6,45.6,NR,NR,3,70,NR,NR,45.5,27.3,20.5,0,NR,4.5,2.3,0,NR,NR,NR,NR,NR,NR,20.5,79.5,NR,0,0,MUD,100,0,0,PBSC,81.8,9.1,9.1,investigator_defined,MAC,NR,NR,NR,NR,0,100,50,50,0,50,0,DR_combinations,Y,NR,NR,NR,NR,NR,Y,NR,NR,N,,N,,,mixed,N,N,,N,,,,,none,pre_2018,NR,NR,NR,NR,NR,PCR_qPCR,1,>=150 IU/mL within 100 days; >=500 IU/mL after day 100; >=50 IU/mL if receiving >=1 mg/kg prednisone,68,NR,NR
417,379,MMF,comparator_arm,Y,N,N,414,55.3,61.5,NR,NR,18.2,80.9,NR,NR,32.6,5.3,23.4,0,NR,15.9,12.8,9.9,NR,NR,NR,NR,NR,NR,43,57,NR,0,0,MUD,100,0,0,PBSC,15,7.5,77.5,investigator_defined,NMA,NR,NR,NR,NR,0,100,48.8,48.8,0,51.2,0,DR_combinations,N,,,,,,Y,NR,NR,Y,NR,N,,,mixed,N,N,,N,,,,,none,pre_2018,NR,NR,NR,NR,NR,PCR_qPCR,1,>=150 IU/mL within 100 days; >=500 IU/mL after day 100; >=50 IU/mL if receiving >=1 mg/kg prednisone,61,NR,NR
418,379,MTX,comparator_arm,Y,N,N,322,56.5,51.4,NR,NR,3.3,69.4,NR,NR,38.8,13.4,40.4,0,NR,4.3,1.9,1.2,NR,NR,NR,NR,NR,NR,41.3,58.7,NR,0,0,MUD,100,0,0,PBSC,94.1,5.9,0,investigator_defined,MAC,NR,NR,NR,NR,0,100,46,46,0,54,0,DR_combinations,N,,,,,,Y,NR,NR,N,,Y,NR,NR,N,N,N,,N,,,,,none,pre_2018,NR,NR,NR,NR,NR,PCR_qPCR,1,>=150 IU/mL within 100 days; >=500 IU/mL after day 100; >=50 IU/mL if receiving >=1 mg/kg prednisone,72.4,NR,NR
419,380,PTCy (SIR/CSP/PTCy),PTCy_arm,Y,N,N,72,NR,67.6,NR,NR,37,77.4,NR,NR,68,5,14,0,0,10,NR,NR,0,3,NR,NR,NR,NR,0,79,21,0,0,MUD,100,0,0,PBSC,0,63,37,investigator_defined,RIC,100,79,21,0,0,NR,NR,NR,NR,NR,NR,NR,Y,50,2,"+3,+4",100,standard_50x2,Y,cyclosporine,NR,N,,N,,,Y,N,N,,N,,,,,NR,mixed_spans_era,NR,NR,NR,NR,NR,NR,NR,NR,40,NR,NR
420,380,non-PTCy (SIR/CSP/MMF),comparator_arm,Y,N,N,73,NR,66.3,NR,NR,30.1,76.9,NR,NR,60,7,26,0,1.5,4,NR,NR,0,1.5,NR,NR,NR,NR,0,81,19,0,0,MUD,100,0,0,PBSC,0,56,44,investigator_defined,RIC,100,81,19,0,0,NR,NR,NR,NR,NR,NR,NR,N,,,,,,Y,cyclosporine,NR,Y,15 mg/kg q8h (45 mg/kg/day),N,,,Y,N,N,,N,,,,,NR,mixed_spans_era,NR,NR,NR,NR,NR,NR,NR,NR,42,NR,NR
421,382,SibCy,PTCy_arm,Y,N,N,403,60,46,NR,NR,3,75,NR,NR,NR,NR,18,,,,,,,,NR,NR,NR,investigator_defined,100,0,0,0,0,MSD,67,33,0,PBSC,55,NR,NR,CIBMTR,MAC,58,100,0,0,0,NR,NR,NR,NR,NR,NR,DR_combinations,Y,NR,NR,NR,NR,NR,Y,NR,NR,NR,NR,NR,NR,NR,NR,N,NR,NR,N,,,,,NR,mixed_spans_era,NR,NR,NR,NR,NR,NR,NR,NR,NR,NR,NR
422,382,SibCNI,comparator_arm,Y,N,N,1605,58,57,NR,NR,2,78,NR,NR,NR,NR,32,,,,,,,,NR,NR,NR,investigator_defined,100,0,0,0,0,MSD,88,12,0,PBSC,58,NR,NR,CIBMTR,MAC,27,100,0,0,0,NR,NR,NR,NR,NR,NR,DR_combinations,N,,,,,,Y,mixed,NR,mixed,NR,mixed,NR,NR,NR,N,NR,CNI (tacrolimus or cyclosporine) plus MTX or MMF,N,,,,,NR,mixed_spans_era,NR,NR,NR,NR,NR,NR,NR,NR,NR,NR,NR
423,383,MSD + PTCy,PTCy_arm,N,N,N,79,NR,NR,NR,NR,NR,NR,NR,NR,100,0,0,0,0,0,0,0,0,0,100,0,0,investigator_defined,100,0,0,0,0,MSD,NR,NR,0,PBSC,NR,NR,NR,investigator_defined,mixed,NR,100,0,0,0,NR,NR,NR,NR,NR,NR,NR,Y,NR,NR,NR,NR,NR,Y,NR,NR,NR,NR,NR,NR,NR,NR,N,NR,"PTCy-based prophylaxis: PTCy+1 drug in 51% of MSD-PTCy patients, PTCy+2 drugs in 39%, other 10%",N,,,,,NR,mixed_spans_era,NR,NR,NR,NR,NR,NR,NR,NR,29,NR,NR
424,383,MUD + PTCy,PTCy_arm,N,N,N,111,NR,NR,NR,NR,NR,NR,NR,NR,100,0,0,0,0,0,0,0,0,0,100,0,0,investigator_defined,0,100,0,0,0,MUD,NR,NR,0,PBSC,NR,NR,NR,investigator_defined,mixed,NR,100,0,0,0,NR,NR,NR,NR,NR,NR,NR,Y,NR,NR,NR,NR,NR,Y,NR,NR,NR,NR,NR,NR,NR,NR,N,NR,"PTCy-based prophylaxis: PTCy+1 drug in 32% of MUD-PTCy patients, PTCy+2 drugs in 67%, other 1%",N,,,,,NR,mixed_spans_era,NR,NR,NR,NR,NR,NR,NR,NR,31,NR,NR
425,383,MMUD + PTCy,PTCy_arm,N,N,N,66,NR,NR,NR,NR,NR,NR,NR,NR,100,0,0,0,0,0,0,0,0,0,100,0,0,investigator_defined,0,0,100,0,0,MMUD,NR,NR,0,PBSC,NR,NR,NR,investigator_defined,mixed,NR,0,100,0,0,NR,NR,NR,NR,NR,NR,NR,Y,NR,NR,NR,NR,NR,Y,NR,NR,NR,NR,NR,NR,NR,NR,N,NR,"PTCy-based prophylaxis: PTCy+1 drug in 17% of MMUD-PTCy patients, PTCy+2 drugs in 81%, other 2%",N,,,,,NR,mixed_spans_era,NR,NR,NR,NR,NR,NR,NR,NR,20,NR,NR
426,383,Haploidentical + PTCy,PTCy_arm,N,N,N,446,NR,NR,NR,NR,NR,NR,NR,NR,100,0,0,0,0,0,0,0,0,0,100,0,0,investigator_defined,0,0,0,100,0,haplo,NR,NR,0,mixed,NR,NR,NR,investigator_defined,mixed,NR,0,0,0,100,NR,NR,NR,NR,NR,NR,NR,Y,NR,NR,NR,NR,NR,Y,NR,NR,NR,NR,NR,NR,NR,NR,N,NR,"PTCy-based prophylaxis: PTCy+1 drug in 6% of Haplo-PTCy patients, PTCy+2 drugs in 91%, PTCy+3 drugs in 1%, other 2%",N,,,,,NR,mixed_spans_era,NR,NR,NR,NR,NR,NR,NR,NR,23,NR,NR
427,384,ptCy,PTCy_arm,N,Y,N,119,62,60.9,52.2,65.8,NR,NR,NR,NR,100,0,0,0,0,0,0,0,0,0,30,69,1,investigator_defined,0,34,66,0,0,MMUD,95,5,0,PBSC,57,43,0,investigator_defined,MAC,0,34,66,0,0,NR,NR,NR,NR,NR,NR,NR,Y,NR,NR,NR,NR,NR,Y,NR,NR,NR,NR,NR,NR,NR,NR,N,NR,NR,N,,,,,NR,mixed_spans_era,NR,NR,NR,NR,NR,NR,NR,NR,29.7,NR,NR
428,384,ATG,comparator_arm,N,Y,N,313,62,59.9,51.8,66,NR,NR,NR,NR,100,0,0,0,0,0,0,0,0,0,25,70,4.8,investigator_defined,0,27,73,0,0,MMUD,95,4.8,0,PBSC,58,42,0,investigator_defined,MAC,0,27,73,0,0,NR,NR,NR,NR,NR,NR,NR,N,,,,,,Y,NR,NR,NR,NR,NR,NR,NR,NR,N,NR,NR,Y,NR,NR,NR,pre_transplant,NR,mixed_spans_era,NR,NR,NR,NR,NR,NR,NR,NR,23.7,NR,NR
429,389,PTCy group (Flu + BUCY + post-CTX),PTCy_arm,Y,N,N,52,57.7,46,NR,NR,2,70,NR,NR,34.6,40.4,13.5,NR,7.7,3.8,NR,NR,NR,NR,NR,NR,NR,investigator_defined,0,0,0,100,0,haplo,NR,NR,0,mixed,100,0,0,investigator_defined,MAC,NR,0,NR,NR,100,NR,NR,NR,NR,NR,NR,NR,Y,50,2,"+3, +4",100,standard_50x2,Y,cyclosporine,NR,Y,NR,Y,"short course on +1, +3",NR,N,N,N,,N,,,,,none,mixed_spans_era,voriconazole,Y,NR,TMP_SMX_only,TMP_SMX,NR,NR,NR,30.8,NR,NR
430,389,BUCY-ATG group,comparator_arm,Y,N,N,29,51.7,34,NR,NR,3,59,NR,NR,44.8,37.9,13.8,NR,3.4,0,NR,NR,NR,NR,NR,NR,NR,investigator_defined,0,0,0,100,0,haplo,NR,NR,0,mixed,100,0,0,investigator_defined,MAC,NR,0,NR,NR,100,NR,NR,NR,NR,NR,NR,NR,N,,,,,,Y,cyclosporine,NR,Y,NR,Y,"short course on +1, +3",NR,N,N,N,,Y,NR,50,high_gt_10_rabbit_ATLG,pre_transplant,none,mixed_spans_era,voriconazole,Y,NR,TMP_SMX_only,TMP_SMX,NR,NR,NR,37.9,NR,NR
431,390,ATG-PTCy cohort (cohort A),PTCy_arm,Y,N,N,114,55.3,27,NR,NR,5,52,NR,NR,48.2,41.2,7.9,NR,2.6,NR,NR,NR,NR,NR,11.4,NR,88.6,DRI,0,0,0,100,0,haplo,NR,NR,NR,mixed,100,0,0,investigator_defined,MAC,0,0,0,100,100,NR,NR,NR,NR,NR,NR,NR,Y,14.5,2,"+3,+4",29,reduced_other,Y,cyclosporine,NR,Y,NR,Y,NR,NR,N,N,Y,G-CSF (Beijing protocol),Y,rabbit_thymoglobulin,10,standard_4.5_to_10_rabbit,pre_transplant,none,mixed_spans_era,NR,NR,NR,NR,NR,NR,NR,NR,26,NR,NR
432,390,ATG cohort (cohort B),comparator_arm,Y,N,N,125,61.6,24,NR,NR,4,65,NR,NR,47.2,41.6,8.8,NR,2.4,NR,NR,NR,NR,NR,17.6,NR,82.4,DRI,0,0,0,100,0,haplo,NR,NR,NR,mixed,100,0,0,investigator_defined,MAC,0,0,0,100,100,NR,NR,NR,NR,NR,NR,NR,N,,,,,,Y,cyclosporine,NR,Y,NR,Y,NR,NR,N,N,Y,G-CSF (Beijing protocol),Y,rabbit_thymoglobulin,10,standard_4.5_to_10_rabbit,pre_transplant,none,mixed_spans_era,NR,NR,NR,NR,NR,NR,NR,NR,36,NR,NR
433,391,Haploidentical HCT using PTCy,PTCy_arm,Y,N,N,393,54.5,41,NR,NR,18,74,NR,NR,0,100,0,0,0,0,0,0,0,0,56.5,NR,23.2,investigator_defined,0,0,0,100,0,haplo,59.3,40.7,0,PBSC,57.5,42.5,NR,CIBMTR,MAC,41.5,0,0,0,100,73.5,60,52.4,7.9,21.1,18.3,DR_combinations,Y,NR,NR,NR,NR,NR,Y,NR,NR,Y,NR,N,,,NR,N,NR,NR,N,,,,,era_proxy_only,pre_2018,NR,NR,NR,NR,NR,NR,NR,NR,NR,NR,NR
434,391,HLA-matched sibling donor (MSD) HCT,comparator_arm,Y,N,N,1627,59.6,42,NR,NR,18,75,NR,NR,0,100,0,0,0,0,0,0,0,0,46.1,NR,19.7,investigator_defined,100,0,0,0,0,MSD,85.9,14.1,0,PBSC,80.4,19.4,NR,CIBMTR,MAC,60.5,100,0,0,0,70.5,61.9,52.8,8.9,17.6,18.8,DR_combinations,mixed,NR,NR,NR,NR,NR,Y,NR,NR,mixed,NR,Y,NR,NR,NR,N,NR,NR,Y,NR,NR,NR,NR,era_proxy_only,pre_2018,NR,NR,NR,NR,NR,NR,NR,NR,NR,NR,NR
435,391,8/8 HLA-matched unrelated donor (MUD) HCT,comparator_arm,Y,N,N,1646,59.3,43,NR,NR,18,77,NR,NR,0,100,0,0,0,0,0,0,0,0,51.9,NR,20.4,investigator_defined,0,100,0,0,0,MUD,80.8,19.2,0,PBSC,76.8,23.3,NR,CIBMTR,MAC,57.7,100,0,0,0,64.6,42.7,30.7,12,33.6,23.2,DR_combinations,mixed,NR,NR,NR,NR,NR,Y,NR,NR,mixed,NR,Y,NR,NR,NR,N,NR,NR,Y,NR,NR,NR,NR,era_proxy_only,pre_2018,NR,NR,NR,NR,NR,NR,NR,NR,NR,NR,NR
436,391,7/8 HLA-matched unrelated donor (7/8 HLA-MUD) HCT,comparator_arm,Y,N,N,230,58.3,38,NR,NR,18,70,NR,NR,0,100,0,0,0,0,0,0,0,0,43.9,NR,22.6,investigator_defined,0,0,100,0,0,MMUD,70.9,29.1,0,PBSC,82.6,17,NR,CIBMTR,MAC,60.4,0,100,0,0,67,50,39.1,10.9,27.8,21.7,DR_combinations,mixed,NR,NR,NR,NR,NR,Y,NR,NR,mixed,NR,Y,NR,NR,NR,N,NR,NR,Y,NR,NR,NR,NR,era_proxy_only,pre_2018,NR,NR,NR,NR,NR,NR,NR,NR,NR,NR,NR
437,391,Umbilical cord blood (UCB) HCT,comparator_arm,Y,N,N,305,57.7,37,NR,NR,18,70,NR,NR,0,100,0,0,0,0,0,0,0,0,50.5,NR,20.7,investigator_defined,0,0,0,0,100,UCB,0,0,100,UCB,74.8,24.9,NR,CIBMTR,MAC,71.1,0,0,0,0,65.6,,,,65.6,32.8,DR_combinations,N,,,,,,Y,NR,NR,Y,NR,N,,,NR,N,NR,NR,Y,NR,NR,NR,NR,era_proxy_only,pre_2018,NR,NR,NR,NR,NR,NR,NR,NR,NR,NR,NR
438,395,mPTCy,PTCy_arm,Y,N,N,157,56.7,27,18,36,NR,NR,NR,NR,0,0,0,0,0,0,0,0,100,0,,,,,0,12.7,17.8,69.4,0,haplo,31.2,0,0,mixed,NR,NR,NR,investigator_defined,NR,63.7,12.7,17.8,NR,69.4,NR,NR,NR,NR,NR,NR,NR,Y,40,2,"+3, +4",80,reduced_40x2,Y,cyclosporine,NR,Y,NR,N,,,N,N,N,,Y,rabbit_thymoglobulin,6,standard_4.5_to_10_rabbit,pre_transplant,select_high_risk,mixed_spans_era,NR,NR,NR,NR,NR,NR,NR,NR,16.6,NR,NR
439,395,G-CSF/ATG,comparator_arm,Y,N,N,140,59.3,29,21,38,NR,NR,NR,NR,0,0,0,0,0,0,0,0,100,0,,,,,0,18.6,12.9,68.6,0,haplo,33.6,0,0,mixed,NR,NR,NR,investigator_defined,NR,NR,18.6,12.9,NR,68.6,NR,NR,NR,NR,NR,NR,NR,N,,,,,,Y,cyclosporine,NR,Y,NR,Y,NR,NR,N,N,Y,G-CSF-primed grafts (classic Chinese G-CSF/ATG protocol),Y,rabbit_thymoglobulin,4.5,standard_4.5_to_10_rabbit,pre_transplant,select_high_risk,mixed_spans_era,NR,NR,NR,NR,NR,NR,NR,NR,31.6,NR,NR
440,396,G-CSF/ATG group 1,comparator_arm,Y,N,N,230,44.8,32,NR,NR,1,65,NR,NR,53.9,27.4,10,NR,NR,NR,NR,NR,NR,8.7,93.9,NR,3.9,investigator_defined,0,0,0,100,0,haplo,92.2,0,0,PBSC,100,0,0,investigator_defined,MAC,0,,,,100,NR,NR,NR,NR,NR,NR,NR,N,,,,,,Y,cyclosporine,NR,Y,NR,Y,short-term MTX,NR,N,N,N,,Y,rabbit_thymoglobulin,10,standard_4.5_to_10_rabbit,pre_transplant,NR,post_2018,NR,NR,NR,NR,NR,NR,NR,NR,28.6,NR,NR
441,396,PTCy,PTCy_arm,Y,N,N,122,45.1,31,NR,NR,3,60,NR,NR,50.8,28.7,12.3,NR,NR,NR,NR,NR,NR,8.2,91,NR,3.3,investigator_defined,0,0,0,100,0,haplo,99.2,0,0,PBSC,100,0,0,investigator_defined,MAC,0,,,,100,NR,NR,NR,NR,NR,NR,NR,Y,30-50,2,"+3,+4",60-100,other,Y,cyclosporine,NR,Y,NR,Y,short-term MTX,NR,N,N,N,,N,,,,,NR,post_2018,NR,NR,NR,NR,NR,NR,NR,NR,28.7,NR,NR
442,396,G-CSF/ATG group 2,comparator_arm,N,N,N,226,50.9,35,NR,NR,6,65,NR,NR,49.6,35.4,11.9,NR,NR,NR,NR,NR,NR,3.1,94.7,NR,3.5,investigator_defined,0,0,0,100,0,haplo,92.5,0,0,PBSC,100,0,0,investigator_defined,MAC,0,,,,100,NR,NR,NR,NR,NR,NR,NR,N,,,,,,Y,cyclosporine,NR,Y,NR,Y,short-term MTX,NR,N,N,N,,Y,rabbit_thymoglobulin,10,standard_4.5_to_10_rabbit,pre_transplant,NR,post_2018,NR,NR,NR,NR,NR,NR,NR,NR,25.2,NR,NR
443,396,PTCy+ATGlow,PTCy_arm,N,N,N,123,49.6,34,NR,NR,2,60,NR,NR,49.6,38.2,8.9,NR,NR,NR,NR,NR,NR,3.3,96.7,NR,1.6,investigator_defined,0,0,0,100,0,haplo,100,0,0,PBSC,100,0,0,investigator_defined,MAC,0,,,,100,NR,NR,NR,NR,NR,NR,NR,Y,30-50,2,"+3,+4",60-100,other,Y,cyclosporine,NR,Y,NR,N,,,N,N,N,,Y,rabbit_thymoglobulin,3,low_le_4.5_rabbit,peri_transplant,NR,post_2018,NR,NR,NR,NR,NR,NR,NR,NR,27.9,NR,NR
444,397,ATG + low-dose PTCy,PTCy_arm,N,N,Y,44,NR,34,NR,NR,16,59,NR,NR,NR,38.6,NR,NR,NR,NR,NR,NR,NR,0,NR,NR,NR,NR,0,0,0,100,0,haplo,100,0,0,PBSC,100,0,0,investigator_defined,MAC,0,0,NR,NR,100,NR,NR,NR,NR,NR,NR,NR,Y,14.5,2,"D+3,D+4",29,reduced_other,Y,cyclosporine,200-250,Y,1000,Y,"D+1 15 mg/m2; D+3,+6,+11 10 mg/m2",45,N,N,N,,Y,rabbit_thymoglobulin,10,standard_4.5_to_10_rabbit,pre_transplant,all_patients,post_2018,NR,NR,NR,NR,NR,NR,NR,NR,18.2,NR,11.3
445,397,ATG,comparator_arm,N,N,Y,22,NR,39.5,NR,NR,15,57,NR,NR,NR,31.8,NR,NR,NR,NR,NR,NR,NR,9.1,NR,NR,NR,NR,0,0,0,100,0,haplo,100,0,0,PBSC,100,0,0,investigator_defined,MAC,0,0,NR,NR,100,NR,NR,NR,NR,NR,NR,NR,N,,,,,,Y,cyclosporine,200-250,Y,1000,Y,"D+1 15 mg/m2; D+3,+6,+11 10 mg/m2",45,N,N,N,,Y,rabbit_thymoglobulin,10,standard_4.5_to_10_rabbit,pre_transplant,all_patients,post_2018,NR,NR,NR,NR,NR,NR,NR,NR,18.2,NR,4.5
446,399,Haplo (PTCY-based haplo-HCT),PTCy_arm,Y,N,N,241,55.6,54,44,62,NR,NR,NR,NR,100,0,0,0,0,0,0,0,0,0,25.3,62.7,7.5,investigator_defined,0,0,0,100,0,haplo,99.2,0.8,0,PBSC,50.2,49.8,NR,investigator_defined,mixed,NR,0,0,0,100,NR,NR,NR,NR,NR,NR,NR,Y,NR,NR,NR,NR,NR,Y,tacrolimus,NR,Y,NR,Y,NR,NR,N,N,Y,"cyclosporine in 8/241 (3.3%), methotrexate in 3/241 (1.2%) used as alternatives; primary CNI tacrolimus 232/241 (96.3%), MMF 230/241 (95.4%)",N,,,,,NR,post_2018,NR,NR,NR,NR,NR,NR,NR,NR,25,NR,NR
447,399,UCB (single-unit UCBT),comparator_arm,Y,N,N,848,53.3,56,44,63,NR,NR,NR,NR,100,0,0,0,0,0,0,0,0,0,23.5,66.6,6.5,investigator_defined,0,0,0,0,100,UCB,0,0,100,UCB,64.2,35.8,NR,investigator_defined,MAC,NR,0,0,100,0,NR,NR,NR,NR,NR,NR,NR,N,,,,,,Y,tacrolimus,NR,Y,NR,Y,NR,NR,N,N,Y,"GVHD prophylaxis included tacrolimus 712/848 (83.9%), MTX 498/848 (58.7%), MMF 317/848 (37.4%), cyclosporine 132/848 (15.6%), corticosteroids 7/848 (0.8%) - multiple agents per patient",N,,,,,NR,post_2018,NR,NR,NR,NR,NR,NR,NR,NR,36,NR,NR
448,401,"mPTCy (modified PTCy: ATG 6 mg/kg days -5 to -3 + Cy 40 mg/kg days +3,+4)",PTCy_arm,Y,N,N,157,56.7,27,18,36,NR,NR,NR,NR,0,0,0,0,0,0,0,0,100,0,,,,,0,12.7,17.8,69.4,0,haplo,31.2,0,0,mixed,NR,NR,NR,investigator_defined,NR,63.7,12.7,17.8,NR,69.4,NR,NR,NR,NR,NR,NR,NR,Y,40,2,"+3, +4",80,reduced_40x2,Y,NR,NR,NR,NR,NR,NR,NR,NR,N,NR,NR,Y,NR,6,standard_4.5_to_10_rabbit,pre_transplant,select_high_risk,post_2018,NR,NR,NR,NR,NR,NR,NR,NR,16.6,NR,NR
449,401,G-CSF/ATG (granulocyte colony-stimulating factor + ATG-based historical control),comparator_arm,Y,N,N,140,59.3,29,21,38,NR,NR,NR,NR,0,0,0,0,0,0,0,0,100,0,,,,,0,18.6,12.9,68.6,0,haplo,33.6,0,0,mixed,NR,NR,NR,investigator_defined,NR,NR,18.6,12.9,NR,68.6,NR,NR,NR,NR,NR,NR,NR,N,,,,,,Y,NR,NR,NR,NR,NR,NR,NR,NR,N,Y,G-CSF (granulocyte colony-stimulating factor) used in conditioning/peri-transplant,Y,NR,NR,NR,pre_transplant,select_high_risk,mixed_spans_era,NR,NR,NR,NR,NR,NR,NR,NR,31.6,NR,NR
450,407,PTCY (HLA-haploidentical related with PTCY),PTCy_arm,Y,N,N,121,43.8,60,NR,NR,27,72,NR,NR,0,0,0,0,0,100,0,0,0,0,NR,NR,NR,NR,0,0,0,100,0,haplo,99.2,0.8,0,PBSC,22.3,77.7,0,CIBMTR,RIC,NR,0,14,86,100,NR,NR,NR,NR,NR,NR,NR,Y,mixed_40_or_50,2,3_and_4_or_3_and_5,NR,other,Y,tacrolimus,NR,NR,NR,N,,,N,N,NR,NR,N,,,,,select_high_risk,post_2018,NR,NR,NR,NR,NR,NR,NR,NR,35.6,NR,NR
451,407,MRD (HLA-matched related donor),comparator_arm,Y,N,N,91,51.6,54,NR,NR,34,72,NR,NR,0,0,0,0,0,100,0,0,0,0,NR,NR,NR,NR,100,0,0,0,0,MSD,76.9,23.1,0,PBSC,36.3,63.7,0,CIBMTR,RIC,NR,100,0,0,0,NR,NR,NR,NR,NR,NR,NR,N,,,,,,Y,mixed,NR,NR,NR,Y,NR,NR,N,N,NR,"GVHD prophylaxis: CSA+MTX 62.6%, CSA without MTX 5.5%, TAC+MTX 28.6%, TAC without MTX 2.2%, NA 1.1%",NR,NR,NR,NR,NR,NR,post_2018,NR,NR,NR,NR,NR,NR,NR,NR,47.3,NR,NR
452,407,MUD (HLA 8/8 allele-matched unrelated donor),comparator_arm,Y,N,N,160,50,60,NR,NR,34,70,NR,NR,0,0,0,0,0,100,0,0,0,0,NR,NR,NR,NR,0,100,0,0,0,MUD,16.2,83.8,0,BM,25,75,0,CIBMTR,RIC,NR,100,0,0,0,NR,NR,NR,NR,NR,NR,NR,N,,,,,,Y,mixed,NR,NR,NR,Y,NR,NR,N,N,NR,"GVHD prophylaxis: CSA+MTX 8.1%, CSA without MTX 0.6%, TAC+MTX 83.1%, TAC without MTX 5.0%, NA 3.1%",NR,NR,NR,NR,NR,NR,post_2018,NR,NR,NR,NR,NR,NR,NR,NR,34.4,NR,NR
453,407,CBT (cord blood transplantation),comparator_arm,Y,N,N,328,53.4,62,NR,NR,31,75,NR,NR,0,0,0,0,0,100,0,0,0,0,NR,NR,NR,NR,0,0,0,0,100,UCB,0,0,100,UCB,19.5,80.5,0,CIBMTR,RIC,NR,NR,NR,NR,0,NR,NR,NR,NR,NR,NR,NR,N,,,,,,Y,mixed,NR,NR,NR,Y,NR,NR,N,N,NR,"GVHD prophylaxis: CSA+MTX 9.8%, CSA without MTX 2.1%, TAC+MTX 42.4%, TAC without MTX 44.8%, NA 0.9%",NR,NR,NR,NR,NR,NR,post_2018,NR,NR,NR,NR,NR,NR,NR,NR,35.7,NR,NR
454,408,Post-Cy (PTCy 9/10 MMUD ASCT),PTCy_arm,N,N,N,42,61.9,NR,NR,NR,18,68,41.19,15.44,57.1,26.2,4.8,0,0,11.9,0,0,0,0,73.8,26.2,0,investigator_defined,0,0,100,0,0,MMUD,88.1,9.5,0,PBSC,100,0,0,investigator_defined,MAC,97.6,0,100,0,0,NR,NR,NR,NR,NR,NR,NR,Y,50,2,"+3,+4",100,standard_50x2,Y,mixed,tacrolimus 5-15 ng/mL; CsA 3 mg/kg/day,N,,Y,"+1 (15 mg/m2), +3, +6 (10 mg/m2)",35,N,N,N,,N,,,,,NR,mixed_spans_era,NR,NR,NR,NR,NR,NR,NR,NR,40.5,NR,NR
455,408,Control (MRD 10/10 ASCT with MTX+CsA),comparator_arm,N,N,N,37,62.2,NR,NR,NR,18,68,39.67,14.75,59.4,32.4,2.7,0,0,5.4,0,0,0,0,91.9,8.1,0,investigator_defined,100,0,0,0,0,MSD,91.9,5.4,0,PBSC,100,0,0,investigator_defined,MAC,56.7,100,0,0,0,NR,NR,NR,NR,NR,NR,NR,N,,,,,,Y,cyclosporine,CsA 3 mg/kg from day -1 to day +270 in absence of GvHD,N,,Y,"+1 (15 mg/m2), +3, +6, +11 (10 mg/m2)",45,N,N,N,,N,,,,,NR,mixed_spans_era,NR,NR,NR,NR,NR,NR,NR,NR,29.7,NR,NR
456,410,ПТЦ group (PTCy),PTCy_arm,Y,N,N,110,58.1,34,NR,NR,18,62,NR,NR,51.8,32.7,4.6,NR,10.9,0,0,0,0,0,20,NR,80,investigator_defined,0,28.1,71.9,0,0,MMUD,100,0,0,PBSC,19,81,0,investigator_defined,RIC,NR,28.1,NR,NR,0,NR,NR,NR,NR,NR,NR,NR,Y,50,2,"D+3, D+4",100,standard_50x2,Y,tacrolimus,5-15,Y,30 mg/kg/day (max 2 g) for 10/10 MUD; 45 mg/kg/day (max 3 g) for MMUD; D+5 to D+35,N,,,N,N,N,,N,,,,,none,pre_2018,fluconazole,N,NR,fluoroquinolone,TMP_SMX,NR,NR,NR,18.2,NR,NR
457,410,"АТГ group (ATG, historical control)",comparator_arm,Y,N,N,160,41.8,33,NR,NR,18,62,NR,NR,57.5,28.7,8.8,NR,5,0,0,0,0,0,17.5,NR,82.5,investigator_defined,0,15.6,84.4,0,0,MMUD,100,0,0,PBSC,24.3,75.7,0,investigator_defined,RIC,NR,15.6,NR,NR,0,NR,NR,NR,NR,NR,NR,NR,N,,,,,,Y,other,NR,Y,30 mg/kg/day from D-1 to D+30 (subset),Y,"D+1, D+3, D+6 (subset)","15 mg/kg D+1; 10 mg/kg D+3, D+6 (note: paper reports mg/kg)",N,N,N,,Y,NR,60,NR,pre_transplant,none,pre_2018,fluconazole,N,NR,fluoroquinolone,TMP_SMX,NR,NR,NR,40.4,NR,NR
458,416,PTCy70 (reduced-dose),PTCy_arm,N,N,Y,41,63.4,60,51,65,NR,NR,NR,NR,100,0,0,0,0,0,0,0,0,0,10.5,86,2.6,DRI,0,100,0,0,0,MUD,100,0,0,PBSC,22,78,0,CIBMTR,RIC,NR,100,0,0,0,72.5,47.5,40,7.5,32.5,20,DR_combinations,Y,35,2,"D+3, D+4",70,reduced_other,Y,cyclosporine,150-200 ng/mL (CsA); 5-10 ng/mL (tacrolimus),N,,N,,,N,N,N,,Y,rabbit_thymoglobulin,2,low_le_4.5_rabbit,pre_transplant,select_high_risk,post_2018,posaconazole,Y,until D+100,fluoroquinolone,TMP_SMX,PCR_qPCR,1,NR,30.4,NR,NR
459,416,PTCy100 (standard-dose contemporary control),PTCy_arm,N,N,Y,132,56,61,50,66,NR,NR,NR,NR,100,0,0,0,0,0,0,0,0,0,6.8,89.4,3.8,DRI,0,100,0,0,0,MUD,100,0,0,PBSC,43.2,56.8,0,CIBMTR,RIC,NR,100,0,0,0,83.3,53.8,50,3.8,33.3,12.9,DR_combinations,Y,50,2,"D+3, D+4",100,standard_50x2,Y,cyclosporine,150-200 ng/mL (CsA); 5-10 ng/mL (tacrolimus),N,,N,,,N,N,N,,Y,rabbit_thymoglobulin,2,low_le_4.5_rabbit,pre_transplant,select_high_risk,post_2018,posaconazole,Y,until D+100,fluoroquinolone,TMP_SMX,PCR_qPCR,1,NR,20.3,NR,NR
460,417,PT-Cy,PTCy_arm,N,N,N,136,63,53,NR,NR,15,76,NR,NR,51,13,10,7,NR,17,3,NR,NR,NR,36,NR,NR,DRI,4,10,NR,86,0,haplo,82,18,0,PBSC,23.5,34,NR,investigator_defined,mixed,NR,NR,NR,NR,86,NR,NR,NR,NR,NR,NR,NR,Y,50,mixed,"D+3 (BM, 1 dose); D+3 and D+5 (PBSC, 2 doses)",mixed 50 or 100,other,Y,NR,NR,NR,NR,NR,NR,NR,NR,N,NR,NR,Y,NR,NR,NR,NR,NR,mixed_spans_era,NR,NR,NR,NR,NR,NR,NR,NR,22,NR,NR
461,417,No PT-Cy,comparator_arm,N,N,N,195,58,56,NR,NR,16,76,NR,NR,43,16,11,17,NR,11,2,NR,NR,NR,23,NR,NR,DRI,42.5,57,NR,0.5,0,mixed,98,2,0,PBSC,51,20,NR,investigator_defined,mixed,NR,NR,NR,NR,0.5,NR,NR,NR,NR,NR,NR,NR,N,,,,,,Y,NR,NR,NR,NR,NR,NR,NR,NR,N,NR,NR,Y,NR,NR,NR,pre_transplant,NR,mixed_spans_era,NR,NR,NR,NR,NR,NR,NR,NR,33,NR,NR
462,418,PT-Cy 70 mg/kg (reduced dose),PTCy_arm,N,N,Y,33,55,69,NR,NR,21,74,NR,NR,61,0,24,6,0,9,0,0,0,0,58,36,0,refined_DRI,0,0,0,100,0,haplo,100,0,0,PBSC,0,45,0,investigator_defined,RIC,0,0,0,NR,100,NR,NR,NR,NR,NR,NR,NR,Y,35,2,"D+3, D+4",70,reduced_other,Y,cyclosporine,NR,Y,NR,N,,,N,N,N,,Y,rabbit_thymoglobulin,2.5 (RIC) or 5 (sequential),low_le_4.5_rabbit,pre_transplant,select_high_risk,post_2018,fluconazole,N,NR,other,TMP_SMX,PCR_qPCR,2,NR,18,NR,NR
463,418,PT-Cy 100 mg/kg (standard dose),comparator_arm,N,N,Y,25,68,67,NR,NR,15,76,NR,NR,68,0,12,0,0,20,0,0,0,0,48,40,0,refined_DRI,0,0,0,100,0,haplo,100,0,0,PBSC,0,40,0,investigator_defined,RIC,0,0,0,NR,100,NR,NR,NR,NR,NR,NR,NR,Y,50,2,"D+3, D+4 (assumed standard)",100,standard_50x2,Y,cyclosporine,NR,Y,NR,N,,,N,N,N,,Y,rabbit_thymoglobulin,2.5 (RIC) or 5 (sequential),low_le_4.5_rabbit,pre_transplant,none,pre_2018,fluconazole,N,NR,other,TMP_SMX,PCR_qPCR,2,NR,17,NR,NR
464,419,PTCy/Tac/MMF,PTCy_arm,Y,N,N,125,52,38.7,NR,NR,NR,60,NR,NR,44,30.4,7.2,2.4,6.4,4,NR,NR,NR,5.6,32,NR,68,investigator_defined,55.2,35.2,9.6,0,0,MSD,65.6,34.4,0,PBSC,100,0,0,investigator_defined,MAC,89.6,NR,NR,NR,0,NR,NR,NR,NR,NR,NR,NR,Y,50,2,"+3, +4",100,standard_50x2,Y,tacrolimus,NR,Y,NR,N,,,N,N,N,,N,,,,,NR,post_2018,NR,NR,NR,NR,NR,NR,NR,NR,16,NR,NR
465,419,CSA/MTX (historical),comparator_arm,Y,N,N,344,59.9,39.6,NR,NR,NR,55,NR,NR,35.5,24.7,8.7,1.2,8.4,14.2,NR,NR,NR,7.3,35.8,NR,64.2,investigator_defined,83.1,11.9,0.6,0,0,MSD,70.6,29.4,0,PBSC,100,0,0,investigator_defined,MAC,92.2,NR,NR,NR,0,NR,NR,NR,NR,NR,NR,NR,N,,,,,,Y,cyclosporine,NR,N,,Y,NR,NR,N,N,N,,N,,,,,NR,pre_2018,NR,NR,NR,NR,NR,NR,NR,NR,37,NR,NR
466,421,PTCy-Tacrolimus (PT Cy-tacro),PTCy_arm,Y,N,N,68,61,57,NR,NR,20,73,NR,NR,NR,NR,NR,NR,NR,NR,NR,NR,NR,NR,43,NR,57,DRI,21,36,43,0,0,MMUD,100,0,0,PBSC,0,100,0,investigator_defined,RIC,0,57,43,0,0,74,57,47,27,10,16,DR_combinations,Y,50,2,"+3,+4",100,standard_50x2,Y,tacrolimus,NR,N,,N,,,N,N,N,,N,,,,,NR,mixed_spans_era,NR,NR,NR,NR,NR,NR,NR,NR,NR,NR,NR
467,421,CsA-MTX/MMF,comparator_arm,Y,N,N,271,65,52,NR,NR,18,70,NR,NR,NR,NR,NR,NR,NR,NR,NR,NR,0,NR,31,NR,69,DRI,81,12,7,0,0,MSD,97,3,0,PBSC,0,100,0,investigator_defined,RIC,0,92,8,0,0,84,75,66,18,9,7,DR_combinations,N,,,,,,Y,cyclosporine,NR,Y,NR,Y,short_course,NR,N,N,N,,N,,,,,none,pre_2018,NR,NR,NR,NR,NR,NR,NR,NR,NR,NR,NR
468,421,Tacrolimus-Sirolimus (Tac-Siro),comparator_arm,N,N,N,145,57,57,NR,NR,23,76,NR,NR,NR,NR,NR,NR,NR,NR,NR,NR,0,NR,30,NR,70,DRI,31,58,11,0,0,MUD,99,1,0,PBSC,0,100,0,investigator_defined,RIC,0,90,10,0,0,83,57,54,29,3,14,DR_combinations,N,,,,,,Y,tacrolimus,NR,N,,N,,,Y,N,N,,N,,,,,none,pre_2018,NR,NR,NR,NR,NR,NR,NR,NR,NR,NR,NR
469,422,HAPLO arm,PTCy_arm,N,N,N,60,48,45,NR,NR,20,63,NR,NR,67,12,NR,15,NR,17,2,NR,0,NR,38,48,13,refined_DRI,0,0,0,100,0,haplo,3,97,0,BM,0,100,0,investigator_defined,RIC,NR,0,0,0,100,NR,NR,NR,NR,NR,10,DR_combinations,Y,50,2,"+3,+4",100,standard_50x2,Y,tacrolimus,5-15 (goal 8),Y,3000 max (15 mg/kg TID),N,,,N,N,N,,N,,,,,none,pre_2018,NR,NR,NR,NR,NR,NR,NR,NR,28,NR,NR
470,422,9/10 MUD arm,PTCy_arm,N,N,N,46,50,51,NR,NR,20,64,NR,NR,54,11,NR,9,NR,28,4,NR,9,NR,40,26,26,refined_DRI,0,0,100,0,0,MMUD,17,83,0,BM,0,100,0,investigator_defined,RIC,NR,0,100,0,0,NR,NR,NR,NR,NR,11,DR_combinations,Y,50,2,"+3,+4",100,standard_50x2,Y,tacrolimus,5-15 (goal 8),Y,3000 max (15 mg/kg TID),N,,,N,N,N,,N,,,,,none,pre_2018,NR,NR,NR,NR,NR,NR,NR,NR,33,NR,NR
471,424,PTCy-based,PTCy_arm,Y,N,N,36,NR,64,61.8,68,NR,NR,NR,NR,58.3,0,30.6,0,0,0,0,0,0,11.1,32.3,NR,NR,DRI,2.8,63.9,0,33.3,0,mixed,NR,NR,NR,NR,0,NR,NR,investigator_defined,RIC,NR,NR,NR,NR,33.3,NR,NR,NR,NR,NR,NR,NR,Y,NR,NR,NR,NR,NR,Y,tacrolimus,NR,Y,NR,N,,,N,N,N,,N,,,,,NR,post_2018,NR,NR,NR,NR,NR,NR,NR,NR,16.7,NR,NR
472,424,TAC/MTX,comparator_arm,Y,N,N,71,NR,65,63.5,69,NR,NR,NR,NR,50.7,0,28.2,0,0,0,0,0,0,21.1,43.6,NR,NR,DRI,26.8,70.4,2.8,0,0,MUD,NR,NR,NR,NR,0,NR,NR,investigator_defined,RIC,NR,NR,NR,NR,0,NR,NR,NR,NR,NR,NR,NR,N,,,,,,Y,tacrolimus,NR,N,,Y,NR,NR,N,N,N,,N,,,,,NR,post_2018,NR,NR,NR,NR,NR,NR,NR,NR,26.8,NR,NR
473,425,DL1 HD-PTCy 50 mg/kg/day days +3/+4,comparator_arm,N,N,Y,5,60,25,NR,NR,21,38,NR,NR,20,60,0,0,0,20,0,0,0,0,40,60,0,refined_DRI,0,0,0,100,0,haplo,0,100,0,BM,100,0,0,investigator_defined,MAC,0,0,0,100,100,80,100,NR,NR,NR,NR,DR_combinations,Y,50,2,"+3,+4",100,standard_50x2,N,,,Y,3000,N,,,Y,N,N,,N,,,,,select_high_risk,post_2018,NR,NR,until day +100,none,NR,PCR_qPCR,1,NR,NR,NR,NR
474,425,DL2 ID-PTCy 25 mg/kg/day days +3/+4,PTCy_arm,N,N,Y,23,60.9,34,NR,NR,18,57,NR,NR,21.7,43.5,0,8.7,4.3,21.7,0,0,0,0,43.5,47.8,8.7,refined_DRI,0,0,0,100,0,haplo,0,100,0,BM,100,0,0,investigator_defined,MAC,0,4.3,0,95.7,100,73.9,78.3,NR,NR,NR,NR,DR_combinations,Y,25,2,"+3,+4",50,reduced_25x2,N,,,Y,3000,N,,,Y,N,N,,N,,,,,select_high_risk,post_2018,NR,NR,until day +100,none,NR,PCR_qPCR,1,NR,0,NR,NR
475,425,DL3 PTCy 25 mg/kg day +4 only,PTCy_arm,N,N,Y,7,42.9,23,NR,NR,20,30,NR,NR,42.9,28.6,14.3,0,0,14.3,0,0,0,0,57.1,28.6,14.3,refined_DRI,0,0,0,100,0,haplo,0,100,0,BM,100,0,0,investigator_defined,MAC,0,0,0,100,100,85.7,100,NR,NR,NR,NR,DR_combinations,Y,25,1,+4,25,single_dose,N,,,Y,3000,N,,,Y,N,N,,N,,,,,select_high_risk,post_2018,NR,NR,until day +100,none,NR,PCR_qPCR,1,NR,NR,NR,NR
476,426,HaploSCT,PTCy_arm,N,N,N,40,53,47,NR,NR,21,71,NR,NR,NR,NR,NR,2,NR,23,NR,NR,NR,5,38,NR,NR,DRI,0,0,0,100,0,haplo,NR,NR,0,PBSC,100,0,0,investigator_defined,MAC,NR,0,0,0,100,75,NR,55,NR,20,12.5,DR_combinations,Y,50,2,"+3,+4",100,standard_50x2,Y,tacrolimus,5-15 (target 8),N,,N,,,Y,N,N,Sirolimus substituted for tacrolimus in cases of prior renal failure (target trough 5-12 ng/mL),N,,,,,NR,mixed_spans_era,fluconazole,N,"Pre-engraftment fluconazole; mold-active (posaconazole, voriconazole) switched whenever high-dose steroids used for GvHD",fluoroquinolone,TMP_SMX,PCR_qPCR,1-2,>1000 IU/mL single sample or >500 IU/mL on 2 consecutive samples,20.3,NR,NR
477,426,MRD/VUD/MMUD (non-haploSCT),PTCy_arm,N,N,N,77,55,54,NR,NR,20,72,NR,NR,NR,NR,NR,13,NR,26,NR,NR,NR,11,37,NR,NR,DRI,29,30,41,0,0,mixed,NR,NR,0,PBSC,27,73,0,investigator_defined,RIC,NR,59,41,0,0,73,NR,43,NR,30,19.5,DR_combinations,Y,50,2,"+3,+4",100,standard_50x2,Y,tacrolimus,5-15 (target 8),N,,N,,,Y,N,N,Sirolimus substituted for tacrolimus in cases of prior renal failure (target trough 5-12 ng/mL),N,,,,,NR,mixed_spans_era,fluconazole,N,"Pre-engraftment fluconazole; mold-active (posaconazole, voriconazole) switched whenever high-dose steroids used for GvHD",fluoroquinolone,TMP_SMX,PCR_qPCR,1-2,>1000 IU/mL single sample or >500 IU/mL on 2 consecutive samples,29,NR,NR
478,430,PTCy,PTCy_arm,N,Y,N,16,NR,37.8,NR,NR,3,66,NR,NR,31,25,25,NR,18.7,12.5,NR,NR,NR,2.5,NR,NR,NR,NR,0,NR,NR,0,0,MUD,37.5,62.5,0,BM,87.5,12.5,NR,investigator_defined,MAC,NR,NR,NR,NR,0,87.5,87.5,NR,NR,NR,0,DR_combinations,Y,NR,NR,NR,NR,NR,Y,NR,NR,NR,NR,NR,NR,NR,NR,N,NR,NR,N,,,,,NR,post_2018,NR,NR,NR,NR,NR,NR,NR,NR,25,NR,NR
479,430,ATG,comparator_arm,N,Y,N,20,NR,45,NR,NR,2,76,NR,NR,35,10,20,NR,10,5,NR,NR,NR,5,NR,NR,NR,NR,0,NR,NR,0,0,MUD,55,45,0,PBSC,60,40,NR,investigator_defined,MAC,NR,NR,NR,NR,0,95,90,NR,NR,NR,0,DR_combinations,N,,,,,,Y,NR,NR,NR,NR,Y,NR,NR,NR,N,NR,NR,Y,NR,NR,NR,NR,NR,post_2018,NR,NR,NR,NR,NR,NR,NR,NR,40,NR,NR
480,431,ATG/PTCy,PTCy_arm,N,N,Y,32,56.2,56,NR,NR,23,68,NR,NR,46.9,18.8,28.1,0,0,0,0,0,0,6.2,50,NR,50,investigator_defined,0,0,0,100,0,haplo,100,0,0,PBSC,28.1,71.9,0,investigator_defined,RIC,0,0,0,100,100,93.7,81.2,78.1,3.1,15.6,3.1,DR_combinations,Y,50_day3_30_day4,2,D+3_D+4,80,reduced_other,Y,mixed,NR,Y,15_mg_kg_TID_days5_30,N,,,N,N,N,,Y,rabbit_thymoglobulin,3.0_3.5_4.0_ALC_tailored,low_le_4.5_rabbit,pre_transplant,NR,mixed_spans_era,micafungin,N,NR,fluoroquinolone,TMP_SMX,PCR_qPCR,2,NR,22.1,NR,NR
481,431,ATG,comparator_arm,N,N,Y,46,47.8,55,NR,NR,21,69,NR,NR,47.8,19.6,30.4,0,0,0,0,0,0,2.2,67.4,NR,32.6,investigator_defined,0,0,0,100,0,haplo,100,0,0,PBSC,10.9,89.1,0,investigator_defined,RIC,0,0,0,100,100,97.8,93.5,91.3,2.2,6.5,0,DR_combinations,N,,,,,,Y,mixed,NR,N,,Y,15_mg_m2_day1_10_mg_m2_day3_day6,35,N,N,N,,Y,rabbit_thymoglobulin,7.5,standard_4.5_to_10_rabbit,pre_transplant,NR,mixed_spans_era,micafungin,N,NR,fluoroquinolone,TMP_SMX,PCR_qPCR,2,NR,42.9,NR,NR
482,432,"PTCy+Aba (experimental, CNI-free)",PTCy_arm,Y,N,N,25,56,NR,NR,NR,NR,NR,48,15.5,36,28,16,16,4,0,0,0,0,0,NR,NR,NR,NR,32,68,0,0,0,MUD,100,0,0,PBSC,76,24,0,investigator_defined,MAC,24,NR,0,0,0,NR,NR,NR,NR,NR,NR,NR,Y,50,2,"+3,+4",100,standard_50x2,N,,,N,,N,,,N,Y,N,"Abatacept 10 mg/kg IV (max 1000 mg/dose) on days +5, +14, +28, +56, +85, +112, +140, +168 (extended schedule, 8 doses over ~6 months)",N,,,,,NR,post_2018,NR,NR,NR,NR,NR,NR,NR,NR,12.5,NR,NR
483,432,SOC (tacrolimus + methotrexate),comparator_arm,Y,N,N,15,73.3,NR,NR,NR,NR,NR,47,16.5,46.7,33.3,0,13.3,0,6.7,0,0,0,0,NR,NR,NR,NR,40,60,0,0,0,MUD,100,0,0,PBSC,66.7,33.3,0,investigator_defined,MAC,26.7,NR,0,0,0,NR,NR,NR,NR,NR,NR,NR,N,,,,,,Y,tacrolimus,5-15,N,,Y,"Flu-based regimens: 5 mg/m2 on days +1,+3,+6,+11; TBI/Cy: 15 mg/m2 on day +1 then 10 mg/m2 on days +3,+6,+11",NR,N,N,N,,N,,,,,NR,post_2018,NR,NR,NR,NR,NR,NR,NR,NR,35.7,NR,NR
484,433,PTCy-15 mg/kg (subgroup-1),PTCy_arm,N,N,Y,33,63.6,54,NR,NR,20,68,NR,NR,60.6,24.2,12.1,NR,NR,3,NR,NR,NR,NR,51.5,NR,NR,DRI,0,0,100,0,0,MMUD,100,0,0,PBSC,9.1,90.9,NR,EBMT,RIC,NR,0,100,0,0,NR,NR,NR,NR,NR,NR,NR,Y,15,2,"+3,+4",30,reduced_other,Y,cyclosporine,NR,N,,N,,,N,N,Y,"Alemtuzumab 5 mg IV on days -2 and -1 (low-dose, total 10 mg)",N,,,,,select_high_risk,post_2018,NR,NR,NR,NR,NR,NR,NR,NR,29,NR,NR
485,433,PTCy-25 mg/kg (subgroup-2),PTCy_arm,N,N,Y,30,66.7,50,NR,NR,26,69,NR,NR,63.3,20,13.3,NR,NR,3.3,NR,NR,NR,NR,70,NR,NR,DRI,0,0,100,0,0,MMUD,100,0,0,PBSC,16.7,83.3,NR,EBMT,RIC,NR,0,100,0,0,NR,NR,NR,NR,NR,NR,NR,Y,25,2,"+3,+4",50,reduced_other,Y,cyclosporine,NR,N,,N,,,N,N,Y,"Alemtuzumab 5 mg IV on days -2 and -1 (low-dose, total 10 mg)",N,,,,,select_high_risk,post_2018,NR,NR,NR,NR,NR,NR,NR,NR,20,NR,NR
486,433,"Control (alemtuzumab 10 mg + CsA + MMF, historical 2015-2019)",comparator_arm,N,N,N,31,54.8,43,NR,NR,20,63,NR,NR,45.2,12.9,12.9,NR,NR,29,NR,NR,NR,NR,45.2,NR,NR,DRI,0,0,100,0,0,MMUD,100,0,0,PBSC,48.4,51.6,NR,EBMT,mixed,NR,0,100,0,0,NR,NR,NR,NR,NR,NR,NR,N,,,,,,Y,cyclosporine,NR,Y,3000,N,,,N,N,Y,"Alemtuzumab 10 mg IV on days -2 and -1 (low-dose, total 20 mg)",N,,,,,none,pre_2018,NR,NR,NR,NR,NR,NR,NR,NR,48,NR,NR
487,436,PTCY,PTCy_arm,N,N,Y,32,65.6,61,NR,NR,32,71,NR,NR,43.8,6.3,18.8,6.3,3.1,21.9,0,0,0,0,25,NR,NR,refined_DRI,0,0,0,100,0,haplo,100,0,0,PBSC,0,100,0,investigator_defined,RIC,NR,0,0,100,100,28.1,25,18.8,6.3,9.4,46.9,DR_combinations,Y,50,2,"+3, +4",100,standard_50x2,Y,cyclosporine,NR,Y,NR,N,,,N,N,N,,N,,,,,NR,mixed_spans_era,NR,NR,NR,NR,NR,NR,NR,NR,59.3,NR,NR
488,436,PTCY + ATG,PTCy_arm,N,N,Y,26,61.5,62,NR,NR,24,71,NR,NR,50,0,19.2,7.7,0,19.2,0,3.8,0,0,42.3,NR,NR,refined_DRI,0,0,0,100,0,haplo,100,0,0,PBSC,0,100,0,investigator_defined,RIC,NR,0,0,100,100,23.1,23.1,15.4,7.7,7.7,80.8,DR_combinations,Y,50,2,"+3, +4",100,standard_50x2,Y,cyclosporine,NR,Y,NR,N,,,N,N,N,,Y,rabbit_thymoglobulin,2.5,low_le_4.5_rabbit,pre_transplant,NR,mixed_spans_era,NR,NR,NR,NR,NR,NR,NR,NR,23.8,NR,NR
489,437,PTCy group,comparator_arm,N,N,Y,16,56.2,43.5,NR,NR,20,67,NR,NR,43.8,31.3,NR,0,NR,12.5,NR,NR,NR,12.4,NR,NR,NR,NR,0,0,0,100,0,haplo,NR,NR,0,NR,75,25,0,investigator_defined,MAC,NR,0,NR,NR,100,100,100,100,0,0,0,DR_combinations,Y,50,2,"+3,+4",100,standard_50x2,Y,cyclosporine,NR,Y,NR,N,,,N,N,N,,N,,,,,none,mixed_spans_era,NR,NR,minimum 3 months post-transplant,fluoroquinolone,NR,PCR_qPCR,1,NR,31.3,NR,NR
490,437,Low-dose ATG/PTCy group,PTCy_arm,N,N,Y,17,70.6,43,NR,NR,19,69,NR,NR,76.5,5.9,NR,5.9,NR,0,NR,NR,NR,11.8,NR,NR,NR,NR,0,0,0,100,0,haplo,NR,NR,0,NR,58.8,41.2,0,investigator_defined,MAC,NR,0,NR,NR,100,100,100,100,0,0,0,DR_combinations,Y,50,1,+3,50,single_dose,Y,cyclosporine,NR,Y,3000,N,,,N,N,N,,Y,NR,5,low_le_4.5_rabbit,pre_transplant,none,mixed_spans_era,NR,NR,minimum 3 months post-transplant,fluoroquinolone,NR,PCR_qPCR,1,NR,11.8,NR,NR
491,438,"MBM (matched bone marrow, single-agent PTCy)",PTCy_arm,N,N,Y,57,52,31,NR,NR,18,59,NR,NR,44,25,4,NR,12,9,NR,5,NR,NR,NR,NR,NR,DRI,88,12,0,0,0,MSD,0,100,0,BM,25,75,0,investigator_defined,RIC,NR,100,0,0,0,NR,NR,NR,NR,NR,NR,NR,Y,50,2,"+3,+4",100,standard_50x2,N,,,N,,N,,,N,N,N,,N,,,,,none,pre_2018,fluconazole,N,NR,NR,TMP_SMX,PCR_qPCR,NR,>500 copies/mL,11,NR,NR
492,438,"MPBSC (matched PBSC, PTCy + tacrolimus + MMF 30 mg/kg)",PTCy_arm,N,N,Y,88,54,32,NR,NR,18,62,NR,NR,49,28,5,NR,8,10,NR,0,NR,NR,NR,NR,NR,DRI,1,99,0,0,0,MUD,100,0,0,PBSC,22,82,0,investigator_defined,RIC,NR,100,0,0,0,NR,NR,NR,NR,NR,NR,NR,Y,50,2,"+3,+4",100,standard_50x2,Y,tacrolimus,5-15,Y,30 mg/kg/day (bid),N,,,N,N,N,,N,,,,,none,pre_2018,fluconazole,N,NR,NR,TMP_SMX,PCR_qPCR,NR,>500 copies/mL,16.6,NR,NR
493,438,"MMG (mismatched grafts, PTCy + tacrolimus + MMF 45 mg/kg)",PTCy_arm,N,N,Y,55,56,27,NR,NR,18,58,NR,NR,47,25,4,NR,13,11,NR,0,NR,NR,NR,NR,NR,DRI,0,0,65,35,0,mixed,47,53,0,mixed,7,93,0,investigator_defined,RIC,NR,0,NR,NR,35,NR,NR,NR,NR,NR,NR,NR,Y,50,2,"+3,+4",100,standard_50x2,Y,tacrolimus,5-15,Y,45 mg/kg/day (tid),N,,,N,N,N,,N,,,,,none,pre_2018,fluconazole,N,NR,NR,TMP_SMX,PCR_qPCR,NR,>500 copies/mL,19.1,NR,NR
494,442,PT/Cy-haplo (HLA-haploidentical PBSCT + reduced-dose PT/Cy 25 mg/kg x 2 + TAC + MMF),PTCy_arm,Y,N,N,39,NR,48,NR,NR,21,68,NR,NR,51,23,3,NR,0,23,NR,NR,0,0,49,26,5,DRI,0,0,0,100,0,haplo,100,0,0,PBSC,3,97,0,investigator_defined,RIC,NR,0,0,0,100,92,NR,69,3,23,5,DR_combinations,Y,25,2,"D+3,D+4",50,reduced_25x2,Y,tacrolimus,NR,Y,NR,N,,,N,N,N,,N,,,,,none,pre_2018,NR,NR,NR,NR,NR,NR,NR,NR,62,NR,NR
495,442,"MRD (HLA-matched related donor, primarily PB; CSA + sMTX)",comparator_arm,Y,N,N,17,NR,45,NR,NR,24,68,NR,NR,29,24,12,NR,6,18,NR,NR,6,6,29,35,18,DRI,100,0,0,0,0,MSD,76,24,0,PBSC,59,41,0,investigator_defined,MAC,NR,100,0,0,0,82,NR,59,12,24,6,DR_combinations,N,,,,,,Y,cyclosporine,NR,N,,Y,short-term MTX (sMTX),NR,N,N,N,,UNCL,NR,,,,none,pre_2018,NR,NR,NR,NR,NR,NR,NR,NR,47,NR,NR
496,446,"Standard-dose PTCy (50 mg/kg x 2, total 100 mg/kg) + tacrolimus",PTCy_arm,N,N,Y,59,52.5,54,NR,NR,20,72,NR,NR,NR,NR,NR,0,NR,27.1,NR,NR,NR,11.9,57.6,NR,NR,refined_DRI,61,39,0,0,0,MSD,96.6,3.4,0,PBSC,39,61,0,investigator_defined,RIC,39,100,0,0,0,NR,NR,NR,NR,NR,11.9,DR_combinations,Y,50,2,"+3,+4",100,standard_50x2,Y,tacrolimus,5-15 (target 8),N,,N,,,N,N,N,,N,,,,,select_high_risk,mixed_spans_era,fluconazole,N,until hematopoietic recovery,fluoroquinolone,TMP_SMX,PCR_qPCR,2,NR,25.1,NR,NR
497,446,"Reduced-dose PTCy (30 mg/kg x 2, total 60 mg/kg) + tacrolimus",PTCy_arm,N,N,Y,48,54.2,59,NR,NR,27,73,NR,NR,NR,NR,NR,25,NR,47.9,NR,NR,NR,20.8,37.5,NR,NR,refined_DRI,35.4,64.6,0,0,0,MUD,93.8,6.3,0,PBSC,31.3,68.8,0,investigator_defined,RIC,31.3,100,0,0,0,NR,NR,NR,NR,NR,16.7,DR_combinations,Y,30,2,"+3,+4",60,reduced_other,Y,tacrolimus,5-15 (target 8),N,,N,,,N,N,N,,N,,,,,select_high_risk,mixed_spans_era,fluconazole,N,until hematopoietic recovery,fluoroquinolone,TMP_SMX,PCR_qPCR,2,NR,28.3,NR,NR
498,447,PT-Cy alone (group 1),PTCy_arm,N,N,Y,78,NR,37.1,27.5,49.8,18.1,73.7,NR,NR,72,28,0,0,0,0,0,0,0,0,NR,NR,NR,NR,81,19,0,0,0,MSD,26,74,0,BM,44,56,0,investigator_defined,RIC,NR,NR,NR,NR,0,77,73,NR,NR,NR,NR,DR_combinations,Y,NR,NR,NR,NR,NR,N,,NR,N,NR,N,NR,NR,N,N,N,,N,,,,,none,pre_2018,NR,NR,NR,NR,NR,NR,NR,NR,NR,NR,NR
499,447,PT-Cy + 1 IS drug (group 2),PTCy_arm,N,N,Y,204,NR,51.3,37.9,60.2,18.7,72.9,NR,NR,84,16,0,0,0,0,0,0,0,0,NR,NR,NR,NR,56,44,0,0,0,MSD,88,12,0,PBSC,49,51,0,investigator_defined,mixed,NR,NR,NR,NR,0,66,52,NR,NR,NR,NR,DR_combinations,Y,NR,NR,NR,NR,NR,mixed,cyclosporine,NR,mixed,NR,mixed,NR,NR,N,N,Y,"PT-Cy + 1 of CSA, MTX, or MMF",Y,mixed,NR,mixed,NR,none,pre_2018,NR,NR,NR,NR,NR,NR,NR,NR,NR,NR,NR
500,447,PT-Cy + 2 IS drugs (group 3),PTCy_arm,N,N,Y,141,NR,43.9,31.5,54.1,18.1,76,NR,NR,73,27,0,0,0,0,0,0,0,0,NR,NR,NR,NR,45,54,0,0,0,MUD,82,18,0,PBSC,74,26,0,investigator_defined,MAC,NR,NR,NR,NR,0,68,59,NR,NR,NR,NR,DR_combinations,Y,NR,NR,NR,NR,NR,Y,cyclosporine,NR,mixed,NR,mixed,NR,NR,N,N,Y,PT-Cy + CSA+MTX or CSA+MMF,Y,mixed,NR,mixed,NR,none,pre_2018,NR,NR,NR,NR,NR,NR,NR,NR,NR,NR,NR
501,450,MSD (matched sibling donor) + PTCy,PTCy_arm,N,N,Y,215,54,48,NR,NR,18,71,NR,NR,100,0,0,0,0,0,0,0,0,0,22,70,8,investigator_defined,100,0,0,0,0,MSD,71,29,0,PBSC,58,42,0,investigator_defined,MAC,25,NR,NR,NR,0,77,NR,64,6,13,16,DR_combinations,Y,NR,NR,NR,NR,NR,mixed,NR,NR,mixed,NR,NR,NR,NR,NR,N,NR,PTCy combinations: PTCy+2 drugs 26%; PTCy+1 drug 50%; PTCy alone 24%,mixed,NR,NR,NR,NR,NR,pre_2018,NR,NR,NR,NR,NR,NR,NR,NR,17,NR,NR
502,450,MUD (matched unrelated donor) + PTCy,PTCy_arm,N,N,Y,235,56,47,NR,NR,18,74,NR,NR,100,0,0,0,0,0,0,0,0,0,34,60,6,investigator_defined,0,100,0,0,0,MUD,91,9,0,PBSC,50,50,0,investigator_defined,mixed,25,NR,NR,NR,0,73,NR,41,6,32,21,DR_combinations,Y,NR,NR,NR,NR,NR,mixed,NR,NR,mixed,NR,NR,NR,NR,NR,N,NR,PTCy combinations: PTCy+2 drugs 47%; PTCy+1 drug 47%; PTCy alone 6%,mixed,NR,NR,NR,NR,NR,pre_2018,NR,NR,NR,NR,NR,NR,NR,NR,28,NR,NR
503,450,Haplo (haploidentical donor) + PTCy,PTCy_arm,N,N,Y,789,56,54,NR,NR,18,75,NR,NR,100,0,0,0,0,0,0,0,0,0,29,66,5,investigator_defined,0,0,0,100,0,haplo,57,43,0,PBSC,62,38,0,investigator_defined,MAC,22,0,0,100,100,79,NR,60,7,19,13,DR_combinations,Y,NR,NR,NR,NR,NR,mixed,NR,NR,mixed,NR,NR,NR,NR,NR,N,NR,PTCy combinations: PTCy+2 drugs 93%; PTCy+1 drug 6%; PTCy alone 2%,mixed,NR,NR,NR,NR,NR,pre_2018,NR,NR,NR,NR,NR,NR,NR,NR,26,NR,NR
504,453,PTCY,PTCy_arm,N,N,Y,421,59,51,38.6,63.2,18,75.6,NR,NR,100,0,0,0,0,0,0,0,0,0,20.7,NR,NR,investigator_defined,0,64.6,35.4,0,0,MUD,100,0,0,PBSC,51.1,48.9,NR,EBMT,mixed,NR,64.6,35.4,0,0,74.2,44.3,NR,NR,NR,NR,DR_combinations,Y,NR,NR,NR,NR,NR,Y,mixed,NR,Y,NR,mixed,NR,NR,mixed,N,N,,N,,,,,NR,mixed_spans_era,NR,NR,NR,NR,NR,NR,NR,NR,28.9,NR,NR
505,453,PTCY + ATG,PTCy_arm,N,N,Y,151,57,49.8,37.2,57.5,20.1,71.1,NR,NR,100,0,0,0,0,0,0,0,0,0,18.5,NR,NR,investigator_defined,0,65.6,34.4,0,0,MUD,100,0,0,PBSC,59.2,40.8,NR,EBMT,mixed,NR,65.6,34.4,0,0,77.2,49.3,NR,NR,NR,NR,DR_combinations,Y,NR,NR,NR,NR,NR,Y,mixed,NR,Y,NR,mixed,NR,NR,mixed,N,N,,Y,mixed,thymoglobulin median 5 mg/kg (IQR 5-7.5); Grafalon median 40 mg/kg (IQR 30-60),mixed,pre_transplant,NR,mixed_spans_era,NR,NR,NR,NR,NR,NR,NR,NR,23.1,NR,NR
506,454,Intermediate-dose PTCy,PTCy_arm,N,N,Y,11,81.8,64,NR,NR,36,76,NR,NR,63.6,0,36.4,0,0,0,0,0,0,0,NR,NR,NR,NR,9.1,54.5,18.2,18.2,0,MUD,100,0,0,PBSC,9.1,90.9,0,investigator_defined,RIC,36.4,NR,NR,NR,18.2,NR,NR,NR,NR,NR,NR,NR,Y,25,2,"Day +3, +4",50,reduced_25x2,Y,tacrolimus,NR,Y,NR,N,,,N,N,N,,N,,,,,NR,post_2018,NR,NR,NR,NR,NR,NR,NR,NR,19.2,NR,NR
507,454,Standard-dose PTCy (historical cohort),comparator_arm,N,N,Y,57,NR,NR,NR,NR,NR,NR,NR,NR,NR,NR,NR,NR,NR,NR,NR,NR,NR,NR,NR,NR,NR,NR,NR,NR,NR,NR,NR,mixed,NR,NR,NR,NR,NR,NR,NR,NR,NR,NR,NR,NR,NR,68.4,NR,NR,NR,NR,NR,NR,NR,Y,50,2,"Day +3, +4",100,standard_50x2,Y,tacrolimus,NR,Y,NR,N,,,N,N,N,,N,,,,,NR,mixed_spans_era,NR,NR,NR,NR,NR,NR,NR,NR,14,NR,NR
508,455,"Cohort A (study cohort, ATG + G-CSF + low-dose PTCy)",PTCy_arm,N,N,Y,40,62.5,28,NR,NR,15,40,NR,NR,58,20,19,0,3,0,0,0,0,0,NR,NR,100,investigator_defined,0,0,0,100,0,haplo,NR,NR,0,mixed,100,0,0,investigator_defined,MAC,0,0,0,100,100,NR,NR,NR,NR,NR,NR,NR,Y,14.5,2,"3,4",29,reduced_other,Y,cyclosporine,150-250,Y,NR,Y,NR,NR,N,N,N,,Y,rabbit_thymoglobulin,10,standard_4.5_to_10_rabbit,pre_transplant,none,pre_2018,NR,NR,NR,NR,NR,NR,NR,NR,17,NR,NR
509,455,"Cohort B (contemporary matched-pair control, ATG + G-CSF, no PTCy)",comparator_arm,N,N,Y,120,60,27,NR,NR,15,54,NR,NR,58,19,19,0,4,0,0,0,0,0,NR,NR,100,investigator_defined,0,0,0,100,0,haplo,NR,NR,0,mixed,100,0,0,investigator_defined,MAC,0,0,0,100,100,NR,NR,NR,NR,NR,NR,NR,N,,,,,,Y,cyclosporine,150-250,Y,NR,Y,NR,NR,N,N,N,,Y,rabbit_thymoglobulin,10,standard_4.5_to_10_rabbit,pre_transplant,none,pre_2018,NR,NR,NR,NR,NR,NR,NR,NR,33,NR,NR
510,455,"Cohort C (historical control, ATG + G-CSF, no PTCy, maternal/collateral donors)",comparator_arm,N,N,Y,46,67,23,NR,NR,15,43,NR,NR,58,21,18,0,3,0,0,0,0,0,NR,NR,100,investigator_defined,0,0,0,100,0,haplo,NR,NR,0,mixed,100,0,0,investigator_defined,MAC,0,0,0,100,100,NR,NR,NR,NR,NR,NR,NR,N,,,,,,Y,cyclosporine,150-250,Y,NR,Y,NR,NR,N,N,N,,Y,rabbit_thymoglobulin,10,standard_4.5_to_10_rabbit,pre_transplant,none,pre_2018,NR,NR,NR,NR,NR,NR,NR,NR,56,NR,NR
511,456,PT-Cy,PTCy_arm,N,N,N,31,67.7,30,NR,NR,18,57,NR,NR,0,80.6,0,0,0,19.4,0,0,0,0,NR,NR,NR,NR,58.1,32.3,0,9.6,0,MSD,100,0,0,PBSC,100,0,0,investigator_defined,MAC,0,NR,NR,NR,9.6,NR,NR,NR,NR,NR,NR,NR,Y,50,2,"D+3, D+4",100,standard_50x2,Y,cyclosporine,200-250,N,,N,,,N,N,N,,N,,,,,NR,pre_2018,NR,NR,NR,NR,NR,NR,NR,NR,39,NR,NR
512,456,Historical group (CsA + MTX + MMF ± ATG),comparator_arm,N,N,N,48,62.5,23,NR,NR,16,49,NR,NR,0,89.6,0,0,0,10.4,0,0,0,0,NR,NR,NR,NR,41.7,58.3,0,0,0,MUD,93.7,6.3,0,PBSC,100,0,0,investigator_defined,MAC,NR,NR,NR,NR,0,NR,NR,NR,NR,NR,NR,NR,N,,,,,,Y,cyclosporine,NR,Y,NR,Y,NR,NR,N,N,N,,mixed,NR,"6 mg/kg (MUD subset only, per discussion)",standard_4.5_to_10_rabbit,pre_transplant,none,pre_2018,NR,NR,NR,NR,NR,NR,NR,NR,40.4,NR,NR
513,457,PTCy-ATG (PTCy + tacrolimus + post-engraftment low-dose ATG),PTCy_arm,Y,Y,N,71,60.6,48,NR,NR,17,66,NR,NR,69,0,25.4,0,0,0,0,0,0,5.6,NR,NR,NR,NR,0,5.6,0,94.4,0,haplo,100,0,0,PBSC,100,0,0,investigator_defined,MAC,0,5.6,NR,NR,94.4,NR,NR,NR,NR,NR,NR,NR,Y,50,2,"+3,+4",100,standard_50x2,Y,tacrolimus,NR,N,,N,,,N,N,N,,Y,NR,2.5,low_le_4.5_rabbit,post_transplant,NR,mixed_spans_era,NR,NR,NR,NR,NR,NR,NR,NR,NR,NR,NR
514,457,CNI (CsA + MMF + MTX) - MSD historical control,comparator_arm,Y,N,N,48,62.5,45,NR,NR,16,61,NR,NR,89.6,0,6.3,0,2.1,0,0,0,0,2.1,NR,NR,NR,NR,100,0,0,0,0,MSD,100,0,0,PBSC,100,0,0,investigator_defined,MAC,0,100,0,0,0,NR,NR,NR,NR,NR,NR,NR,N,,,,,,Y,cyclosporine,NR,Y,NR,Y,D+1 15 mg/m2; D+3 and D+6 10 mg/m2,35,N,N,N,,N,,,,,NR,mixed_spans_era,NR,NR,NR,NR,NR,NR,NR,NR,NR,NR,NR
515,457,CNI-ATG (CsA + MMF + MTX + ATG) - MUD/haplo historical control,comparator_arm,N,Y,N,35,45.7,36,NR,NR,16,62,NR,NR,68.6,0,25.7,0,5.7,0,0,0,0,0,NR,NR,NR,NR,0,54.3,0,45.7,0,mixed,100,0,0,PBSC,100,0,0,investigator_defined,MAC,0,54.3,NR,NR,45.7,NR,NR,NR,NR,NR,NR,NR,N,,,,,,Y,cyclosporine,NR,Y,NR,Y,D+1 15 mg/m2; D+3 and D+6 10 mg/m2,35,N,N,N,,Y,NR,8.2,standard_4.5_to_10_rabbit,pre_transplant,NR,mixed_spans_era,NR,NR,NR,NR,NR,NR,NR,NR,NR,NR,NR
516,460,Low dose ATG/PTCy,PTCy_arm,N,N,Y,31,NR,NR,NR,NR,NR,NR,NR,NR,NR,0,NR,NR,NR,0,0,0,0,NR,NR,NR,NR,refined_DRI,0,0,0,100,0,haplo,100,0,0,PBSC,NR,NR,0,investigator_defined,mixed,0,NR,NR,NR,100,NR,NR,NR,NR,NR,NR,NR,Y,50,1,+3,50,single_dose,Y,cyclosporine,NR,Y,3000,N,,,N,N,N,,Y,NR,5,low_le_4.5_rabbit,pre_transplant,NR,pre_2018,NR,NR,NR,NR,NR,NR,NR,NR,17,NR,NR
517,460,Standard-dose ATG,comparator_arm,N,N,Y,36,NR,NR,NR,NR,NR,NR,NR,NR,NR,0,NR,NR,NR,0,0,0,0,NR,NR,NR,NR,refined_DRI,0,0,0,100,0,haplo,100,0,0,PBSC,NR,NR,0,investigator_defined,mixed,0,NR,NR,NR,100,NR,NR,NR,NR,NR,NR,NR,N,,,,,,Y,cyclosporine,NR,Y,3000,Y,"10 mg/m2 on d+1, 5 mg/m2 on d+3 and d+6",20,N,N,N,,Y,NR,10,standard_4.5_to_10_rabbit,pre_transplant,NR,pre_2018,NR,NR,NR,NR,NR,NR,NR,NR,40.2,NR,NR
518,461,PT-Cy + ATLG (study group),PTCy_arm,N,N,Y,21,57.1,60,NR,NR,24,71,NR,NR,61.9,9.5,NR,NR,NR,NR,NR,NR,NR,28.6,NR,NR,NR,NR,19,19,19,42.9,0,haplo,100,0,0,PBSC,61.9,38.1,0,investigator_defined,MAC,NR,NR,NR,NR,42.9,NR,NR,NR,NR,NR,NR,NR,Y,50,2,"D+3,+4",100,standard_50x2,N,,,mixed,"30 mg/kg/day (mismatched/unrelated only, D+5 to D+28)",N,,,Y,N,N,,Y,rabbit_grafalon_ATLG,5,low_le_4.5_rabbit,post_transplant,select_high_risk,post_2018,mixed,Y,NR,NR,TMP_SMX,PCR_qPCR,1,NR,24,NR,NR
519,461,PT-Cy (control group),comparator_arm,N,N,Y,42,61.9,56,NR,NR,22,77,NR,NR,54.8,14.3,NR,NR,NR,NR,NR,NR,NR,30.9,NR,NR,NR,NR,16.7,28.6,16.7,38.1,0,haplo,100,0,0,PBSC,71.4,28.6,0,investigator_defined,MAC,NR,NR,NR,NR,38.1,NR,NR,NR,NR,NR,NR,NR,Y,50,2,"D+3,+4",100,standard_50x2,N,,,mixed,"30 mg/kg/day (mismatched/unrelated only, D+5 to D+28)",N,,,Y,N,N,,N,,,,,none,pre_2018,mixed,Y,NR,NR,TMP_SMX,PCR_qPCR,1,NR,29,NR,NR
520,462,Reduced-dose PTCy/ATG group,PTCy_arm,N,N,Y,61,64,24,NR,NR,14,59,NR,NR,36,49,8,0,0,5,0,0,0,2,18,NR,82,refined_DRI,0,0,0,100,0,haplo,100,0,0,PBSC,100,0,0,investigator_defined,MAC,NR,0,7,93,100,NR,NR,NR,NR,NR,NR,NR,Y,40,2,"+3,+4",80,reduced_40x2,Y,cyclosporine,NR,Y,NR,N,,,N,N,Y,Rituximab 100 mg on day +5 for EBV prophylaxis (investigational arm only),Y,rabbit_thymoglobulin,2.5,low_le_4.5_rabbit,post_transplant,NR,mixed_spans_era,NR,NR,NR,NR,NR,PCR_qPCR,1,NR,11.5,NR,NR
521,462,Standard-dose ATG group (Beijing Protocol),comparator_arm,N,N,Y,61,67,26,NR,NR,14,53,NR,NR,54,30,8,0,0,5,0,0,0,3,20,NR,80,refined_DRI,0,0,0,100,0,haplo,NR,NR,0,mixed,100,0,0,investigator_defined,MAC,NR,0,3,97,100,NR,NR,NR,NR,NR,NR,NR,N,,,,,,Y,cyclosporine,NR,Y,NR,Y,"d+1 15 mg/kg; d+3,+6,+11 10 mg/kg",NR,N,N,N,,Y,rabbit_thymoglobulin,10,standard_4.5_to_10_rabbit,pre_transplant,NR,mixed_spans_era,NR,NR,NR,NR,NR,PCR_qPCR,1,NR,39.3,NR,NR
522,464,low-dose PTCy-ATG,PTCy_arm,N,N,N,53,52.8,29,NR,NR,2,59,NR,NR,45.3,41.5,11.3,1.9,0,0,0,0,0,0,50.9,NR,49.1,investigator_defined,0,100,0,0,0,MUD,100,0,0,PBSC,100,0,0,investigator_defined,MAC,NR,100,0,0,0,NR,NR,NR,NR,NR,NR,NR,Y,20,2,"D+3,D+4",40,reduced_other,Y,cyclosporine,NR,Y,NR,N,,,N,N,Y,Rituximab 100 mg (adults) or 50 mg/m2 (children) on day +5 as EBV prophylaxis,Y,rabbit_thymoglobulin,6,standard_4.5_to_10_rabbit,pre_transplant,NR,post_2018,NR,NR,NR,NR,NR,PCR_qPCR,2,NR,24.5,NR,NR
523,464,standard-dose ATG,comparator_arm,N,N,N,51,64.7,29,NR,NR,4,52,NR,NR,60.8,31.4,7.8,0,0,0,0,0,0,0,39.2,NR,60.8,investigator_defined,0,100,0,0,0,MUD,100,0,0,PBSC,100,0,0,investigator_defined,MAC,NR,100,0,0,0,NR,NR,NR,NR,NR,NR,NR,N,,,,,,Y,cyclosporine,NR,Y,NR,Y,"10 mg/m2 D+1; 7 mg/m2 D+3, +6, +11",31,N,N,N,,Y,rabbit_thymoglobulin,10,standard_4.5_to_10_rabbit,pre_transplant,NR,post_2018,NR,NR,NR,NR,NR,PCR_qPCR,2,NR,47.1,NR,NR
524,465,Low-dose PTCy-ATG cohort,PTCy_arm,N,Y,N,80,NR,NR,NR,NR,14,62,NR,NR,NR,NR,NR,NR,NR,NR,NR,NR,NR,NR,NR,NR,NR,NR,0,51.2,48.8,0,0,MUD,100,0,0,PBSC,100,0,0,investigator_defined,MAC,NR,51.2,48.8,NR,0,NR,NR,NR,NR,NR,NR,NR,Y,20,2,"+3, +4",40,reduced_40x2,Y,cyclosporine,NR,Y,NR,N,,,N,N,Y,Rituximab 100 mg single dose on day +5 for EBV prophylaxis,Y,rabbit_thymoglobulin,6,low_le_4.5_rabbit,pre_transplant,NR,post_2018,NR,NR,NR,NR,NR,NR,NR,NR,23.8,NR,NR
525,465,Quadruplet ATG group,comparator_arm,N,Y,N,80,NR,NR,NR,NR,14,62,NR,NR,NR,NR,NR,NR,NR,NR,NR,NR,NR,NR,NR,NR,NR,NR,0,70,30,0,0,MUD,100,0,0,PBSC,100,0,0,investigator_defined,MAC,NR,70,30,NR,0,NR,NR,NR,NR,NR,NR,NR,N,,,,,,Y,cyclosporine,NR,Y,NR,Y,"10 mg/m2 day +1; 7 mg/m2 days +3, +6, +11",31,N,N,N,,Y,rabbit_thymoglobulin,10,standard_4.5_to_10_rabbit,pre_transplant,NR,post_2018,NR,NR,NR,NR,NR,NR,NR,NR,40,NR,NR
