cohort_id,cohort_label,cohort_description,registry_or_source,enrollment_start_year,enrollment_end_year,total_unique_patients,primary_publication_study_id,primary_publication_overrides,overlap_notes
1002,BMT_CTN_1703,"BMT CTN 1703: NIH/NHLBI-funded multicenter phase 3 RCT randomizing adults to PTCy-Tac-MMF (experimental) vs Tac-MTX (standard) for GVHD prophylaxis after RIC allogeneic PBSC HSCT from HLA-matched/7-8 mismatched related or unrelated donors. 37 US centers, 431 randomized, enrollment Jun 2019-Jun 2021. Companion phase 3 trial to BMT CTN 1801 (Progress II).",multicenter_collaboration,2019,2021,431,2,,"Cohort 1002. Related publications include Abedin S 2024/2025 (age >=70 post-hoc) and Shaffer 2024 (cohort 1008, separate MUD/MMUD trial - not the same cohort). Note: BMT CTN 1703 is the cohort here; Bolanos-Meade 2023 NEJM is the primary publication for all infection and GVHD outcomes at 1 year."
1001,CIBMTR_HaploCy_SibCy_SibCNI,"CIBMTR registry analysis of patients reported between 2012 and 2017 receiving first allogeneic HCT for AML, ALL, or MDS, restricted to centers reporting both HaploCy and SibCNI; three arms (HaploCy haploidentical+PTCy, SibCy matched sibling+PTCy, SibCNI matched sibling+CNI-based prophylaxis). Excludes UCB, unrelated donors, single-mismatch related, and T-cell manipulation (CD34 selection, ex vivo TCD, ATG, alemtuzumab).",CIBMTR,2012,2017,2765,4,"IFI_mold:8
IFI_yeast:8
IFI_any:8",Same patient cohort as Papanicolaou GA et al. 2024 (study_id 8). Goldsmith 2021 is primary publication for CMV outcomes; Papanicolaou 2024 is primary publication for IFI outcomes per outcome-specific override.
1004,Moffitt_Khimani_Ranspach,"Single-center retrospective cohort of 583 consecutive adult patients undergoing allo-HCT for hematologic malignancies at H. Lee Moffitt Cancer Center between January 2012 and December 2018. Includes haplo (n=75) and 8/8 MUD (n=508) recipients receiving MAC (n=223) or RIC (n=360); none received ATG. Primary analysis stratified by GVHD prophylaxis into 4 groups: haplo-PTCy, MUD-PTCy, Tac/MTX, Tac/Sir.",single_center,2012,2018,583,5,,Single-center Moffitt cohort; possible patient overlap with other Moffitt PTCy publications outside this pilot but no overlap with the 9 other pilot studies.
1005,Freiburg_Meyer_single_center,"Adults undergoing alloHCT at University of Freiburg between 2015-2022, T-cell replete PBSCT, stratified by donor type and GvHD prophylaxis into 4 groups: haplo/MM+PTCy, MRD/NoATLG, MUD+ATLG Grafalon 30 mg/kg, MM+ATLG Grafalon 30 mg/kg. All received CSA + mycophenolate sodium. Inborn errors of immunity excluded.",single_center,2015,2022,499,6,,Single-center Freiburg cohort; no known overlap with other pilot papers.
1007,Pavlov_StPetersburg_RCT,"Single-center prospective trial of PTCy/Tac/MMF (NCT02294552, enrolled 2013-2015) vs historical control of consecutive PBSC unrelated donor transplants (2010-2013) with ATG/Tac/MTX or MMF at First St. Petersburg State Medical University (Pavlov). Adults with AML/ALL.",single_center,2010,2015,211,7,,Same institution (Gorbacheva Memorial/Pavlov) as Moiseev 2017 and Moiseev 2025 but distinct PBSC cohort focused on AML/ALL; no overlap with other pilot papers.
1003,Salas_Barcelona,Single-center retrospective cohort of consecutive adults undergoing allogeneic HCT at Hospital Clinic de Barcelona between January 2014 and March 2021. Multiple Salas publications report on overlapping subsets of this cohort. This 2022 BSI paper is the index publication for bloodstream infection outcomes.,single_center,2014,2021,330,9,BSI outcomes: study_id 9 (Salas 2022 BSI),"Hospital Clinic de Barcelona PTCy program cohort. Related Salas publications include Salas 2022 (Improving Safety and Outcomes), Salas 2022 (PTCY-TK for older adults), Salas 2023 (MDS CMWP), Salas 2024 (multiple). primary_for_cohort=partial: this paper is primary for BSI only."
1008,CIBMTR_MUD_MMUD_Shaffer,"CIBMTR registry cohort of adult recipients undergoing initial MUD (8/8) or single HLA locus MMUD (7/8) HCT for AML, ALL, or MDS with either PTCy- or CNI-based GVHD prophylaxis, reported between January 2017 and June 2021. Total N=10,025 (1,681 PTCy-MUD; 7,272 CNI-MUD; 613 PTCy-MMUD; 459 CNI-MMUD).",CIBMTR,2017,2021,10025,10,,Distinct CIBMTR cohort from Goldsmith/Papanicolaou (cohort 1001). Shaffer cohort focuses on MUD vs MMUD comparisons (not Haplo vs Sib). Different time window (2017-2021) and donor types.
1009,ABMTRR_older_haplo_AMLMDS,"Australasian Bone Marrow Transplant Recipient Registry (ABMTRR) national retrospective cohort of patients aged 65 or older receiving peripheral blood haploidentical HSCT for AML or MDS in Australia and New Zealand between January 2010 and July 2020. 11 centers contributed; universal use of PTCy GVHD prophylaxis; no ATG; predominantly RIC with FluCyTBI 'Baltimore' regimen. N=44 (30 AML, 14 MDS).",national_registry,2010,2020,44,11,,"Some patients may overlap with ANZHIT 1 prospective Australian haplo cohort (Moore et al. 2023, Blood Adv) referenced for relapse rate consistency, but ANZHIT 1 is not restricted to older patients."
1010,MCW_Abid_haplo_CRS,"Single-center retrospective cohort of 78 consecutive adult patients undergoing T cell-replete PTCy-based haploidentical related donor HCT at Medical College of Wisconsin (MCW) between April 2012 and April 2018. All received uniform GVHD prophylaxis with PTCy + tacrolimus + MMF. Patients stratified into 3 groups based on severity of cytokine release syndrome (CRS) by Lee et al. criteria: grade 0-1 (n=41), grade 2 (n=27), grade 3 (n=10). Primary aim was to evaluate CRS severity as a predictor of infection risk and mortality after haploHCT.",single_center,2012,2018,78,14,,Single-center MCW haploHCT cohort. No known overlap with other PTCy MA cohorts.
1011,CIBMTR_HL_HaploPTCy_MSDCNI,"CIBMTR registry analysis of 596 adult classic Hodgkin lymphoma (cHL) patients undergoing first NMA/RIC allo-HCT between 2008 and 2016, comparing T cell-replete related donor haploidentical with PTCy (n=139) vs MSD with CNI-based GVHD prophylaxis (n=457). MSD recipients could receive ATG or alemtuzumab (14%); ex vivo graft manipulation excluded. Distinct from CIBMTR cohort 1001 (AML/ALL/MDS) and 1008 (MUD/MMUD) — Hodgkin lymphoma-specific.",CIBMTR,2008,2016,596,19,,"Authors note some overlap with patients in Kanate 2016 (Blood) and Ghosh 2016 (J Clin Oncol) CIBMTR analyses of lymphoma patients receiving haplo or MSD between 2008 and 2013, but extended to 2016 and excluding in vivo T-cell depletion overlap. cHL-only subset distinct from broader CIBMTR cohorts 1001 and 1008."
1012,CatholicKorea_SeoulStMary_ALL_HIDT,"Single-center retrospective cohort of 78 consecutive adult ALL patients (median age 51, range 19-68) diagnosed between 2017 and 2023 at Catholic Hematology Hospital, Seoul St. Mary's Hospital, undergoing haploidentical donor HCT in CR1 or CR2. Two regimen groups: (i) FMTBI group (n=26, since 2023) receiving fludarabine 150 mg/m2 + melphalan 100 mg/m2 + TBI 400 cGy with ATG 4.5 mg/kg + PTCy 60 mg/kg (30 mg/kg x 2 days), followed by tacrolimus + MMF; (ii) FB historical control (n=52, 2017-2022) receiving fludarabine 150 mg/m2 + busulfan 9.6 mg/kg with ATG 6 mg/kg, followed by tacrolimus + methotrexate. PBSC graft in all. May overlap with Ahn J 2024 BMT (study_id 21) which studied the same institutional FM vs FB conditioning comparison.",single_center,2017,2023,78,20,NR,"Likely shares FB historical control patients with Ahn J 2024 (study_id 21), which compared FM vs FB conditioning in adult ALL at same institution. Consolidator to confirm overlap and assign final cohort_id."
1013,PrincessMargaret_Toronto_Michelis,"Single-center retrospective cohort of 159 patients undergoing allogeneic HCT for high-risk AML (n=120) or high-risk MDS (n=39) at the Princess Margaret Cancer Centre, University Health Network, Toronto, Canada, between January 2014 and July 2017. Donors: matched related (33%), HLA 10/10 unrelated (36%), HLA 9/10 unrelated (19%), haploidentical (12%). 99% PBSC. ATG+PTCy used in 69 patients (43%), other GvHD prophylaxis (alemtuzumab+CsA, MMF+CsA, MTX+CsA, ATG+CsA+MTX, ATG 7.5 mg/kg) in 90 patients (57%). Related Princess Margaret group publications include Prem 2019, Deotare 2018, Law 2018, Salas 2019.",single_center,2014,2017,159,24,NR,"Possible patient overlap with Prem 2019 (Princess Margaret MUD/MMUD), Law 2018 (Princess Margaret haplo), Salas 2019 (Princess Margaret AML); all share institution and overlapping enrollment years."
1014,MDACC_Alousi_PTCy_RIC_PhaseII,"Single-center prospective phase II trial (NCT00800839) at MD Anderson Cancer Center of post-CY as sole GVHD prophylaxis after RIC Bu/Flu (Bu AUC 4000 micromolar-minute, Flu 40 mg/m2 x4 days, CY 50 mg/kg d+3/+4) for adults age 6 months-75 yrs with hematological malignancies and HLA-A/B/C/DR matched related or unrelated donors. MUD recipients initially received ATG (4 mg/kg d-3 to -1); protocol amended to remove ATG after 34th patient. Enrolled Nov 2008-Jul 2011 (N=49). Matched cohort analysis vs contemporaneous Tac/MTX controls (N=37 matched controls) drawn from MDACC departmental database, matched on age, diagnosis, disease status, donor type, graft source, ATG use; RIC consisted of Bu/Flu or Flu/Mel.",single_center,2008,2011,86,26,,No known overlap with other PTCy MA cohorts. Single-center MDACC phase II trial.
1015,Fortis_Arora_pediatric_benign,"Single-center retrospective cohort of 16 pediatric patients (median age 6 yrs, range 1-17) with benign hematological disorders (thalassemia n=10, severe aplastic anemia n=5, congenital dyserythropoietic anemia type II n=1) who underwent 10/10 HLA-matched related (n=2) or unrelated (n=14) HSCT using PBSC graft with PTCy + cyclosporine + MMF GVHD prophylaxis between March 2022-July 2024 at Fortis Memorial Research Institute, Gurugram, India.",single_center,2022,2024,16,32,,No known overlap with other cohorts; new single-center pediatric series.
1016,DRST_German_registry,"German Registry for Stem Cell Transplantation (DRST), a subset of the EBMT database for German patients. Adult patients receiving first allo-HSCT for malignant hematologic disease between 2010 and 2020. Compares haploidentical transplants with PT-CY (n=487) vs 10/10 MUD transplants with ATG-based GVHD prophylaxis (n=7050). Includes all hematologic malignancies (AML 41.9%, MDS/MPN 23.7%, NHL 9.4%, ALL 8.4%, MM 6.0%, SecAL, CLL, CML, AL, HL). Multi-center: 55 German transplant centers. Arslan 2023 (study 33) reports on related DRST cohort; partial cohort overlap likely.",national_registry,2010,2020,7537,35,,"Likely overlaps with Arslan 2023 (study 33), which uses the same DRST registry. The 2023 paper appears to be the precursor/sister analysis. May represent superset/overlap with study 33."
1017,USC_Norris_Ashouri,"Single-center retrospective cohort of 74 adult patients undergoing MSD or fully matched MUD (10/10) allo-HSCT at USC Norris Comprehensive Cancer Center between 2015 and 2023 (Methods state 2015-2022, abstract states 2015-2023). Patients receiving haploidentical or mismatched-unrelated (>=1 mismatch) transplants were excluded. Three GVHD prophylaxis groups: MTX/TAC (n=25), PTCy/MMF/TAC (n=40), and single-agent PTCy (n=9). MTX/TAC and PTCy/MMF/TAC cohorts received PBSC; PTCy-alone received BM.",single_center,2015,2023,74,37,,Single-center USC Norris cohort; no known overlap with other cohorts in the map.
1018,Aydin_single_center,"Single-center (now merged from 2 Amsterdam academic centers: AMC location A and VUMC location B) retrospective cohort of 185 consecutive adult patients with hematological malignancies who underwent 10/10 MUD non-myeloablative HSCT between January 2014 and December 2021. ATG group (n=95, treated at location A) received ATG rabbit 2 mg/kg days -8 to -5 + flu/TBI2Gy with ciclosporin + MMF prophylaxis. PTCy group (n=90, 86 at location B + 4 at location A) received cyclophosphamide 14.5 mg/kg days -6 and -5 + flu/TBI2Gy + PTCy 50 mg/kg days +3 and +4 + ciclosporin. Graft source PBSC in 99%. Likely shared cohort with Aydin 2022 (study_id 40) covering infections/viral reactivations in same Amsterdam MUD population.",single_center,2014,2021,185,39,Aydin 2023 primary for GvHD/survival/relapse/NRM; Aydin 2022 likely primary for infections/viral reactivations,Likely overlaps with Aydin 2022 (study_id 40) - same Amsterdam single-center MUD HSCT cohort
1019,Bailen_GETH_MUD_mMUD_multicenter,"Multicenter retrospective Spanish GETH (Grupo Español de Trasplante Hematopoyético y Terapia Celular) cohort of 132 consecutive adult patients undergoing MUD or 9/10 mMUD allogeneic HSCT for hematological malignancies across 4 centers: Hospital Gregorio Marañón Madrid (center A), Hospital Regional Universitario Málaga (center B), Institut Català d'Oncologia Badalona Barcelona (center C/D?), Hospital Universitario y Politécnico La Fe Valencia. 72 PTCy patients (transplanted 2013-2018 at 3 centers) and 60 ATG patients (transplanted 2010-2018 at 2 centers). May share patients with Bailen 2019 (study 42, Madrid single-center MUD/mMUD PTCy) and Bailen 2022 (study 44, GETH MUD AML PTCy vs haplo). Cohort overlap with the Kwon/Bailen Madrid group needs adjudication at consolidation.",multicenter_collaboration,2010,2018,132,43,,"Probable patient overlap with Bailen 2019 (study 42, Madrid Gregorio Marañón single-center MUD/mMUD PTCy series) and Bailen 2022 (study 44, GETH HLA-identical AML PTCy). Subagent proposal for Madrid_single_center label was rejected because paper is explicitly multicenter (4 GETH centers). Final cohort_id and overlap mapping to studies 42/44 to be resolved at consolidation."
1020,GETH_TC_Spanish_multicenter,"GETH-TC (Grupo Espanol de Trasplante Hematopoyetico y Terapia Celular) Spanish multicenter retrospective cohort of 229 adult patients undergoing first allo-HSCT for AML using PTCY with additional immunosuppression between 2013 and 2019. Two donor strata: MSD/MUD arm (n=99 from 3 centers; 38 MSD + 61 10/10 or 12/12 MUD) and haploidentical arm (n=130 from 20 centers). PBSC predominant (89%). Heterogeneous PTCy schedules and adjunct IS in MSD/MUD (PTCy+3+4/CNI/MMF, PTCy+3+5/CNI, PTCy+3+4/Sir/MMF). No patient received ATG.",multicenter_collaboration,2013,2019,229,44,NR,"GETH-TC Spanish multicenter group. Possibly overlapping with other GETH-TC publications (Bento 2025, Fox 2026, Martinez Munoz 2024); donor strata and disease focus differ."
1021,Hackensack_Baker_single_center,"Single-center retrospective cohort at John Theurer Cancer Center, Hackensack University Medical Center. 54 sequential adult haploidentical (HAPLO) BM/PBSC transplant recipients (Jul 7, 2011-Mar 25, 2014) with PTCy GVHD prophylaxis, vs 59 concurrently treated control URD (matched/mismatched) recipients (Sep 29, 2009-Apr 9, 2014) matched by diagnosis and stem cell source. Hematological malignancies only. URD recipients received CNI-based prophylaxis with ATG-containing conditioning in most patients.",single_center,2009,2014,113,45,,No known overlap with other identified cohorts.
1022,Mayo_Rochester_Baranwal,"Single-center retrospective cohort of 500 adults undergoing alloHCT at Mayo Clinic, Rochester between January 2018 and June 2023. Stratified by GVHD prophylaxis: PTCy (n=125) versus MTX-based (n=375). Donor types: MRD 34.8%, MUD 52.6%, HID 10.4%. Study focus: chimerism kinetics (CD3/CD33) and impact on RFS/OS.",single_center,2018,2023,500,48,,No known overlap with other cohorts in this MA
1023,Barkhordar_Tehran_single_center,"Single-center retrospective cohort of 248 patients with acute leukemia (AML/ALL) without matched sibling donors undergoing alternative-donor allogeneic HSCT at the Hematology, Oncology and Stem Cell Transplantation Research Center, Tehran University of Medical Sciences, between January 2010 and November 2019. Four arms: haploidentical (n=118, PTCy 40mg/kg +3,+4 plus pre-transplant ATG, CSA+MTX), 10/10 matched unrelated (n=91, ATG+CSA+MTX), 9/10 mismatched unrelated (n=21, ATG+CSA+MTX), 9/10 mismatched related (n=18, ATG+CSA+MTX). Myeloablative Bu/Cy conditioning in most patients. Likely overlaps with Barkhordar 2022 (study_ids 50, 51) which report subsets of the haplo and unrelated arms.",single_center,2010,2019,248,49,NR,"Likely shared cohort with Barkhordar 2022 (study_ids 50, 51) — same single Tehran center, overlapping enrollment window. To be reconciled by consolidator."
1024,EBMT_ALWP,"EBMT Acute Leukemia Working Party (ALWP) registry. Multiple publications by EBMT ALWP investigators report on subsets of this large multinational registry covering acute leukemia patients receiving allogeneic HCT. Different papers cover non-overlapping or partially overlapping donor strata (MMUD, MSD, MUD, UCB, haplo).",EBMT,2013,2021,479,52,Baron 2024 is primary for AML CR1 MMUD-PTCy vs dCBT comparison; other EBMT ALWP papers cover different donor strata/outcomes.,"First EBMT ALWP paper extracted in this batch; consolidator will assign final integer cohort_id >= 1010. Other EBMT ALWP papers (Battipaglia 2018/2019, Spyridonidis 2022, Nagler 2024, Paviglianiti 2022) may share registry but typically address non-overlapping donor strata or time windows."
1025,Northside_Atlanta_AML_MDS_age60plus,"Single-center retrospective cohort of 127 consecutive patients aged >=60 years undergoing first allogeneic HCT for AML or high-grade MDS at the Blood and Marrow Transplant Program at Northside Hospital, Atlanta GA, between August 2005 and December 2015. Three donor strata: MRD (n=37, Tac/MTX), MUD (n=57, Tac/MTX; 2 of 57 were 9/10 mismatched and received pre-transplant rabbit ATG 4.5 mg/kg), and HID/haploidentical with PTCy (n=33, PTCy 50 mg/kg D+3,4 + Tac + MMF). UCB excluded. T-cell replete grafts only. Same center/program reports prior publications across all ages and all malignancies (Bashey 2013 JCO; Bashey 2016 BBMT; Solh 2016 BMT) - this subset is AML/MDS aged >=60.",single_center,2005,2015,127,55,,"Same center as Bashey 2013 JCO (ref 12; all ages, all malignancies) and Bashey 2016 BBMT (ref 27) and Solh 2016 BMT (ref 21; post-relapse survival). The Bashey ZA 2018 publication is the index publication for the AML/MDS aged >=60 subset. Consolidator should assess overlap with any other Northside/Atlanta papers in the corpus."
1026,Turin_MMUD_Berger,"Two-center retrospective cohort of 79 adult patients undergoing first allogeneic HSCT from mismatched unrelated donors (MMUD) at two Turin Metropolitan Transplant Centers (Institute for Cancer Research and Treatment in Candiolo and Azienda Ospedaliera Universitaria Ospedale San Luigi, Orbassano) between 2011 and 2019. All received PBSC grafts. Two GVHD prophylaxis platforms stratified by center: ATG-Cy-A-MTX (rabbit thymoglobulin 7.5 mg/kg total + cyclosporine + methotrexate, n=39) at one center, vs PT-Cy-tacrolimus-MMF (PTCy 50 mg/kg d+3,+4 + tacrolimus + MMF, n=40) at the other. No DRB1 mismatches per center policy. Registered ClinicalTrials.gov NCT04598789.",single_center,2011,2019,79,65,,
1027,Austral_Argentina_Berro_UD,"Single-center retrospective cohort of 56 adult patients undergoing unrelated donor (UD) allogeneic HSCT for hematologic malignancies at Hospital Universitario Austral, Pilar, Argentina. Two arms: PTCy + tacrolimus + mycophenolate (n=28, transplanted 08/2015-12/2019) vs historical ATG + tacrolimus + methotrexate (n=28, transplanted 01/2012-07/2015). PTCy dose 50 mg/kg days +3 and +4; rabbit ATG dose varied 7.5-15 mg/kg. Second transplants excluded. 70% fully HLA matched (10/10), 80% MAC conditioning, 96% PBSC graft. Mean age 36.9 years (PTCy 40.7 vs ATG 33.1). Median follow-up 2.3 years.",single_center,2012,2019,56,66,,Single-center Argentine cohort; no known overlap with other PTCy MA papers.
1028,UMass_Chan_age70plus_alloSCT,"Single-institution retrospective cohort at UMass Chan Medical School, Worcester MA, of 61 adults aged >=70 years undergoing first allogeneic stem cell transplantation from related or unrelated adult donors between March 16, 2010 and March 20, 2023 (cord blood recipients excluded). Stratified by GvHD prophylaxis: PTCy (n=41, transplanted May 2014-Mar 2023) vs non-Cy (n=20, transplanted Mar 2010-Sep 2018; 18 ATG-based). PTCy group includes related haplo (n=12) and unrelated (n=29; 26 matched + 3 MMUD); non-Cy group 100% 10/10 HLA-matched unrelated. Same cohort as Bhatia 2024 ASCO abstract (study_id 68); 2026 Leukemia Research paper is the full publication.",single_center,2010,2023,61,67,,Overlaps fully with Bhatia 2024 ASCO abstract (study_id 68). Bhatia 2026 is the journal version; 2024 abstract reports slightly different N (42 PTCy vs 19 non-Cy in abstract vs 41 PTCy vs 20 non-Cy in journal) and somewhat different aGvHD/cGvHD numbers reflecting updated data lock and revised regimen classification.
1029,Marseille_IPC_Blaise_older_adults,"Single-center retrospective cohort at Institut Paoli Calmettes (IPC), Marseille, France of consecutive patients aged >55 years undergoing allo-HSCT for hematological malignancies between January 2011 and November 2013. Three arms: haplo-ID with PTCy (n=31, NMAC or RIC + PTCy 50 mg/kg D+3/+4 + CSA + MMF), MRD (n=47, Flu/Bu/ATG 2.5 mg/kg + CSA), and UD (n=63, including 13 with 1-antigen MMUD; Flu/Bu/ATG 2.5 mg/kg + CSA + MMF for MMUD). RIC was identical for MRD/UD; haplo received either NMAC (Cy/Flu/TBI 2 Gy, n=21) or RIC (Cy/Flu/Bu or Thio/Flu/Bu, n=10).",single_center,2011,2013,141,71,NR,Single-center IPC Marseille; no other papers in current batch from this exact cohort/age stratum. Possible overlap with later Devillier/Blaise IPC Marseille papers needs adjudication at consolidation.
1030,BMT_CTN_1203,"BMT CTN 1203: multicenter phase 2 RCT (NCT02208037) of three novel GVHD prophylaxis regimens (TAC/MMF/PTCy, TAC/MTX/bortezomib, TAC/MTX/maraviroc) randomized 1:1:1, each compared to a non-randomized contemporary CIBMTR-based TAC/MTX control cohort. Adult patients (age 18-75) receiving reduced-intensity conditioning allo-HCT for acute leukemia, CML, MDS, CLL/SLL, or chemosensitive lymphoma. HLA-matched related 6/6 or unrelated 7/8 or 8/8 donor. Enrolled Nov 2014-May 2016 (trial arms) and Aug 2014-Sep 2016 (controls). 31 US centers in trial + 32 US centers for controls. 273 trial subjects randomized (92 TAC/MMF/PTCy, 89 TAC/MTX/BOR, 92 TAC/MTX/MVC) + 224 contemporary TAC/MTX controls. Primary endpoint: GRFS (graft-versus-host disease relapse-free survival). TAC/MMF/PTCy arm was 'most promising' and led to BMT CTN 1703 phase 3 follow-on. Distinct from BMT CTN 1703 (cohort_id 1002).",multicenter_collaboration,2014,2016,497,72,,Phase 2 predecessor to BMT CTN 1703 (cohort 1002). No patient overlap with 1703 since 1203 enrolled 2014-2016 and 1703 enrolled 2019-2021.
1031,HOVON_96,HOVON-96 trial: Dutch/Belgian multicenter prospective randomized phase 3 trial of PT-Cy plus short-course cyclosporine A (PT-Cy/CsA) vs cyclosporine A plus mycophenolic acid (CsA/MPA) for GVHD prophylaxis after NMA matched (MRD or >=8/8 HLA MUD) peripheral blood alloHSCT. Adults age 18-70 with high-risk hematological malignancies. Enrolled at 6 centers between October 2013 and June 2018. 160 randomized 1:2 (CsA/MPA n=52 vs PT-Cy/CsA n=99 transplanted). All conditioning NMA per Seattle protocol (PT-Cy arm specified; CsA/MPA arm at physician discretion - 79% NMA Seattle). NL2128 in Dutch trial registry.,multicenter_collaboration,2013,2018,151,80,,First publication for HOVON-96 trial. No known overlap with other extracted cohorts.
1032,Gorbacheva_StPetersburg_nonmalignant_pediatric,"Single-center retrospective cohort of 97 pediatric and young adult patients (median age 3.6-6 yrs, range 9 mo to 27 yrs) with non-malignant blood disorders and inherited syndromes (hemoglobinopathies 10/97, bone marrow failure syndromes 44/97 [aplastic anemia, Fanconi anemia, Kostmann, Blackfan-Diamond, Shwachman-Diamond], metabolic diseases 35/97 [Hurler/MPS1, osteopetrosis, ALD, Krabbe, MLD, Farber], primary immunodeficiencies 10/97 [WAS, SCID, Chediak-Higashi]) undergoing 118 allogeneic HSCT at R. Gorbacheva Memorial Institute of Children Oncology, Hematology and Transplantation, First St. Petersburg State Pavlov Medical University, between 2005 and March 2018. 21 (18%) repeated transplants for initial graft failure or secondary rejection. Two GVHD prophylaxis arms: standard calcineurin inhibitor-based (n=89 HSCT) vs PTCy 50 mg/kg D+3 and D+4 (n=29 HSCT). Mixed donor types in both arms (MRD/MUD/MMUD/haplo). DIFFERENT cohort from 1007 (Pavlov_StPetersburg_RCT) which enrolled adults with AML/ALL 2013-2015. Same institution but distinct patient population.",single_center,2005,2018,97,83,,"Same institution as cohort 1007 (Moiseev 2016 RCT) but non-overlapping patient population: this cohort is pediatric/young adult non-malignant disorders (hemoglobinopathies, BM failure, metabolic, PID), enrolled 2005-2018, whereas cohort 1007 is adult AML/ALL RCT enrolled 2013-2015. Study 84 may be a near-duplicate paper from same group (per Block 2 assignment notes)."
1033,Miami_Sylvester_Camargo,"Single-center retrospective cohort at University of Miami Miller School of Medicine / Sylvester Comprehensive Cancer Center. 22 consecutive PTCy MMUD recipients transplanted between April 2017 and January 2019; ATG MMUD (n=37) and PTCy haploidentical (n=19) transplanted between January 2015 and July 2018 served as historical controls. Total N=78. Adults with hematologic malignancies (acute leukemia 56%, lymphoma 14%, MDS/MPN 19%, other 10%). Median age 55 yrs. CMV-focused outcome analysis. PTCy MMUD group received primarily BM grafts (91%) while ATG MMUD and PTCy haplo were primarily PBSC. Letermovir prophylaxis available from late 2017, initially in high-risk PTCy MMUD/haplo and ATG >=5 mg/kg.",single_center,2015,2019,78,86,NR,May overlap with study_id 85 (Camargo 2021 Lower Incidence of CMV Infection same group).
1034,Ningbo_People_Hospital_haplo_AML_MDS,"Single-center retrospective cohort of 80 patients with high-risk AML/MDS undergoing haploidentical allo-HSCT at The Affiliated People's Hospital of Ningbo University, China. Two arms with one-to-one matching: (i) modified ATG-PTCy group (n=40, enrolled Jan 2016-Dec 2020) receiving modified Flu/ATG conditioning (Flu 35 mg/m2 d-9 to -7, Ara-C 3 g/m2 d-9 to -7, Bu 3.2 mg/kg d-6 to -4, Cy 1.8 g/m2 d-5, semustine 250 mg/m2 d-3, ATG 7.5 mg/kg total d-5 to -2) with PTCy 50 mg/kg d+3 + CsA + MMF; PBSC only graft; (ii) ATG-only historical control (n=40, transplanted Jan 2014-Dec 2018) receiving Ara-C 4 g/m2 d-10 to -9, Bu 3.2 mg/kg d-8 to -6, Cy 1.8 g/m2 d-5 to -4, semustine 250 mg/m2 d-3, ATG 10 mg/kg total d-5 to -2, with CsA + MMF + short-course MTX; BM+PBSC graft.",single_center,2014,2020,80,88,,No known overlap with other cohorts in this MA. Single-center Chinese cohort (Ningbo).
1035,EBMT_CMWP_UD_MDS,"EBMT Chronic Malignancies Working Party (CMWP) registry retrospective study of 960 adult patients with myelodysplastic neoplasms (MDS) who underwent first allo-HSCT from MUD (10/10) or MMUD (<10/10) between 2012 and 2019 across 92 participating centers, receiving either PTCY-based (n=209) or ATG-based (n=751) GVHD prophylaxis. Excludes alternative donor types, alternative stem cell sources, and ex vivo T-cell depletion. Disease distribution: MDS-EB 53.5%, MDS without EB 24.7%, MDS-AML transformed 21.9%. ATG agents reported in 569/751 patients: Thymoglobulin 53.5% (median 5 mg/kg) and Grafalon 46.4% (median 30 mg/kg). NOTE: Prompt indicated cohort_id 1024 (EBMT_ALWP) but this is MDS (CMWP), not acute leukemia (ALWP); flagged for consolidator to assign distinct cohort ID.",EBMT,2012,2019,960,94,,"Distinct EBMT working party (CMWP, not ALWP) from cohort 1024 EBMT_ALWP. Same first author and similar EBMT registry but distinct MDS population. Chalandon 2023 ASH abstract (Blood 142 Supplement 1, 898-900) reports earlier interim analysis on 969 MDS patients (PTCY n=214, ATG n=755) - same cohort, conference abstract only. Chalandon 2024 ASH abstract (Blood 144 Supplement 1, 4894-4896) reports separate MF cohort, different disease."
1036,SanRaffaele_Milan_MAP_PTCy,"Single-center retrospective cohort of 473 consecutive adult allo-HSCT recipients who received primary mould-active prophylaxis with voriconazole (n=187) or posaconazole (n=286) at San Raffaele Hospital, Milan, Italy, from January 2015 to December 2022. Most patients (81.6%) received PT-Cy-based GVHD prophylaxis (additional 6.3% PT-Cy plus ATG); 2.1% ATG-only; 9.7% other (predominantly CBT or sirolimus/MMF without PT-Cy). Donor types: MRD 14.8%, MMRD 1.3%, MUD 33.0%, MMUD 12.9%, Haplo 30.7%, CBU 7.4%. Conditioning treosulfan-based throughout (MAC 55.8%, RTC 44.2%) with PT-Cy 50 mg/kg D+3/+4 + sirolimus +/- MMF (MMF for non-MRD only). Letermovir routine since March 2019. Risk stratified for IFI by GITMO-adapted criteria into high-risk (n=306) vs non-high-risk (n=167).",single_center,2015,2022,473,97,,Single-center Milan (San Raffaele). Greco/Oltolini group. Likely partial overlap with other San Raffaele publications using PT-Cy/sirolimus platform (Greco 2021 Transpl Cell Ther reference [27]). Distinct from any other established cohort; institution not previously represented in cohort map.
1037,EBMT_CMWP_myelofibrosis,"Multicenter retrospective non-randomized cohort of 539 patients undergoing HLA-matched (matched related or matched unrelated) allogeneic HSCT for myelofibrosis between 2010 and 2024. Compares two GVHD prophylaxis strategies: ATG (n=427; Thymoglobulin 3.5 mg/kg/day x2 days pre-transplant OR Grafalon 30 mg/kg for matched siblings or 60 mg/kg for MUD x3 days pre-transplant) versus PTCy (n=112; 50 mg/kg/day x2 days post-transplant). Both arms received CSA plus MMF or MTX. Accelerated/blast-phase MF excluded. Contributing centers include Rome (Gemelli), Seattle (Fred Hutch), Essen, Bergamo (Papa Giovanni XXIII), Cleveland Clinic, Nancy (CHRU Brabois), Paris (Saint-Louis), MDACC, Hamburg (UKE), Dana Farber. Senior authorship by Kröger (EBMT CMWP). Likely shares patients with Rathje 2024 BMT (ATG in MF), Robin 2019 (MSD ATG MF), Kim 2025 AJH (PTCy MF), Oechsler 2024 BMT (MF GVHD).",multicenter_collaboration,2010,2024,539,99,,"Likely partial overlap with Rathje 2024 BMT (ATG MF, EBMT), Robin 2019 Haematologica (MSD ATG MF, EBMT), Kim 2025 AJH (PTCy MF), Oechsler 2024 BMT (MF GVHD-relapse). Center overlap with Hamburg (Kröger group), Gemelli Rome, Seattle FHCRC, Bergamo. Cohort_id to be assigned by consolidator."
1038,Chorao_Portuguese_single_center,"Single-center retrospective analysis from a prospective registry of adult patients (>=18 yrs) with malignant hematologic diseases undergoing allogeneic HSCT from MSD, MUD, or haploidentical donors at Hospital Universitari i Politecnic La Fe, Valencia, Spain, between 2017 and 2022. Data collection extended to September 2023. Uniform GVHD prophylaxis with PTCy + sirolimus + MMF given irrespective of donor type. N=366 (160 MSD, 124 MUD, 82 Haplo). Pre-letermovir era (patients receiving letermovir prophylaxis were excluded). Note: lead author Pedro Chorao based at Spanish institution; cohort_label as specified by prompt though institution is in Valencia, Spain.",single_center,2017,2022,366,100,NR,Related Chorao 2026 paper (BSI outcomes) likely shares this cohort. Reference [5] is Montoro 2020 BMT which described the uniform PTCy/sirolimus/MMF platform from this institution and may share earlier patients.
1039,Rutgers_CINJ_Cooper,"Single-center retrospective era comparison at Rutgers Cancer Institute of New Jersey (CINJ), New Brunswick, NJ. PTCy era (April 2016-April 2018) of 49 consecutive MSD/MUD/7-8 MUD adult allo-HSCT recipients (no haploidentical, no UCB) receiving PTCy+Tac+MMF for GVHD prophylaxis, vs prior SIP era (January 2014-April 2016) of 41 patients (after excluding 25 high-DRI patients from original 66) receiving Tac+MTX with ATG/alemtuzumab added for mismatched donors and selected others (42.5% of SIP arm received ATG/alemtuzumab). Hematologic malignancies; PBSC predominant (37/41 in SIP; ~100% in PTCy era). Last day of follow-up 6/30/2020.",single_center,2014,2018,90,104,,"No known overlap with other studies in batch; single-institution Rutgers CINJ cohort, distinct from CIBMTR/EBMT/other listed cohorts."
1040,ALLG_BM12_CAST_RCT,"Australasian Leukaemia and Lymphoma Group (ALLG) BM12 Cyclophosphamide after Sibling Donor Allogeneic Stem-Cell Transplantation (CAST) trial. Phase 3, prospective, open-label, randomized trial (ACTRN12618000505202) enrolling adults age 18-70 undergoing peripheral-blood SCT from matched related donors (>=6/6 HLA-A, HLA-B, HLA-DRB1) for acute leukemia (CR1/CR2) or MDS (<20% blasts) after MAC or RIC conditioning. 8 Australian + 2 New Zealand transplant centers. Enrollment April 2019-January 2024. N=134 randomized 1:1 stratified by age (<50 or >=50) and conditioning intensity: 66 to experimental PTCy 50 mg/kg D+3,+4 + cyclosporin; 68 to standard cyclosporin + methotrexate (15 mg/m2 D+1, 10 mg/m2 D+3,6,11). No ATG. PBSC graft for all. MAC subgroup with TBI-based conditioning in experimental arm replaced high-dose Cy with fludarabine.",multicenter_collaboration,2019,2024,134,105,,Primary publication of ALLG BM12 CAST RCT. No known overlapping publications in current corpus.
1041,IPC_Marseille_MUD_PBSC,"Single-center retrospective historical control cohort at Institut Paoli-Calmettes (IPC), Marseille, France. 30 consecutive patients receiving 10/10 HLA-matched unrelated donor (MUD) PBSC allo-HCT with PT-Cy GVHD prophylaxis (April 2020-July 2021, predominantly TBF-based conditioning: NMAC 70%, RIC 17%, MAC 13%) vs 64 consecutive historical controls receiving MUD PBSC allo-HCT (2014-March 2020) with FB2 conditioning + Thymoglobuline ATG 2.5 mg/kg D-3,-2 + CSA without G-CSF. PT-Cy arm received PT-Cy 50 mg/kg D+3,+4 (reduced to 40 mg/kg if >=65 yr) + CSA + MMF + G-CSF. Note: paper is from IPC Marseille (France), though Belgian Hematology Society and Mont-Godinne and Salus Sanguinis foundations are acknowledged. Possible overlap with Nykolyszyn 2020 (IPC mismatched-UD PT-Cy vs ATG; ref 8) and Pagliardini 2019 (IPC haplo vs UD; ref 4) but those covered different donor strata.",single_center,2014,2021,94,107,,"Possible partial overlap with prior IPC publications (Nykolyszyn 2020 mismatched-UD; Pagliardini 2019 haplo vs UD <60yr) but those covered different donor strata (mismatched-UD or haplo, not 10/10 MUD)."
1042,PMH_CIBMTR_MUD_acute_leukemia_FtoM,"Combined retrospective cohort comparing Princess Margaret Hospital (PMH) MUD HSCT recipients (n=341, 2015-2023) receiving uniform ATG-PTCy-CNI GVHD prophylaxis (rabbit ATG 2 mg/kg total, or 4.5 mg/kg in 62 patients between Aug 2016-Jul 2018, plus PTCy 50 mg/kg D+3/+4 plus CNI starting D+5) versus a CIBMTR publicly available dataset (P-5702, Murthy et al., n=520, 2015-2018) of MUD PBSC HSCT recipients receiving CNI-MTX/MMF prophylaxis. Indications: acute myeloid leukemia (82%) and acute lymphoblastic leukemia (18%). All received G-CSF mobilized PBSC. Note: PMH arm partially overlaps with cohort 1013 (Princess Margaret Toronto Michelis) by institution but with different time window and broader acute leukemia inclusion.",multicenter_collaboration,2015,2023,861,109,,"PMH arm (n=341) partially overlaps institutionally with cohort 1013 (Princess Margaret Toronto AML/MDS 2014-2017) but inclusion criteria differ (acute leukemia AML+ALL only, 2015-2023, all received uniform ATG-PTCy-CNI). CIBMTR comparator drawn from P-5702 Murthy 2023 ABO mismatch dataset; may overlap with CIBMTR cohort 1008 (Shaffer 2024 CIBMTR MUD/MMUD) which covers 2017-2021 MUD/MMUD CNI cohort - partial overlap possible."
1043,PrincessMargaret_Toronto_MDSMPN,"Single-center retrospective cohort of 75 adult patients (>=18 yrs) undergoing first allo-HSCT for MDS/MPN overlap neoplasms (CMML 64%, MDS/MPN-NOS 31%, MDS/MPN with neutrophilia 5%) at Princess Margaret Cancer Centre, University Health Network, Toronto, between January 2010 and January 2023. Stratified by GVHD prophylaxis era: PTCy-based (n=53, predominantly 2016-2023, with 83% receiving ATG+PTCy+CnI and 17% receiving PTCy+MMF+CnI) vs Others (n=22, predominantly 2010-2015, with CnI-MTX-MMF 55%, ATG-CnI-MMF 27%, alemtuzumab-CnI 18%). All PBSC; 83% RIC (Flu/Bu/TBI200); donors: MSD 35%, MUD 45%, MMUD 13%, haplo 7%. Likely shared institutional cohort with other Desai et al. Princess Margaret publications (matched sibling 2024, ATG+PTCy MUD 2025, MF haplo 2024). Distinct disease focus from PrincessMargaret_Toronto_Michelis cohort 1013 (AML/MDS 2014-2017).",single_center,2010,2023,75,110,,Princess Margaret/UHN Toronto institutional cohort; may have personnel/methodology overlap with other Desai et al. publications but disease population (MDS/MPN overlap) is distinct. Consolidator to verify overlap with broader Princess Margaret cohorts.
1044,PrincessMargaret_Toronto_MSD_PBSC,"Single-center retrospective cohort of 413 adult patients undergoing first HSCT for hematologic malignancies with PBSC grafts from matched sibling donors (MSD) at Princess Margaret Cancer Centre, University Health Network, Toronto, between January 2010 and January 2023. Four GVHD prophylaxis groups: Group I CNI+MTX(or MMF) (n=210, predominantly pre-2015), Group II CNI+MTX(or MMF)+ATG (n=34), Group III PTCy+ATG+CNI (n=78), Group IV PTCy+CNI+MMF (n=91). After October 2015 PTCy became standard backbone for all donor types. PTCy dose 50 mg/kg D+3,+4. ATG dose 2 mg/kg total (0.5 mg/kg D-3 + 1.5 mg/kg D-2); between Aug 2016-Jul 2018, 56 patients (47 with PTCy) received 4.5 mg/kg total ATG (0.5+2+2). AML 54.2%, MDS 15.3%, ALL 11.6%, MF 9.4%; median age 56 (IQR 44-63); 48% MAC, 52% RIC; 84.5% TBI. Distinct cohort from 1013 (Michelis AML/MDS 2014-2017, multi-donor), 1042 (PMH+CIBMTR MUD acute leukemia 2015-2023), and 1043 (PMH MDS/MPN 2010-2023). Same Princess Margaret group likely shared institutional cohort.",single_center,2010,2023,413,111,,"Distinct MSD-only PBSC subset; may share institutional patients with PMH cohorts 1013, 1042, 1043 by overlap of dates but distinct donor stratum (MSD only)."
1045,LMU_Munich_Augsburg_hrAML_sequential,"Two-center retrospective matched-pair cohort at Ludwig-Maximilians University Munich, comprising University Hospital Munich-Grosshadern and Klinikum Augsburg. Adults (>=18 years) with high-risk AML (primary refractory/relapsed, secondary, or ELN intermediate-high/adverse genetics) undergoing first allogeneic SCT between January 2009 and July 2016 following sequential conditioning. Total eligible: 41 haplo-SCT and 166 HLA-matched SCT recipients; 34 matched pairs analyzed. Haplo arm received PTCy + tacrolimus + MMF after FLAMSA-based (n=17) or clofarabine-based (n=17) sequential conditioning. HLA-matched arm (9 MRD, 21 10/10 MUD, 4 9/10 MUD) received ATG + cyclosporine + MMF after FLAMSA-based sequential conditioning. Stem cell source: PBSC in 34/34 HLA-matched and 22/34 haplo; BM in 12/34 haplo. Matched on disease stage, ELN genetic risk, and age (+/-5 yr).",single_center,2009,2016,68,119,,Two closely related LMU centers (Munich-Grosshadern + Augsburg) with shared treatment protocols. Same group has reported prior pilot studies on sequential conditioning haplo-SCT (Tischer 2013 Ann Hematol). May overlap with other Schmid/Tischer LMU publications.
1046,EBMT_CIBMTR_DLBCL_LWP,"Joint EBMT Lymphoma Working Party (LWP) and CIBMTR Lymphoma Working Committee retrospective registry analysis of adult (>=18 years) DLBCL patients undergoing first NMC/RIC allogeneic HCT between 2008 and 2015. Four donor groups: PTCy-based haploidentical (n=132; with or without CNI+MMF), HLA-matched sibling donor (MSD, n=525; CNI-based without ATG/alemtuzumab in vivo TCD), 8/8 MUD with in vivo TCD using ATG or alemtuzumab (MUD TCD+, n=403), and 8/8 MUD without in vivo TCD (MUD TCD-, n=378). Total N=1438 across 206 centers (24 haplo, 86 MSD, 45 MUD TCD+, 51 MUD TCD-). Reporting registry split: CIBMTR 879 (61%), EBMT 559 (39%). CIBMTR cohort restricted to US/Canada to avoid duplicate counting with European EBMT patients. Distinct from EBMT_ALWP (cohort 1024) which covers acute leukemia; this is a DLBCL-specific EBMT Lymphoma WP + CIBMTR collaboration. Patients receiving ex vivo graft manipulation (e.g., CD34 selection) excluded.",multicenter_collaboration,2008,2015,1438,120,,"Joint EBMT LWP + CIBMTR Lymphoma WC registry analysis. Distinct from EBMT_ALWP cohort 1024 (acute leukemia). Distinct from EBMT_CMWP cohorts 1035 (MDS) and 1037 (myelofibrosis). May share patients with prior EBMT/CIBMTR lymphoma publications (Kanate 2016, Dietrich 2016, Ghosh 2016, Martinez 2017) but those were either Hodgkin or pooled NHL; this is the first DLBCL-specific analysis."
1047,PALG_Polish_registry,"Polish Adult Leukemia Group (PALG) multicenter retrospective cohort spanning three to four Polish transplant centers: Lower Silesian Oncology Center Wroclaw (Dybko), Maria Sklodowska-Curie National Research Institute of Oncology Gliwice Branch (Sobczyk-Kruszelnicka, Giebel), Poznan University of Medical Sciences (Gil), and Medical University of Gdansk (Sadowska-Klasa, Piekarska, added in later Dybko 2024 paper). Adult patients transplanted between 2015 and 2019 with mobilized peripheral blood as sole graft source, from haploidentical or MMUD donors. Dybko 2023 IJMS paper (this study, n=145; PTCy+TAK+MMF n=110 [93 haplo + 17 MMUD] vs CsA+Mtx+ATG n=35 [all MMUD]) is the first publication. Dybko 2024 JCM 'Optimizing Outcomes' (PALG) extends to n=174 by adding Gdansk cohort (PTCy-haplo n=114, PTCy-MMUD n=23, ATG-MMUD n=37). Likely overlapping cohort.",multicenter_collaboration,2015,2019,145,122,NR,"Dybko 2023 IJMS 'Benefits of PTCy' (this paper) is the index publication. Likely subset of Dybko 2024 JCM PALG paper (n=174, study_id 123/124). Cohort overlap with later PALG-named publications expected; consolidator to adjudicate."
1048,SantPau_Barcelona_Esquirol_UCBT_Haplo,"Single-center retrospective cohort at Hospital de la Santa Creu i Sant Pau, Barcelona, Spain. 77 adults with hematological neoplasms transplanted between 2005 and 2017 lacking an HLA-identical donor, comparing single-unit umbilical cord blood transplantation (UCBT, n=47, 1999-2014 era) vs haploidentical-related PBSC transplantation with PTCy (HaploHCT, n=30, since 2013). Common myeloablative conditioning platform thiotepa-busulfan-fludarabine (TBF) used in both arms. UCBT arm: cyclosporine + short prednisone or MMF + ATG rabbit thymoglobulin 4-6 mg/kg. HaploHCT arm: PTCy 50 mg/kg D+3,+4 + single-agent IV tacrolimus from D+5; all received PBSC. May share patients with Esquirol 2021 (study 134) on severe infections after Sant Pau PTCy transplantation.",single_center,2005,2017,77,133,,Likely partial overlap with Esquirol 2021 (study 134) which reports severe infections/IRM after Sant Pau PTCy haplo transplantation. The Haplo arm here (n=30) may be subset/overlap with the 134 PTCy cohort.
1049,GETH_Esquirol_haplo_PTCy_infections,"Multicenter retrospective Spanish GETH (Grupo Espanol de Trasplante Hematopoyetico) cohort of 236 consecutive adult patients receiving haploidentical HSCT with PTCy GVHD prophylaxis (50 mg/kg D+3,+4) followed by CSA+MMF or tacrolimus, transplanted between November 2013 and November 2018 across 6 GETH centers: Hospital de la Santa Creu i Sant Pau Barcelona, Hospital Regional Universitario Malaga, Hospital Gregorio Maranon Madrid, Hospital Clinico Universitario Valencia, Hospital de Bellvitge Barcelona, Hospital Germans Trias i Pujol Badalona. Hematologic malignancies (AML 32%, lymphoma 30% [NHL 17% + HL 13%], MDS 17%, ALL 9%, CML/MPS 5%, CLL 3%, MM 2%). Conditioning: MAC 32% (FluBu, TBF), RIC 68% (FluCyBu2). PBSC 81%, BM 19%. Median age 50 yrs. Median follow-up 37 months. Focused on severe infections and IRM. Likely shares patients with GETH cohorts 1019 (Bailen MUD/mMUD) and 1020 (GETH-TC AML) at Madrid/Malaga/Valencia centers, but distinct cohort definition (all-disease haplo-only with PTCy).",multicenter_collaboration,2013,2018,236,134,infection outcomes and IRM,"Possible partial patient overlap at Madrid (Kwon/Gregorio Maranon), Malaga (Pascual), and Valencia (La Fe) centers with GETH cohorts 1019 (Bailen_GETH_MUD_mMUD) and 1020 (GETH_TC_Spanish_multicenter) but distinct donor strata: this paper is haplo-only across 6 centers all-disease 2013-2018. Cohort 1020 is haplo-only across 20 centers AML-only 2013-2019. Cohort 1019 is MUD/mMUD."
1050,GETH_TC_lymphoid_RIC,"Spanish multicenter (8 Spanish EBMT/GETH-TC affiliated institutions including Vall d'Hebron Barcelona) retrospective cohort of 171 consecutive adult patients with lymphoid malignancies (NHL 67%, HL 21%, MM 12%) undergoing RIC allo-HSCT between January 2012 and December 2020. Haploidentical and umbilical cord HSCT were excluded; donors were MRD/MMRD/MUD/MMUD. Two GVHD prophylaxis groups: PTCY 50 mg/kg D+3,+4 (n=82, predominantly 2016-2020) with tacrolimus/cyclosporine or sirolimus +/- MMF vs sirolimus + tacrolimus (SIR/TAC; n=89). ATG used only in SIR/TAC group for MMUD (18.2%). Conditioning included FluBu, FluMel, TBF, TMF, FluCyTBI. Distinct from GETH-TC AML cohort (1020) by disease focus (lymphoid vs AML) and donor strata (non-haplo only vs includes haplo). Lead center: Vall d'Hebron (Fox).",multicenter_collaboration,2012,2020,171,136,,Possible patient overlap with other GETH-TC lymphoid publications and with Garcia-Cadenas/Salas (Hospital Sant Pau and Vall d'Hebron) lymphoid PTCy series. Distinct from cohort 1020 (GETH-TC AML) by disease.
1051,GETH_TC_EBMT_RIC_HAPLO_MMUD,"GETH-TC (Grupo Espanol de Trasplantes hematopoyeticos y Terapia Celular) / EBMT multicenter retrospective cohort of 453 adult patients with hematologic malignancies who underwent first RIC allo-HSCT between January 2012 and March 2022 at 12 GETH-TC/EBMT centers in Spain. Three groups: HAPLO (n=330, all PTCy-based prophylaxis with tacrolimus 45.8%, rapamycin 19.7%, CsA 34.5%), MMUD-PTCy (n=49, 7/8 MMUD with PTCy-based prophylaxis mainly with tacrolimus 77.6%), and MMUD-OTHERS (n=74, 7/8 MMUD with sirolimus/tacrolimus 78.4% predominantly, ATG used in 70%). All RIC. PBSC >96% in all groups. Data extracted from Spanish PROMISE database (part of EBMT registry). Lead institution: Vall d'Hebron, Barcelona. Distinct from cohort 1020 (GETH_TC_Spanish_multicenter, AML only, 2013-2019) by broader disease inclusion (all heme malignancies), longer enrollment window, and different donor strata (haplo + MMUD).",multicenter_collaboration,2012,2022,453,137,,"Multicenter GETH-TC/EBMT (12 centers, Spain). Possible partial overlap with cohort 1020 (GETH_TC AML-only 2013-2019) for the AML subset of MMUD-PTCy and HAPLO arms, but disease scope is broader here. Possible partial overlap with cohort 1019 (Bailen_GETH_MUD_mMUD_multicenter, 4-center MUD/mMUD 2010-2018) for MMUD subset. Lead author MLF at Vall d'Hebron (Barcelona); study 136 may share Vall d'Hebron subset. Consolidator should adjudicate overlap with cohorts 1019, 1020 and any Vall d'Hebron-led submissions."
1052,BMT_CTN_1101,"BMT CTN 1101: NIH/NHLBI-funded multicenter phase 3 RCT (NCT01597778) randomizing 1:1 adults age 18-70 with chemotherapy-sensitive acute leukemia (AML/ALL/biphenotypic/T-cell) in remission or lymphoma (Hodgkin/NHL/follicular/mantle cell/large cell) to double unrelated umbilical cord blood (dUCB, n=186) vs HLA-haploidentical bone marrow (haplo-BM, n=182) transplantation after reduced-intensity conditioning (Cy/Flu/TBI 200 or 300 cGy for dUCB; Cy/Flu/TBI 200 cGy for haplo-BM with PTCy 50 mg/kg D+3,+4). GVHD prophylaxis: dUCB arm received cyclosporine + MMF; haplo-BM arm received PTCy + tacrolimus + MMF. 33 US centers, enrolled June 2012 to June 2018, 368 randomized (90% of planned 410 accrual; trial closed early for slow accrual). Primary endpoint: 2-year PFS (no significant difference). Secondary endpoints favored haplo-BM: lower NRM (11% vs 18%, P=.04) and higher OS (57% vs 46%, P=.04).",multicenter_collaboration,2012,2018,368,140,,"Distinct from BMT CTN 1703 (cohort 1002), BMT CTN 1203 (cohort 1030). Parent BMT CTN protocol #1101."
1053,Gemelli_Rome_Galli_HC,"Single-center retrospective cohort of 237 consecutive adult patients undergoing allogeneic HSCT at Fondazione Policlinico Universitario A. Gemelli IRCCS, Rome, Italy, from December 2017 to December 2020. Almost all for hematologic malignancies (AML 43%, MPN 23%, MDS 11%, ALL 13%, NHL 7%, HL 1%, AA 2%). Stem cell sources predominantly matched unrelated (43%) and haploidentical (32%) donors. Two GVHD prophylaxis arms: triple PTCY-based (CsA + MMF + PTCy 50 mg/kg D+3,+4; n=188) used uniformly from April 2019 onward, vs triple MTX-based (CsA + MMF + MTX; n=43) used predominantly before April 2019. Severe aplastic anemia patients excluded from PTCy. Study primary focus: hemorrhagic cystitis (HC) risk factors with attention to age, gender, prostatic hyperplasia.",single_center,2017,2020,237,141,,First paper for this single-center cohort in current batch.
1054,SouthwestChina_4center_SAA,"Disease-specific multicenter retrospective cohort of 156 consecutive patients with severe aplastic anemia (SAA) who underwent MSD-HSCT (n=39) or haploidentical HSCT (n=117) between November 2016 and October 2020 at four transplant centers in Southwest China: (1) Xinqiao Hospital, Army Medical University, Chongqing (lead center); (2) Sichuan Academy of Medical Sciences & Sichuan Provincial People's Hospital, Chengdu; (3) 920th Hospital of Joint Logistics Support Force, Kunming; (4) Second Affiliated Hospital of Chongqing Medical University. All patients received living-relative donor grafts (siblings, parents, or adult children); 1-6 HLA loci mismatched for haplo. Mixed conditioning regimens (FLU/CY/ATG or BU/CY/ATG) and mixed GVHD prophylaxis (ATG-based, PT-CY-based, or ATG+MSCs). Excludes MUD. Median follow-up 26.5 months. Date of last follow-up April 30, 2022.",multicenter_collaboration,2016,2020,156,144,,"Lead author group at Xinqiao Hospital Chongqing has prior SAA haplo publications (Gao L 2014 BMT ref 35; Gao L 2016 J Hematol Oncol ref 36; Zeng 2018 Sci Rep ref 30 - large Chinese SAA study from same group). Possible partial overlap with these earlier publications for the Xinqiao subset of patients, but the present study has a distinct 2016-2020 enrollment window and 4-center multicenter design."
1055,CTTC_Canada_haplo_ATGPTCy_vs_PTCy,"Cell Therapy Transplant Canada (CTTC) prospectively maintained Canada-wide registry retrospective multicenter cohort of 385 adults (>=18 yrs) who received haploidentical donor (HID) HCT for hematologic malignancies at 11 Canadian transplant centers between January 1, 2016 and August 28, 2023. Two GVHD prophylaxis arms: ATG-PTCy (n=148, all conducted at Princess Margaret Hospital Cancer Centre [PMHCC], Toronto; ATG 4.5 mg/kg days -3 to -1 + PTCy 50 mg/kg D+3,+4 + CNI [cyclosporin or tacrolimus] from D+5) vs PTCy-only (n=237, from other Canadian centers; PTCy 50 mg/kg D+3,+4 + MMF + CNI from D+5). Excluded: non-malignant disease, cord blood, no follow-up data. Diseases: AML 51%, MDS 18%, ALL 15%, lymphoma 8%, MPN 8%. May partially overlap with PMHCC cohorts 1013 (Michelis high-risk AML/MDS 2014-2017), 1042 (PMH-CIBMTR MUD 2015-2023), and 1043 (PMH MDS/MPN); however this is a distinct multicenter CTTC-wide haploidentical-only cohort. Largest Canadian real-world HID HCT experience to date.",national_registry,2016,2023,385,146,,"ATG-PTCy arm (n=148) entirely from Princess Margaret Hospital and likely overlaps temporally with PMHCC publications by Law 2018, Salas 2021 (refs 21, 22). Partial overlap possible with PMH-based cohorts 1013, 1042, 1043 for haploidentical subset patients; consolidator to adjudicate."
1056,Juravinski_Hamilton_RR_HL,"Single-centre retrospective observational cohort of 21 adult patients (>=18 yrs) with relapsed/refractory Hodgkin lymphoma who received an allogeneic stem cell transplant at the Juravinski Cancer Centre, Hamilton, Ontario, Canada between 1 January 2016 and 29 February 2024. All had prior ASCT (100%) and a median of 4 prior treatment lines (range 3-6); 90% prior BV exposure, 62% prior PD-1 inhibitor exposure. Donor types: 17 (81%) related haploidentical, 4 (19%) matched unrelated. All PBSC. 95% NMA conditioning Flu/Cy/TBI 200; 5% RIC Flu/Mel. GVHD prophylaxis: 18 (86%) PTCy/tacrolimus/MMF; 3 (14%) ATG/CNI/MMF. One patient received two haploidentical alloSCT — second transplant censored from analysis. Reports to CIBMTR.",single_center,2016,2024,21,147,,
1057,HCUV_INCLIVA_Valencia_AdV,"Single-center retrospective observational cohort of 131 consecutive adult (>=18 years) T-cell replete allogeneic HSCT recipients at Hospital Clinic Universitario de Valencia / INCLIVA Health Research Institute, Valencia, Spain, transplanted between January 2020 and March 2024. Predominantly PTCy-based GVHD prophylaxis (97%: Pt-Cy/Sir-MMF n=123 [94%], Pt-Cy/CsA-MMF n=4 [3%]). Donor types: matched related 30.5%, matched unrelated 26%, mismatched unrelated 17.6%, haploidentical 24.4%, mismatched related 1.5%. Conditioning: RIC 83.2%, MAC 16.8%. Stratified for analysis by AdV surveillance strategy: routine monitoring (n=77, high-risk: haploidentical, HLA-mismatched, or unrelated HLA-matched) vs symptom-based testing (n=54, low-risk MRD). Paper focus is on adenovirus DNAemia surveillance vs monitoring strategy, not on PTCy vs comparator. Distinct from cohort 1038 (Chorao Hospital Universitari La Fe Valencia 2017-2022) which is the other Valencia hospital. Could overlap with Bailen GETH 1019 (Hospital La Fe Valencia) only if shared center, but this paper is from Hospital Clinic Valencia (INCLIVA) which is a separate Valencia institution.",single_center,2020,2024,131,152,,"Hospital Clinic Universitario Valencia (INCLIVA) - distinct from Hospital Universitari i Politecnic La Fe Valencia (cohorts 1019 Bailen GETH, 1038 Chorao). Piñana/Solano/Navarro/Gimenez group."
1058,CYTOALLO_GITMO_AMCLI,"Prospective Italian multicenter epidemiological survey (CYTOALLO GITMO-AMCLI Survey, NCT04412811) of 1310 consecutive allo-HSCT recipients (adults and pediatric) from 42 GITMO transplant centers (~60% of allo-HSCTs performed in Italy during the study period) between 1 January 2021 and 31 March 2022. Patients followed for 1 year post-transplant. Heterogeneous mix of underlying diseases (acute leukemia 59.2%, MDS, MPN, lymphoma, aplastic anemia, others), donor types (MRD 21.4%, MMRD 4.0%, haplo 25.7%, MUD 30.2%, MMUD 18.1%), conditioning intensity (MAC 65%, RIC 24.3%, NMA 10.8%), and GVHD prophylaxis platforms (PTCy 40.9%, ATG/alemtuzumab in vivo TCD 39.2%). Stratified ONLY by letermovir primary prophylaxis (LET-PP): 879 received LET-PP (all HCMV-seropositive recipients except pediatric) vs 431 did not (mix of HCMV R- and pediatric R+ ineligible). PTCy is reported as a covariate within each LET-PP stratum but outcomes are NOT separated by PTCy vs non-PTCy use. No PTCy vs comparator contrast structure.",multicenter_collaboration,2021,2022,1310,155,,GITMO-sponsored prospective survey; distinct from any EBMT/CIBMTR registry cohorts. NCT04412811.
1059,OUS_Oslo_2yr_survivors,"Single-center retrospective cohort from the Oslo University Hospital (OUS) HSCT registry of 421 adult (>=18 years) patients with hematologic malignancy who underwent first allo-HSCT at OUS between 2005 and 2019 and were alive without relapse at 2 years post-transplant. OUS is the Norwegian national referral center performing the majority of allo-HSCT in Norway. Diseases: AML 50%, MDS/MPN 18%, lymphoma 16%, ALL 7%, CML 4%, CLL 3%. Donors: MRD 26%, 10/10 MUD 60%, 9/10 MMURD 11%, haplo 3%. PBSC 74%, BM 26%. Conditioning: MAC 54%, RIC 46%. GVHD prophylaxis: CsA/Tac alone 2%, CsA+MTX 77%, CsA+MMF 1%, CsA+sirolimus 15%, PTCy (with CsA+MMF, haplo only) 4% (n=17). ATG (thymoglobulin 4 mg/kg in 10/10 MUD or 6 mg/kg in 9/10) in 19% (n=81). Cohort restricted to 2-year survivors out of original 1000 transplanted. Median follow-up 6.2 yrs (2.0-16.1). Study focus: long-term outcome and risk factors for late death in 2-year survivors; no PTCy-vs-comparator stratification reported.",single_center,2005,2019,421,162,,"Related publication: Ali MM, Gronvold B, et al. Clin Lymphoma Myeloma Leuk 2021;21(9):598-605 (ref 34, same OUS Department of Hematology group, ATG addition in MUD PBSC HSCT). Likely shared institutional cohort but with different time window/inclusion criteria. Should be reconciled at consolidation."
1060,Jefferson_2step_MRD,"Single-center prospective phase II trial (NCT01315132) at Thomas Jefferson University, Philadelphia of a myeloablative 2-step HLA-matched related donor HSCT approach. N=46 adults (ages 25-65) with hematologic malignancies (AML 39%, MDS 15%, Ph+ ALL 11%, Ph- pre-B ALL 11%, NHL 13%, CMML 7%, MPD 2%, CML-blast crisis 2%) enrolled 2008-2018. Conditioning: 12 Gy TBI. Step 1: unmanipulated DLI containing fixed dose of 2 x 10^8/kg CD3+ cells (day -6); step 2: CD34-selected PBSC graft (day 0). GVHD prophylaxis: PTCy 60 mg/kg/day x 2 days (days -5 and -4 relative to graft) + tacrolimus + MMF. 42/46 had 8/8 MSD; 4/46 had haploidentical relative with 0-1 mismatch in GVH direction. Median follow-up 63 months.",single_center,2008,2018,46,163,,Distinct from Grosso 2011 Blood (2-step haploidentical phase 1/2) and Grosso 2015 BBMT (2-step haploidentical update). This is the first prospective trial of the 2-step approach in HLA-matched related donor HSCT.
1061,Luoyang_Central_Hospital_haplo_BuCy,"Single-center retrospective observational cohort of 61 consecutive adult and pediatric patients (median age 35 yrs, range 4-62) with hematological malignancies (AML 52.5%, ALL 29.5%, MDS 16.4%, MPAL 1.6%) who underwent first haploidentical HSCT from related donors with Bu-Cy myeloablative conditioning at Luoyang Central Hospital, Zhengzhou University, Luoyang City, China, between January 2019 and December 2024. Conditioning: cytarabine 4 g/m2 d-10/-9, busulfan 3.2 mg/m2/d d-8 to -6, cyclophosphamide 1.8 g/m2/d d-5/-4, semustine 250 mg/m2 d-3. Two arms: (i) reduced-dose ATG-PTCy (n=30, rabbit ATG Thymoglobulin 7.5 mg/kg total = 2.5 mg/kg d-4 to -2 plus PTCy 20 mg/kg/d d+3 and d+4) vs (ii) standard-dose ATG (n=31, rabbit ATG 10 mg/kg total = 2.5 mg/kg/d d-5 to -2). All received CSA + short-course MTX (d+1,+3,+6,+11) + MMF. Graft source PBSC alone (52.5%) or PB+BM (47.5%).",single_center,2019,2024,61,166,,No known overlap with other cohorts. Single-center Luoyang Central Hospital data.
1062,LMU_Munich_NHL_matched_pair,"Single-center retrospective matched-pair analysis at Department of Medicine III, Ludwig-Maximilians-University (LMU) University Hospital Munich, Germany. Eligible were patients aged >=18 yrs with refractory or relapsed B or T cell non-Hodgkin lymphoma (NHL) undergoing NMC or RIC allo-HSCT between 2000 and 2017. Three groups (16:16:16 matched pairs from a parent pool of 36 haplo recipients) by donor type and GVHD prophylaxis: (i) Haplo with sequential clofarabine-based cytoreduction followed by RIC Flu/Mel + PTCy + tacrolimus + MMF, BM-predominant graft (69%); (ii) HLA-matched related donor (MRD) with CNI-based prophylaxis (CNI-MMF 81%, CNI-MTX 6%, Sirolimus-MMF 13%, no ATG); (iii) HLA-matched unrelated donor (URD) 8/8 or 10/10 with CNI-MMF (94%) or Sirolimus-MMF (6%) plus ATG 10-20 mg/kg BW IV daily x3 days. Matching criteria: age (+/-5 yr), disease status, lymphoma classification, ECOG/KPS. 88% active disease at conditioning in each group. Distinct from cohort 1045 (LMU Munich + Augsburg high-risk AML sequential 2009-2016) by disease focus (NHL vs AML) and enrollment window (2000-2017 vs 2009-2016). Same Munich group authors (Fraccaroli, Prevalsek, Tischer) as cohort 1045 and Zoellner 2015 sequential clofarabine paper.",single_center,2000,2017,48,167,,"Same LMU Munich institution as cohort 1045 (Doppelhammer 2019 / Fraccaroli 2018 AML), but distinct NHL cohort; minimal patient overlap unlikely as different disease groups."
1063,EBMT_CIBMTR_TCL_LWP,"Joint EBMT and CIBMTR retrospective registry analysis of 1942 adult patients (>=18 years) undergoing first allogeneic HCT for mature T-cell non-Hodgkin lymphoma (PTCL-NOS, AITL, ALCL) between 2008 and 2018. Four donor/GVHD-prophylaxis cohorts: posttransplant cyclophosphamide-based haploidentical (haplo-PTCy, n=237; PTCy with or without CNI and MMF), HLA-matched sibling donor (MSD, n=911; CNI-based without ATG/alemtuzumab in vivo TCD), 8/8 MUD with in vivo TCD using ATG or alemtuzumab (MUD TCD+, n=468), and 8/8 MUD without in vivo TCD (MUD TCD-, n=326). Eligible donors: MSD, 8/8 allele-matched MUD, or haploidentical related donors. Ex vivo graft manipulation excluded. CIBMTR cohort limited to US/Canada to avoid duplicate EBMT counting. 23 patients overlap with prior EBMT ALCL study and 144 with prior CIBMTR AITL study; haplo-HCT patients excluded from both prior studies. Distinct from EBMT_ALWP (cohort 1024, acute leukemia), CIBMTR_HaploCy_SibCy_SibCNI (1001, AML/ALL/MDS), CIBMTR_HL_HaploPTCy_MSDCNI (1011, Hodgkin), and EBMT_CIBMTR_DLBCL_LWP (1046, DLBCL) — this is mature T-cell lymphoma-specific.",multicenter_collaboration,2008,2018,1942,168,,23 patients overlap with prior EBMT ALCL allo-HCT study (ref 34); 144 overlap with prior CIBMTR AITL allo-HCT study (ref 35); haplo-HCT patients excluded from both prior studies.
1064,JDCHCT_TRUMP2_UCBT_vs_PTCyHaplo,"Japanese Data Center for Hematopoietic Cell Transplantation (JDCHCT) Transplant Registry Unified Management Program 2 (TRUMP2) nationwide retrospective cohort of 7,499 adult patients (aged >=16 years) with hematologic disease undergoing first UCBT or PTCy-haplo between 2014 and 2020. Three groups stratified by donor source and cord blood CD34+ cell count: PTCy-haplo (n=1142, haploidentical PBSC/BM with PTCy + tacrolimus/CSA + MMF predominant; 93.8% PBSC, 6.2% BM); UCB-H (n=3185, single-unit UCBT with CD34+ cell count >=0.84 x 10^5/kg; median 1.12 x 10^5/kg); UCB-L (n=3172, single-unit UCBT with CD34+ cell count <0.84 x 10^5/kg; median 0.63 x 10^5/kg). Mixed disease (AML/ALL/MDS/lymphoma/MM/CML), mixed conditioning (MAC vs RIC). 715 cases with missing DRI/cytogenetics data excluded from original 8506 identified. Median CD34+ cell count in PTCy-haplo arm was 42.6 x 10^5/kg (cord blood ~40-60x lower CD34+ doses). Earlier preliminary version reported as ASH 2023 abstract (Harada 2023, study_id 171).",national_registry,2014,2020,7499,170,,"Study 171 (Harada 2023 ASH abstract) is the preliminary conference abstract of this same cohort; same N=7499, same 1142/3185/3172 arms, same findings. Study 170 (Harada 2025 TCT full paper) is the primary publication for this cohort. Potential partial overlap with other JDCHCT/TRUMP2 publications (e.g., Sugita 2022 BMT haplo vs CBT, Wada 2022 Transplantation, Jo 2024 ALL, Konuma 2023 TCT GVT, Konuma 2020 AJH, Atsuta 2013 Haematologica) which draw on different time windows or disease subsets from the same national Japanese registry."
1065,Spanish_4center_CMVdynamics_haplo_vs_other,"Multicenter retrospective Spanish cohort of 283 adult allo-HSCT recipients at 4 Spanish institutions, comparing haploidentical with PTCy (n=118; PTCy 50 mg/kg D+3 and D+5) vs historical other transplant modalities (n=165; MRD n=76, MUD n=62, MMRD/MMUD n=27). Haplo recipients enrolled January 2016 to December 2018 at HCUV Valencia (n=63), HRUM Malaga (n=16), HCUS Salamanca (n=30), HGUGM Madrid (n=9). Historic comparator cohort drawn from HCUV (n=137, May 2012-June 2018) and HRUM (n=28, January 2016-February 2018). Primary focus: CMV DNAemia incidence, kinetics, and outcomes by donor type. Plasma CMV monitoring with real-time PCR (Abbott or Affigene). Possible partial overlap with GETH cohorts 1049 (Esquirol haplo PTCy infections, includes Malaga/Madrid/Valencia centers 2013-2018) but distinct study population (includes non-haplo arms and CMV-focused).",multicenter_collaboration,2012,2018,283,178,,Possible partial overlap on haplo arm with GETH_Esquirol_haplo_PTCy_infections (cohort 1049) for HRUM Malaga and HGUGM Madrid centers 2016-2018 timeframe; HCUV Valencia and HCUS Salamanca are distinct centers.
1066,Mayo_Jacksonville_Iqbal_PTCySiro_TacMTX,"Single-center retrospective comparative cohort of 116 consecutive adult patients undergoing MRD or 10/10 MUD allo-HCT at Mayo Clinic, Jacksonville, FL between January 2018 and January 2021. Two GVHD prophylaxis arms based on physician discretion: PTCy-Siro (CNI-free, n=29: PTCy 50 mg/kg D+3/+4 + sirolimus from D+5 [4 mg PO load then 2 mg PO daily, target trough 6-14 ng/mL]) vs Tac-MTX (standard, n=87: tacrolimus 0.02 mg/kg/day IV from D-1, target trough 10-15 ng/mL to D+30 then 5-10 ng/mL + MTX 15 mg/m2 D+1, 10 mg/m2 D+3, +6, +11). MRD 31%, MUD (10/10) 69%; PBSC 94.8%, BM 5.2%; MAC 32.8%, RIC 67.2%. Median follow-up 1.1 years (range 0-1.8). Primary endpoints: cumulative incidence of grade II-IV aGVHD and cGVHD.",single_center,2018,2021,116,180,,Single-center Mayo Jacksonville cohort; distinct from Mayo Rochester cohorts (1022 Baranwal). No known overlap with other study_ids in this batch.
1067,UAB_Birmingham_Jamy_CMV,"Single-center retrospective cohort of 225 adult patients (>=18 yrs) who underwent allo-HSCT for hematologic malignancy at University of Alabama at Birmingham (UAB) between 2012 and 2016. Three cohorts: Cohort A (n=94) 8/8 HLA-matched related (MRD, 84%) or unrelated (MUD, 16%) donor HSCT with calcineurin inhibitor-based GVHD prophylaxis (no PTCy); Cohort B (n=103) 8/8 HLA-matched related (2%) or unrelated (98%) donor HSCT with 1 dose PTCy (50 mg/kg D+3) + tacrolimus + MMF; Cohort C (n=28) haploidentical donor HSCT with 2 doses PTCy (50 mg/kg D+3 and D+4) + tacrolimus + MMF. Primary endpoint: D+100 cumulative incidence of CMV infection. CMV viremia threshold >500 IU/mL by Roche cobas qPCR; testing initiated D+7 weekly to D+100, then every 2 weeks until IS taper completed.",single_center,2012,2016,225,183,NR,Possible overlap with Jamy 2021 Am J Hematol phase II trial of 1-dose PTCy in MUD HSCT (ref 9 in this paper) and Jamy 2016 Blood abstract on immune reconstitution post-PTCy (ref 20). Likely overlapping/same single-center UAB cohort for Cohort B.
1068,Shanghai_General_older_myeloid_lowATGPTCy,"Single-center retrospective cohort at Department of Hematology, Shanghai General Hospital, Shanghai Jiao Tong University School of Medicine. 127 patients aged >=55 years with myeloid malignancies (AML 77.2%, MDS 21.3%, CMML 1.5%) undergoing allo-PBSCT between September 2016 and November 2023. Two arms by donor type: Haplo-PBSCT (n=87) and MUD/MSD-PBSCT (n=40; 21 MSD + 19 MUD). All 87 haplo and 18/40 MUD/MSD received uniform low-dose ATG (rabbit ATG 2.5 mg/kg/d x 2 days, total 5 mg/kg) + low-dose PTCy (single dose 50 mg/kg on d+3) + CsA + MMF for GVHD prophylaxis. 22/40 MUD/MSD received ATG 2.5 mg/kg/d x 2d + MTX + CsA + MMF (no PTCy). All received RIC (busulfan 3.2 mg/kg/d x 2d + fludarabine 30 mg/m2/d + cytarabine 1-1.5 g/m2/d x 5d + TBI 3 Gy on d-1). 100% PBSC grafts. Letermovir available since August 2022 (36 patients). Reference: Jia Y et al. Annals of Hematology 2025; 104:1857-1866.",single_center,2016,2023,127,184,,Shanghai General/Shanghai Jiao Tong group has prior publications on low-dose ATG/PTCy regimen (Yang 2019 BMT; Xu 2021 BMT; Li 2023 Front Immunol) in younger haploidentical recipients - potential partial cohort overlap with prior single-center reports for the haplo arm patients transplanted 2016-2023. This 2025 paper is the first to focus specifically on older (>=55) myeloid malignancy subset.
1069,MSKCC_UMiami_MMUD_Jimenez,"Two-center retrospective cohort of 128 adult recipients of HLA-mismatched unrelated donor (MMUD) allogeneic HCT for high-risk hematologic malignancies at Memorial Sloan Kettering Cancer Center (MSKCC) and University of Miami Sylvester Comprehensive Cancer Center (UM SCCC) between 2010 and 2020. Eligible donors mismatched at >=1 locus among HLA-A, HLA-B, HLA-C, HLA-DRB1; HLA-DQB1 mismatches not used as inclusion criterion. Two GVHD prophylaxis groups: ATG (n=46, rabbit ATG 5-7.5 mg/kg pre-transplant + tacrolimus + short-course MTX 5-15 mg/m2 IV D+1,+3,+6,+11) vs PTCy (n=82, cyclophosphamide 50 mg/kg IV D+3,+4 + MMF 10-15 mg/kg PO/IV TID D+5 to D+35 + tacrolimus n=41 or sirolimus n=41 from D+5). PTCy group includes 30 subjects from prospective trial NCT02793544. PTCy group had more highly mismatched (>1 locus) donors (30.5% vs 2.2%) and more BM grafts (50% vs 26%). 58% racial/ethnic minorities. Excludes HLA-matched donors, mismatched related donors, and ex vivo graft manipulation.",multicenter_collaboration,2010,2020,128,185,,Two-center collaboration MSKCC + UM Sylvester. PTCy subcohort overlaps with NCT02793544 prospective trial (30 of 82 PTCy subjects). Shaffer/Shaw 15-MMUD NMDP phase 2 study (ref 12) likely overlaps with NCT02793544 subjects.
1070,JSTCT_TRUMP_ALL_PTCyHaplo_UCB,"Japanese Society for Transplantation and Cellular Therapy (JSTCT) nationwide registry analysis via the Transplant Registry Unified Management Program (TRUMP). 1999 adult patients (age >=16) with acute lymphoblastic leukaemia (ALL) undergoing PTCy-haplo (n=330) or single-unit umbilical cord blood (UCB, n=1669) transplantation between 2013 and 2021. PTCy-haplo arm: 95.5% (n=315) received PBSC grafts; 79.8% TBI-based conditioning; 50.6% MAC. UCB arm: single-unit UCB; 54.8% MAC. Distinct from prior Sugita 2022 BMT (Sugita J et al., comparable Japanese cohort but heterogeneous diseases) and Wada 2022 Transplantation (single-center Kyoto cohort) referenced as ref 7 and 11. Designed by Adult ALL Working Group of JSTCT. Distinct disease focus (adult ALL only) from other JSTCT/TRUMP cohorts.",JSHCT,2013,2021,1999,187,NR,Possible patient overlap with Sugita J 2022 BMT (mixed-disease JSTCT haplo vs UCB) and Wada F 2022 Transplantation (Kyoto single-center). This 2024 paper is ALL-specific and is the primary publication for ALL outcomes in this registry stratum.
1071,Medicana_Izmir_Kahraman,"Single-center retrospective cohort of 78 adult patients undergoing allogeneic hematopoietic stem cell transplantation at Medicana International Izmir Hospital, Izmir, Turkey, between January 2022 and June 2024. Three donor strata: myeloablative-related (n=38, 48.7%), myeloablative-unrelated (n=26, 33.3%), and haploidentical (n=14, 17.9%). PTCy was administered to 49 patients (62.8%): all 14 haploidentical, all 26 MUD, and 9 of 38 related donor recipients. The remaining 29 (37.2%) — all related donor recipients — did not receive PTCy. All patients received cyclosporine + MMF from D-1; PTCy schedule was 50 mg/kg/day on D+3 and D+5 (non-standard timing). ATG given to 27 (34.6%; 26 MUD + 1 related). Conditioning predominantly fludarabine/melphalan (88.5%) or treosulfan/melphalan (11.5%). Diseases: AML 45.9%, ALL 14.2%, MDS 9% (paper states 13 patients = 16.7% likely), MM 10.3%, lymphoma 5.1%, others. GVHD graded by IBMTR system.",single_center,2022,2024,78,192,,"No known overlap with other cohorts in the map; new single-center cohort from Izmir, Turkey."
1072,FHCC_Seattle_letermovir_era_HHV6,"Single-center retrospective cohort at Fred Hutchinson Cancer Center (FHCC), Seattle, of 738 consecutive CMV-seropositive adult (>=18 yrs) first allogeneic HCT recipients between 1 July 2015 and 31 December 2021. Two cohorts defined by date of routine letermovir prophylaxis implementation (Oct 2018): pre-LTV (Jul 2015-Sep 2018, n=376) and post-LTV (Oct 2018-Dec 2021, n=362). Patients on broad-spectrum antivirals on day of HCT excluded. Stratified ONLY by LTV era, NOT by PTCy use; PTCy is reported as a baseline covariate (10.4% pre-LTV, 21.3% post-LTV) but outcomes are not separated by PTCy vs non-PTCy. Cohorts include heterogeneous donor types (matched related, MUD, mismatched related/haplo, mismatched unrelated, UCB) and GVHD prophylaxis regimens. Primary outcome: HHV-6 reactivation and encephalitis. No PTCy vs comparator contrast structure. Comparable to cohort 1058 (CYTOALLO_GITMO_AMCLI) in design.",single_center,2015,2021,738,193,,"FHCC single-center cohort; may overlap with other Fred Hutch publications (e.g., Perchetti 2023 BMT letermovir breakthrough, Hill 2017/2018/2019/2022 dsDNA virus studies). Cohort defined by CMV-seropositive first allo-HCT 2015-2021."
1073,CIBMTR_Lymphoma_Haplo_URD,"CIBMTR registry analysis of 917 adult (>=18 yrs) lymphoma patients (Hodgkin and NHL) undergoing first RIC/NMA conditioning haploidentical or HLA-matched URD (8/8 allele level HLA-A,-B,-C,-DRB1) allo-HCT between 2008 and 2013. Three groups: haploidentical (n=185) with PTCy-based GVHD prophylaxis (predominantly Tac/MMF/PTCy n=175); URD without ATG (n=491) with CNI-based prophylaxis; URD with ATG (n=241) with CNI-based prophylaxis. Haplo recipients received Flu/Cy/2 Gy TBI conditioning and predominantly BM grafts (93%); URD recipients received Flu+alkylator and/or 2 Gy TBI and predominantly PB grafts (94% URD-noATG, 91% URD-ATG). Ex vivo graft manipulation excluded. Median follow-up of survivors ~3 years. Distinct from CIBMTR cohort 1001 (AML/ALL/MDS), 1008 (MUD/MMUD acute leukemia), 1011 (HL only), and 1046 (DLBCL only EBMT-CIBMTR). Lymphoma Working Committee mixed histology (DLBCL, FL, MCL, T/NK, HL).",CIBMTR,2008,2013,917,196,,Distinct from other CIBMTR cohorts (1001 AML/ALL/MDS; 1008 MUD/MMUD acute leukemia; 1011 HL; 1046 DLBCL EBMT-CIBMTR). Lymphoma WP mixed histology.
1074,Grenoble_Alpes_Kaphan_BKHC,"Single-center retrospective cohort of 168 AHSCT procedures (157 unique patients) performed at Grenoble Alpes University Hospital, France, between January 2014 and January 2018. Data extracted from the EBMT ProMISe database via Société Francophone de Greffe de Moelle et de Thérapie Cellulaire (SFGM-TC). All hematologic disease/AHSCT recipients (acute leukemia ~65%, MDS ~17%, MPN ~6%, lymphoma ~10%, aplastic anemia ~2.4%). Donor mix: MSD 29%, MUD 41%, MMUD 14%, haploidentical 15%. Stratified by GVHD prophylaxis: 49 patients received post-transplant cyclophosphamide (PTCy 50 mg/kg D+3,+4, used for haploidentical and 9/10 mismatched unrelated donors) versus 119 patients received non-PTCy prophylaxis. Conditioning: MAC 30%, RIC 70%. Patients with early death (<30 d) or engraftment failure excluded. Primary analysis: risk factors for BK virus-associated hemorrhagic cystitis. Outcomes reported by BKV-HC status (cases vs controls), not separately by PTCy vs non-PTCy arm.",single_center,2014,2018,157,197,,"Single-center Grenoble cohort; no known overlap with other cohorts in this batch. Data sourced from EBMT ProMISe but this is local center data only, not the broader EBMT registry."
1075,Istanbul_Medeniyet_MSD_Kara,"Single-center retrospective cross-sectional cohort of 40 adult patients with high-risk hematologic malignancies undergoing HLA-matched (HLA-A, -B, -C, -DRB1, -DQB1) sibling donor allogeneic stem cell transplantation between 2016 and 2020, followed at a single SCT center in Istanbul, Turkey (Istanbul Medeniyet University local ethics approval). Two GVHD prophylaxis groups: PTCy 50 mg/kg D+3,+4 with MESNA + tacrolimus 0.03 mg/kg/day from D+5 (target 5-15 ng/mL for 3 months) + MMF 45 mg/kg/day D+5 to D+28 (n=15); vs MTX 15 mg/m2 D+1 then 10 mg/m2 D+3,+6,+11 + calcium folinate D+2,+4,+7,+12 + cyclosporine A 1.8 mg/kg/day from D+5 (target 200-400 ng/mL for >=6 months) (n=25). Fludarabine/busulfan conditioning for myeloid malignancies; fludarabine/TBI for lymphoid malignancies. All received CMV prophylaxis with ganciclovir and valaciclovir.",single_center,2016,2020,40,198,,No known overlap with other cohorts.
1076,AlbertEinstein_SaoPaulo_Kerbauy_haplo_UD,"Single-center retrospective cohort of 127 consecutive adult patients with hematologic malignancies or aplastic anemia undergoing first allogeneic HSCT with T-cell-replete HLA-haploidentical donor (haplo-HSCT, n=59) or matched unrelated donor (UD-HSCT, n=68) with ATG at Hospital Israelita Albert Einstein, Sao Paulo, Brazil, between 2010 and 2018. Patients with primary immunodeficiency, inflammatory bowel disease, and second allogeneic transplants excluded. Haplo arm: NMA (Cy/Flu/TBI200), RIC (Mel140/Flu/TBI200), or MAC (Bu/Flu or Thio/Bu/Flu) conditioning + PTCy 50 mg/kg D+3,+4 + tacrolimus + MMF. UD arm: MAC (Bu/Flu, Bu/Cy, Cy/TBI, or Eto/Cy/TBI), RIC (Flu/Mel or Bu/Flu) or NMA (Cy/Flu) conditioning + rabbit ATG (Sanofi Genzyme) 5 mg/kg total + methotrexate + CNI. Pre-letermovir era. May share patients with Kerbauy MN 2023 paper on immune reconstitution from same institution.",single_center,2010,2018,127,201,NR,"Likely shares patients with Kerbauy MN 2023 (study_id 200, immune reconstitution PTCy vs ATG paper) from same Hospital Israelita Albert Einstein, Sao Paulo, Brazil."
1077,CedarsSinai_CSMC_matched_donor,"Single-center retrospective cohort at Cedars-Sinai Medical Center (CSMC) Blood and Marrow Transplant Program, Los Angeles, CA, of 351 adult patients undergoing first allogeneic HSCT with matched donor (MRD or MUD) cell source from bone marrow (BM) or peripheral blood stem cells (PBSC) between January 2010 and March 2024. Haploidentical and mismatched-related donors excluded. Stratified by GVHD prophylaxis era: pre-2016 non-PTCy era (N=252, Tac/MTX-based standard) vs post-2016 PTCy era (N=99, PTCy + tacrolimus + mycophenolate). Disease mix: AML (37%), ALL (27%), MDS/MPD (9%), NHL (8%), HL (5%), MPN (4.6%), CML (3.4%), SAA (2.8%), MM (2.6%), CLL (1.1%). Median follow-up 10.6 yr (non-PTCy) vs 4.4 yr (PTCy). Note: paper title's prompt header was incorrectly described as Korean MSD-only; actual cohort is US Cedars-Sinai matched donor (MRD+MUD) BM+PBSC.",single_center,2010,2024,351,203,NR,Index publication. May share some patients with CIBMTR registry analyses that include CSMC as contributing center.
1078,Siriraj_Bangkok_MSD_PBSC_myeloid,"Single-center retrospective cohort of 42 consecutive patients with myeloid neoplasms (AML in CR1, MDS, CML chronic phase) undergoing myeloablative (busulfan 3.2 mg/kg IV D-7 to -4 + cyclophosphamide 50 mg/kg IV D-3 to -2) MSD PBSCT at Division of Hematology, Faculty of Medicine Siriraj Hospital, Mahidol University, Bangkok, Thailand, between January 1, 2010 and December 31, 2013. Two GVHD prophylaxis arms based on year of transplantation: MTX/CSA standard (n=21, transplanted 2010-2011) vs PTCy/ATG calcineurin-inhibitor-free (n=21, transplanted 2011-2012). PTCy/ATG arm: rabbit ATG thymoglobulin 2.5 mg/kg/day IV D-3 to -2 (total 5 mg/kg) + cyclophosphamide 50 mg/m2 IV D+3, +4. MTX/CSA arm: CSA 3 mg IV q12h from D-1 (trough 200-400 ng/ml for 3 months) + short-course MTX 15 mg/m2 IV D+1, 10 mg/m2 D+3, +6, +11. Outcomes evaluated March 1, 2019. Median FU 71 months.",single_center,2010,2013,42,207,,No known overlap with other cohorts in this MA. Single Siriraj Hospital Bangkok publication.
1079,GETH_Kwon_MSD_Madrid_Malaga,"Two-center Spanish GETH retrospective cohort of 107 consecutive adult patients undergoing HLA-identical sibling donor (MSD, 10/10) HSCT for hematologic malignancies. PTCy group (n=57) transplanted between April 2014 and December 2017 at 2 centers (Hospital Gregorio Maranon Madrid [center A, n=19] and Hospital Regional de Malaga [center B, n=38]) received PTCy 50 mg/kg D+3,+5 + CsA from D0 (38 patients, 65%) or PTCy 50 mg/kg D+3,+4 + CsA from D+5 + MMF (19 patients, 35%). CsA-MTX historical control group (n=50) transplanted between March 2010 and November 2015 at center A only. PBSC graft 91% (97/107). MAC/RIC mixed. Distinct cohort from Bailen 2019 (study 42, single-center Madrid MUD/mMUD PTCy) and Bailen GETH multicenter MUD/mMUD cohort 1019 (different donor stratum, MSD only here).",multicenter_collaboration,2010,2017,107,209,,Madrid (Gregorio Maranon) + Malaga centers. Shares Madrid center with Bailen GETH cohorts (1019) but distinct donor stratum (MSD only). Possible patient overlap with other GETH-TC Spanish multicenter publications by Kwon/Bailen group; adjudicate at consolidation.
1080,EUROGRAFT_2017_multicenter,"Multicenter European retrospective registry cohort of 317 patients (296 adults, 21 pediatrics <12 yrs) who underwent first allo-HSCT during the year 2017 at six transplant centers: University Hospital Regensburg (Germany, n=62), University Hospital Dresden (Germany, n=96), Mannheim University Hospital (Germany, n=25), University Clinical Centre Gdansk (Poland, n=40), University Hospital Centre Zagreb (Croatia, n=69), and St. Anna Children's Hospital Vienna (Austria, n=4). Joint analysis within the German-Austrian-Swiss registry expanded by EUROGRAFT (COST cGvHD Integrated European Network) centers. Stratified by GvHD prophylaxis: Standard (CNI + MTX/MMF) n=115, ATG-based n=135, PTCy-based n=60, Other n=7. Donor types: HLA-matched sibling 20.5%, unrelated 66.2%, haploidentical 13.2%. cGvHD diagnosis per 2014 revised NIH criteria. Median follow-up 943 days (range 0-1962). Adult at-risk cohort (reached day 100 without prior relapse/TRM/2nd tx) n=249. Funding from Novartis Pharma AG.",multicenter_collaboration,2017,2017,317,211,,"May overlap by single-center contribution with other Regensburg (Grube/Wolff), Dresden (Middeke), Gdansk (Piekarska/Sadowska-Klasa), or Zagreb publications restricted to 2017 transplants; centers also contribute to EBMT registry."
1081,Hubei_AA_haplo_multicenter,"Multicenter retrospective real-world cohort of 130 patients with aplastic anemia (AA) undergoing haploidentical HSCT across 7 transplantation centers in Hubei Province, China (Tongji Hospital, Union Hospital, Wuhan No. 1 Hospital, Yichang Central People's Hospital, Jinzhou Central Hospital, Xiangyang Central Hospital, First People's Hospital of Jinzhou) between January 2013 and June 2021. Two GVHD prophylaxis arms: modified PTCy (mPTCy, n=55) with Flu/Bu/Cy/ATG conditioning + PTCy 50 mg/kg D+3,+4 (2018-2019) or D+3,+5 (2020-2021) + tacrolimus + MMF; vs G-CSF/ATG 'Beijing protocol' (n=75) with Bu/Cy/ATG conditioning (total Cy 200 mg/kg) + CsA + MMF + MTX. Graft predominantly G-CSF-mobilized BM+PB. Disease: SAA, NSAA, VSAA, SAA-PNH. Conducted on behalf of the Aplastic Anemia Group of Hubei Province.",multicenter_collaboration,2013,2021,130,216,,"Tongji Hospital site has prior publication (Li Y 2021, Transplant Cell Ther 27:331.e1-331.e7, reference 13 in this paper) which evaluated TBI-free mPTCy regimen in AA at this institution; the mPTCy arm here partially overlaps with that single-center cohort but this 2022 paper expands to 7 centers in Hubei Province."
1082,TaipeiVGH_Liu_IFD,"Single-center retrospective cohort of 580 adult patients undergoing allogeneic HSCT for hematologic disorders at the Blood and Marrow Transplant Center of Taipei Veterans General Hospital, Taiwan, between 2003 and 2023. Stratified by GVHD prophylaxis and donor type: PTCy group (n=80, exclusively haploidentical donors; PTCy 50 mg/kg D+3 and D+4 + anti-calcineurin + MMF from D+5; predominantly NMAC/RIC 90%) vs CsA + short-course MTX group (n=500, predominantly MSD n=220, MUD n=263, MMUD/UCB n=17; predominantly MAC 65.4%). All received antifungal prophylaxis (CsA+scMTX: fluconazole 82.4%, echinocandin 16.8%; PTCy: echinocandin 53.8%, fluconazole 43.8%). High CMV seroprevalence area (recipient IgG+ >95%, donor IgG+ 85%). Primary focus: invasive fungal disease (IFD) by EORTC/MSG criteria.",single_center,2003,2023,580,219,,"Liu 2016 (J Microbiol Immunol Infect 49:567-574, ref 18) is a prior IFD report from the same center (Taipei VGH) - likely earlier-era subset of this cohort. No other identified PTCy-MA papers from this institution."
1083,Singapore_2center_RR_lymphoma_alloHSCT,"Two-center (Singapore General Hospital and National University Hospital Singapore) retrospective cohort of 121 consecutive adult patients with relapsed/refractory lymphoma (B-NHL 34%, T-NHL 31%, NKTL 20%, HL 15%) undergoing allo-HSCT between 2003 and 2022. Donor types: MSD 45%, MUD 29%, haploidentical 19%, cord blood 7%. 86% RIC, 14% MAC. 27% had prior auto-HSCT. GVHD prophylaxis was CNI plus MTX or MMF; ATG given to all MUD recipients; PTCy was used in only 15 of 23 haploidentical recipients (the rest used ex vivo alpha-beta T-cell depletion). No PTCy vs comparator stratification; outcomes (PFS/OS/NRM/aGVHD) reported only by donor type, conditioning intensity, lymphoma subtype, disease status, and era. CMV reactivation NOT reported as an outcome despite mention of letermovir prophylaxis adoption since 2017. Single-arm descriptive cohort relative to the PTCy MA scope: PTCy is not the cohort defining intervention and no PTCy-stratified outcomes are reported.",multicenter_collaboration,2003,2022,121,220,,No known overlap with prior cohorts in the consolidator map.
1084,BMT_CTN_1301,"BMT CTN 1301: NIH/NHLBI-funded multicenter phase III randomized trial (NCT02345850) comparing two calcineurin inhibitor-free chronic GVHD prevention strategies versus standard tacrolimus/methotrexate after myeloablative HLA-matched HCT for acute leukemia (AML/ALL/biphenotypic/acute undifferentiated) or MDS. Three arms: (1) ex vivo CD34-selected T-cell-depleted PBSC graft without additional immunosuppression (CliniMACS CD34 Reagent System); (2) unmanipulated bone marrow graft followed by PTCy 50 mg/kg D+3 and D+4 as SINGLE-AGENT prophylaxis (no CNI, no MMF); (3) unmanipulated bone marrow graft with tacrolimus (target 5-15 ng/mL >=90 days post-HCT) + methotrexate 15 mg/m2 IV D+1 then 10 mg/m2 IV D+3,+6,+11 (control). 26 US and German centers. Enrolled September 2015-June 2018. 346 randomized (114 CD34, 114 PTCy, 118 Tac/MTX); 327 transplanted (104 CD34, 109 PTCy, 114 Tac/MTX); 300 treated per protocol. Patients age <=65 with acute leukemia in CR/CRi or MDS <5% blasts; HLA-matched (8/8) related or unrelated donors. Stratified randomization by donor type and age. Primary endpoint: 2-year CRFS (composite of moderate-severe cGVHD, relapse, survival).",multicenter_collaboration,2015,2018,346,226,,"BMT CTN 1301 is distinct from BMT CTN 1703 (cohort 1002, RIC) and BMT CTN 1203 (cohort 1030, RIC 4-arm phase 2). 1301 is MAC HLA-matched, three-arm RCT focused on CNI-free strategies including CD34-selection."
1085,Hacettepe_Ankara_haplo_PTCy,"Single-center retrospective cohort of 39 adult (>=18 yrs) patients with hematologic malignancies (AML 26, ALL 6, MDS 2, CML 1, PMF 1, HL 1, MM 1, biphenotypic acute leukemia 1) undergoing T-cell replete HLA-haploidentical HSCT with post-transplant cyclophosphamide GVHD prophylaxis at the Department of Hematology, Faculty of Medicine, Hacettepe University, Ankara, Turkey, between 2015 and 2022. Patients with benign hematologic disorders (e.g. aplastic anemia) excluded. Donor proximity: sibling 17, parent/child 19, cousin/nephew 3. HLA compliance 5/10-8/10. Conditioning: Busulfan-Fludarabine-Thiotepa (n=27, TBF), Busulfan-Fludarabine-ATG (n=10), other (n=2). All patients received PTCy 50 mg/kg D+3,+4 + CsA + MMF (n=36) or other PTCy-containing prophylaxis (n=3).",single_center,2015,2022,39,231,,Single-center Hacettepe Ankara cohort. No known overlap with other PTCy MA cohorts. Single-arm descriptive; protocol-excluded but tracked for PRISMA.
1086,Hamburg_Massoud_single_center,"Single-center retrospective cohort at University Medical Center Hamburg-Eppendorf (UKE), Germany of 599 adult patients undergoing first allogeneic stem cell transplantation with myeloablative conditioning (MAC) and peripheral blood stem cells (PBSC) between 2005 and 2019. Two GVHD prophylaxis arms: ATLG (Grafalon, Neovii) at 30 mg/kg (related donor) or 60 mg/kg (unrelated donor) fractionated d-4 to -1 (n=476; 34% received 30 mg/kg, 66% 60 mg/kg) vs PTCy 50 mg/kg/day d+3 and +4 (n=123) combined with calcineurin inhibitor (tacrolimus for unrelated/haploidentical, cyclosporine for related) and mycophenolate mofetil for mismatched transplants. Diseases: AML, ALL, CML, MDS, MDS/MPN, HL, NHL, MM, PMF, other AL. Donor mix: ATLG arm 16% MRD/64% MUD/20% MMUD; PTCy arm 25% MRD/11% MMRD/46% MUD/17% MMUD. Median year of transplant 2013 ATLG vs 2015 PTCy. Primary outcome: immune reconstitution (T/B/NK/NKT cell phenotypes) at d+30, +100, +180 by multicolor flow cytometry. Secondary outcomes: infections, viral reactivations, GVHD, relapse, NRM, DFS, OS.",single_center,2005,2019,599,236,,"Hamburg UKE single-center cohort; may overlap with other UKE Hamburg publications (e.g., EBMT CMWP myelofibrosis cohort 1037 includes Hamburg UKE site contribution). Distinct from registry cohorts."
1087,DanaFarber_Maurer_URD_PBSCT,"Single-center retrospective cohort from the Blood and Marrow Transplant Data Repository at Dana-Farber Cancer Institute (DFCI), Boston, MA, of 570 adult patients (>=18 yrs) who underwent first allogeneic PBSCT from an unrelated donor (URD; 8/8 or 7/8 HLA-matched at A, B, C, DRB1) between 1 January 2018 and 31 December 2021. From 606 consecutive transplants identified in 570 distinct patients, only the first transplant was included. Two GVHD prophylaxis arms: PTCY-based (PTCY/TAC/MMF, n=107) vs TAC-based (n=463 = TAC/MTX 322 + TAC/MTX/Rap 116 + TAC/Rap 25). All received PBSC grafts. Diseases: AML 38.4-39.3%, MDS 24.3-27.6%, ALL 10.4-12.1%, lymphoma 6.5-10.4%, MPN 7.5-7.8%, MDS/MPN, CML, other leukemia. Conditioning: RIC 73% (predominantly Flu/Bu2), MAC 27% (predominantly Flu/Bu4). HLA: 85% 8/8 matched; PTCy arm more 7/8 mismatched (53.3% vs 5.8%). Median follow-up 24.3 months.",single_center,2018,2021,570,238,,"Single-center DFCI cohort, no known overlap with other cohorts in this batch."
1088,DFCI_BWH_MDS_AML_HCTCI,"Single-center retrospective cohort of 586 adult patients with myelodysplastic syndrome (MDS) or acute myeloid leukemia (AML) who underwent first allogeneic HCT at Dana-Farber Cancer Institute/Brigham and Women's Hospital between January 1, 2018 and December 31, 2022. Stratified by GVHD prophylaxis: PTCY-based (n=184, 31%; cyclophosphamide 50 mg/kg days +3 and +4) vs non-PTCY (n=402, 69%; methotrexate + tacrolimus +/- sirolimus). Donor distribution: PTCY group 49% haploidentical, 32% MMUD, 16% MUD, 3% MRD, 0.5% MMRD; non-PTCY group 73% MUD, 20% MRD, 7% MMUD, 0.2% MMRD. Reduced-intensity conditioning predominant (65.2%); Bu/Flu most common regimen overall (79.9%). Median age 63 (range 21-79). Median follow-up of survivors 35 months. Primary outcome: NRM stratified by HCT-CI score categories. Comorbidities prospectively validated by 2 independent chart reviewers.",single_center,2018,2022,586,241,,"May share patients with prior DFCI/BWH publications (e.g., Rambaldi 2021, Little 2022) but those used different time windows or disease subsets; this is the index publication for HCT-CI prognostic analysis in this MDS/AML cohort."
1089,MDACC_Mehta_MMUD_PTCy_vs_conventional,"Single-center retrospective cohort of 113 consecutive adult patients with high-risk hematological malignancies undergoing one-antigen HLA-mismatched unrelated donor (MMUD, 9/10) HCT at MD Anderson Cancer Center between 2009 and 2013. Two arms: PTCy group (n=41, including 36 enrolled on MDACC phase II trial NCT01010217 and 5 off-study; PTCy 50 mg/kg D+3/+4 + tacrolimus + MMF after fludarabine/melphalan +/- thiotepa or TBI 200 cGy conditioning) versus conventional group (n=72; in vivo TCD with rabbit ATG [n=68] or alemtuzumab [n=2] + tacrolimus + methotrexate after various conditioning regimens including Bu/Flu 37.5%, Flu/Mel 22.2%, Flu/Cy 18.1%). Bone marrow predominant graft (83% PTCy, 63% conventional). Distinct from MDACC_Alousi_PTCy_RIC_PhaseII cohort (1014) which was NCT00800839 (Nov 2008-Jul 2011) using PTCy as SOLE prophylaxis after Bu/Flu RIC for MUD/MRD patients. This Mehta MMUD cohort is a different MDACC trial (NCT01010217) with different conditioning (Flu/Mel) and triple PTCy/Tac/MMF prophylaxis specifically in 9/10 MMUD recipients.",single_center,2009,2013,113,242,NR,"Some PTCy arm patients (36/41) overlap with MDACC NCT01010217 phase II trial (3-arm: haplo, MMUD/MMRD, MUD). The 9/10 MMUD subset reported here; haplo and MUD subsets reported in companion publications. Conventional arm is non-trial contemporaneous controls. Distinct cohort from 1014 (Alousi NCT00800839, RIC Bu/Flu MUD/MRD, PTCy as sole prophylaxis)."
1090,MDACC_Mehta_PTCy_3arm,"Single-center retrospective cohort of 661 adult patients with hematologic malignancies who underwent first allogeneic HCT between January 2015 and July 2020 at the University of Texas MD Anderson Cancer Center (MDACC), Houston, TX. All patients received PTCy 50 mg/kg/day on days +3 and +4 plus tacrolimus with or without MMF as GVHD prophylaxis. Patients with mismatched unrelated donor (MMUD, n=19), umbilical cord blood, or ex vivo/in vivo T-cell depleted grafts were excluded. Three donor strata: haploidentical related (n=275, 96% received PTCy/Tac/MMF), 8/8 or 10/10 HLA-matched unrelated donor (MUD, n=246, 47% PTCy/Tac/MMF + 53% PTCy/Tac), and HLA-identical sibling donor (MSD, n=140, 26% PTCy/Tac/MMF + 74% PTCy/Tac). Predominant diagnoses: AML/MDS (57-75%). Conditioning: MAC (Bu/Flu) or RIC (Flu/Mel-based). Graft source: haplo 66% BM/34% PB; MUD 23% BM/77% PB; MSD 99% PB. Median FU 17-30 months across arms. Same institution as cohort 1014 (Alousi PTCy RIC phase II NCT00800839, 2008-2011) but distinct trial/era; potential partial overlap with other MDACC PTCy publications.",single_center,2015,2020,661,243,,"MDACC single-center 2015-2020 PTCy-based 3-arm comparison. Distinct from cohort 1014 (Alousi PTCy RIC phase II NCT00800839, 2008-2011) by era and design. Possible partial overlap with Mehta 2021 BM vs PB PTCy haplo paper (ref 16) — same haploidentical PTCy MDACC cohort. May overlap with subsequent Mehta MDACC publications."
1091,MDACC_Mehta_HLAmatched_2015_2020,"Single-center retrospective cohort of 964 adult patients undergoing first allogeneic HCT using HLA-matched sibling (MSD, n=412) or matched unrelated (MUD, n=552) donor at The University of Texas MD Anderson Cancer Center, Houston, between January 2015 and July 2020. Excludes manipulated/ex vivo TCD grafts. Four GVHD prophylaxis groups: MUD Tac/MTX/ATG (n=306, all MUD Tac/MTX recipients received rabbit ATG/Thymoglobulin 4 mg/kg total D-3 to D-1), MUD PTCy-based (n=246, PTCy 50 mg/kg D+3/+4 + tacrolimus from D+5, +/- MMF per protocol), MSD Tac/MTX (n=272, no ATG), MSD PTCy-based (n=140, PTCy + tacrolimus +/- MMF). Predominantly myeloid malignancies in PTCy arms (85-90% myeloid vs 59-64% in Tac/MTX); MAC predominant; PBSC predominant. Distinct from cohort 1014 (MDACC_Alousi_PTCy_RIC_PhaseII, 2008-2011 prospective phase II trial NCT00800839, N=86) by larger size, retrospective design, different enrollment era, and broader inclusion (MSD+MUD, MAC+RIC). Likely shares patients with other Alousi-group MDACC publications during 2015-2020 era.",single_center,2015,2020,964,244,,"Distinct from cohort 1014 (MDACC_Alousi_PTCy_RIC_PhaseII, 2008-2011 N=86 phase II trial). Same institution, different cohort era and design. Possible overlap with other MDACC Alousi-group publications during 2015-2020; consolidator to adjudicate."
1092,CIBMTR_ALL_Wieduwilt_dataset,"CIBMTR registry dataset of adult patients (>=18 years) with ALL in complete remission undergoing haploidentical (n=373) or MUD (n=913) HCT between 2013 and 2017. Same source dataset as Wieduwilt MJ 2022 Blood Advances (haplo vs sibling/unrelated/cord blood ALL HCT). All haploidentical were T-cell replete with PTCy prophylaxis; all MUD used conventional calcineurin inhibitor-based GVHD prophylaxis. Excludes ATG/alemtuzumab recipients, matched siblings, umbilical cord blood HCT, and MUD HCT with PTCy prophylaxis. Mehta 2023 reports a sub-analysis stratifying by donor age <35 vs >=35 years; primary analysis compares younger haplo (n=187) vs older MUD (n=232). Distinct from CIBMTR cohort 1001 (AML/ALL/MDS HaploCy/SibCy/SibCNI 2012-2017) by being ALL-only and excluding sibling/cord donors, and from cohort 1008 (MUD/MMUD 2017-2021).",CIBMTR,2013,2017,1286,245,NR,Sub-analysis of CIBMTR ALL dataset originally published in Wieduwilt MJ et al. Blood Advances 2022;6(1):339-357. The full Wieduwilt 2022 cohort also included matched siblings and UCB recipients.
1093,Genoa_Rome_Foscarnet_CMV_2010_2015,"Two-center retrospective observational cohort of 97 adult patients who developed CMV viremia following first allogeneic HSCT performed between 2010 and 2015 at IRCCS San Martino Genoa (center A) and Fondazione Policlinico Universitario A. Gemelli Rome (center B) and were treated with foscarnet as preemptive therapy. Two arms by donor type and GVHD prophylaxis platform: UD (n=30, unrelated donor with ATG 7.5 mg/kg + cyclosporine + MTX, predominantly PBSC) vs HAPLO (n=67, HLA-haploidentical family donor with PT-CY day +3,+5 + cyclosporine + MMF, 100% BM graft). Underlying diseases: AML 38, PMF 14, ALL 13, MDS 8, NHL 6, HL 6, AA 4, CLL 3, CML 3, MPD 1, MM 1. Pre-letermovir era. Cohort is a CMV-foscarnet selected subset (not all transplants performed at these centers).",multicenter_collaboration,2010,2015,97,248,,"Two-center cohort (Genoa San Martino + Rome Gemelli, 2010-2015). Distinct from Gemelli_Rome_Galli_HC (cohort 1053, 2017-2020, focus on hemorrhagic cystitis) by era and selection criteria. Patients selected for CMV viremia + foscarnet treatment - not a transplant denominator cohort. PTCy arm (HAPLO) restricted to BM grafts from Genoa where PT-CY haplo platform was developed (Raiola/Bacigalupo); UD arm includes both centers."
1094,SanMartino_Genoa_preBSI,"Single-center retrospective cohort of 553 consecutive adult patients undergoing allogeneic HCT at San Martino Hospital, Genoa, Italy between January 1, 2010 and April 30, 2016. Four donor strata: MRD (n=115, CsA+MTX), MUD/MMRD (n=81, CsA+MTX+ATG), single-unit CBT (n=27, CsA+MMF+ATG), and T cell-replete unmanipulated haploidentical bone marrow with high-dose PTCy 50 mg/kg D+3 and D+5 + CsA + MMF (n=330, 60%). All received levofloxacin antibacterial prophylaxis. Primary focus: pre-engraftment BSI incidence, risk factors, and 60-day NRM. Bacigalupo/Raiola Genoa group; partial overlap likely with prior Mikulska 2009 BSI publication and Raiola 2013 BBMT haploidentical paper. CBT use declined from 10% (2010-2012) to 1% (2013-2016) while haplo use rose from 42% to 76% over the study period.",single_center,2010,2016,553,250,,Possible partial overlap with Mikulska 2009 BSI (BBMT 15:47-53) and Raiola 2013 BBMT haploidentical bone marrow PTCy publications from same Genoa group.
1095,WSU_Karmanos_haplo_PBSCT_MACvsRIC,"Single-center retrospective cohort of 89 adult patients undergoing T-cell-replete haploidentical PBSC transplantation with PTCy + tacrolimus + mycophenolate as uniform GVHD prophylaxis at Barbara Ann Karmanos Cancer Institute / Wayne State University, Detroit, MI, between January 2012 and June 2019. Two arms by conditioning intensity: MAC (n=24; busulfan + fludarabine) vs RIC (n=65; busulfan + fludarabine + low-dose TBI OR fludarabine + melphalan + low-dose TBI). Assignment by physician discretion. Propensity score-based covariate adjustment used.",single_center,2012,2019,89,253,,Single-center Wayne State/Karmanos haplo-PBSCT cohort 2012-2019. Other Modi/Karmanos publications (e.g. Modi D 2021 PTCy vs Thymoglobulin AML/MDS) likely from same institution; partial overlap possible by institution but different donor strata.
1096,Karmanos_WSU_7of8_MMUD_AML_MDS,"Single-center retrospective cohort of 76 consecutive adult patients with AML (n=59, 78%) or MDS (n=17, 22%) who underwent 7/8 HLA-MMUD allogeneic SCT at Barbara Ann Karmanos Cancer Institute / Wayne State University, Detroit MI, between January 2006 and June 2019. 7/8 mismatch defined as one antigen or allele mismatch at HLA-A, -B, -C, or -DRB1. Two GVHD prophylaxis arms: PTcy 50 mg/kg D+3,+4 + tacrolimus (from D+5) + MMF (D+5 to D+30) (n=25, predominantly transplanted 2014-2020); Thymoglobulin total 4.5 mg/kg in divided doses (0.5 D-3, 1.5 D-2, 2.5 D-1) + tacrolimus (from D-3) + MMF (D-3 to D+30) (n=51, predominantly transplanted 2008-2018). Graft source PBSC 96%; conditioning MAC (Bu/Flu) 46% or RIC (Bu/Flu/TBI 93% of RIC, or Flu/Mel/TBI) 54%.",single_center,2006,2019,76,254,,"First publication for this Karmanos/WSU 7/8 MMUD AML/MDS cohort in the meta-analysis. Modi et al. 2020 Leuk Lymphoma (ref 26) and Ratanatharathorn 2015 BMT (ref 27) describe broader unrelated donor cohorts at same institution but for different donor strata (matched unrelated, not 7/8 MMUD)."
1097,KUMC_Mohyuddin_haplo_EBV,"Single-center retrospective cohort of 63 adult patients undergoing T-cell replete haploidentical hematopoietic stem cell transplantation for hematologic malignancies at the Division of Hematologic Malignancies and Cellular Therapeutics (HMCT), University of Kansas Medical Center (KUMC), Kansas City, MO. All received uniform GVHD prophylaxis with PTCy + tacrolimus + mycophenolate mofetil. All received weekly EBV PCR monitoring starting D+20 post-transplant, continuing for 6 months after immunosuppression ended or when CD4 count >200. EBV reactivation defined as EBV PCR >1000 copies/mL. Rituximab initiated preemptively if confirmed viral load >1000 copies/mL (up to 4 doses at 375 mg/m2). Disease mix: AML 47.6% (30/63), ALL 12.7% (8/63), MDS 11.1% (7/63), NHL 15.9% (10/63), MPN 3.2% (2/63), HL 3.2% (2/63), other 6.3% (4/63). 59/63 RIC, 4/63 MAC; 35 BM, 28 PBSC. Letter to Editor format with full Methods/Results/Table 1.",single_center,NR,NR,63,256,,Single institution (KUMC). No known overlap with existing cohorts in cohort_overlap_map.json.
1098,EBMT_TCWP_MD_PTCy_ATG,"EBMT Transplant Complications Working Party (TCWP) registry retrospective study of 450 adult patients with hematological malignancies (acute leukemia, chronic leukemia, MDS/MPN, lymphoma; plasma cell disorders excluded) receiving first alloHCT from 8/10 HLA-mismatched unrelated donors (MMUD) between 2015 and 2021 across EBMT centers. NOTE: Despite cohort_label including 'MD' (matched donor) per prompt, the actual cohort is 8/10 MMUD (two HLA-A/B/C/DRB1/DQB1 allele mismatches), not matched. GVHD prophylaxis stratified into 2 arms: ATG (n=318) and PTCy (n=132). Excluded: alemtuzumab, ex vivo T-cell depletion, combined ATG+PTCy, neither ATG nor PTCy, cord blood, second autoHCT, plasma cell disorders. PBSC 90.4%, BM 9.6%. 56.2% MAC, 43.8% RIC. Distinct from related EBMT TCWP publications: Penack 2024 Leukemia (10/10 MUD ATG vs PTCy, ref 25) and Penack 2024 Blood Cancer J (9/10 MMUD ATG vs PTCy, ref 6).",EBMT,2015,2021,450,257,,"Possible partial cohort overlap with Penack 2024 (10/10 MUD) and Penack 2024 (9/10 MMUD) EBMT TCWP studies by donor-strata; this paper is the 8/10 MMUD-specific stratum. Shared statistical authorship (Abouqateb, Peczynski, Penack). Patients in this analysis are distinct (different HLA-match stratum) but drawn from same EBMT registry and same WP."
1099,Pavlov_StPetersburg_MRD_BMT,"Single-center retrospective cohort at R. M. Gorbacheva Memorial Institute of Children Hematology, Oncology and Transplantation / Pavlov First Saint Petersburg State Medical University. 183 first allogeneic transplant recipients with malignant diseases, all receiving 10/10 HLA-matched bone marrow grafts from related donors (MRD), transplanted 2006-2016. Two arms: single-agent post-transplant cyclophosphamide (saPTCy, n=78, transplanted 2014-2016; PTCy 50 mg/kg D+3,+4 as sole GVHD prophylaxis) vs CNI-based historical control (n=105, transplanted 2006-2014; cyclosporine A [31%] or tacrolimus [69%] plus methotrexate [50%] or MMF [50%]). Diseases: AML 49%, ALL 31%, CML 8%, lymphomas 8%, MDS 3%. 27% salvage transplants. DISTINCT from cohort 1007 (Pavlov_StPetersburg_RCT, MUD PBSC 2013-2015, Moiseev 2016 BBMT) and cohort 1032 (Gorbacheva pediatric non-malignant 2005-2018) although same institutional source.",single_center,2006,2016,183,258,,Same institution as cohort 1007 (Pavlov MUD PBSC) and 1032 (Gorbacheva pediatric/nonmalignant). Different patient population: MRD + bone marrow + malignant adult. Should be assigned a new cohort_id by consolidator.
1100,Stanford_MAC_HLAmatched_AML_ALL,"Single-center retrospective cohort at Stanford University School of Medicine, Division of Blood and Marrow Transplantation & Cellular Therapy. 237 adult patients (>=18 years) with acute myeloid leukemia (AML, n=164) or acute lymphoblastic leukemia (ALL, n=73) who underwent first myeloablative conditioning (MAC) HLA-matched allogeneic HCT between January 2018 and March 2025. HLA-matched sibling donors (n=96, 41%) or HLA-matched 10/10 unrelated donors (n=141, 59%). All grafts unmanipulated; no T-cell-depleting agent. Two GVHD prophylaxis groups by institutional protocol: PTCy/TAC/MMF (n=46; cyclophosphamide 50 mg/kg D+3,+4 + tacrolimus from D+5 target 5-10 ng/mL + MMF 15 mg/kg q8h D+5 to D+35) vs TAC/MTX (n=191; tacrolimus from D-1 same target + MTX 15 mg/m2 D+1, 10 mg/m2 D+3,+6,+11). Center switched from TAC/MTX to PTCy/TAC/MMF during/following the 2023 MTX shortage. MAC: chemotherapy-only 74%, chemotherapy + TBI 26%. PBSC graft 80.6% overall (PTCy 96%, TAC/MTX 77%); BM 19%. Median follow-up PTCy 1.1 yr (IQR 0.7-1.7) vs TAC/MTX 3.3 yr (IQR 1.4-6.1).",single_center,2018,2025,237,260,,Stanford single-center cohort; not identified in existing 7-cohort set or 9 known clusters. New cohort for this paper. Possible future overlap with other Stanford BMT publications.
1101,Montoro_Spanish_3center_TCD_vs_PTCySirMMF,"Multicenter retrospective cohort of 129 adult patients (>15 yrs) with acute leukemia (AML/ALL) in CR or MDS undergoing first myeloablative allo-HSCT with PBSC as graft source from MSD, MUD, or MMUD donors at three Spanish institutions between July 2016 and December 2019. Haploidentical recipients excluded. Two GVHD prophylaxis platforms by center: (i) CD34+ selected ex vivo T-cell depletion (TCD) using CliniMACS CD34 Reagent System + rabbit ATG 2.5 mg/kg/d D-3 and D-1 (total 5 mg/kg) for engraftment, no post-transplant immunosuppression (n=38, all at Hospital Universitario Vall d'Hebron Barcelona, with 2 MAC conditioning regimens TBI-TT-Cy or Bu-Mel-Flu); (ii) PTCy-Sir-MMF (cyclophosphamide 50 mg/kg/d D+3,+4 + sirolimus from D+5 target 8-16 ng/mL until D+90 then tapered + MMF 1g q8h D+5 to D+35) (n=91, 2 centers in Valencia: Hospital Universitario y Politecnico La Fe and Hospital Clinico Universitario, with 3 MAC conditioning regimens TT-Bu-Flu, Bu-Flu, reduced TT-Bu-Flu). TCD donor mix 31% MSD/37% MUD/31% MMUD; PTCy donor mix 48% MSD/52% MUD/0% MMUD. PTCy-Sir-MMF subcohort may partially overlap with cohort 1038 (Chorao Hospital La Fe Valencia 2017-2022 PTCy-Sir-MMF) and TCD subcohort with related Hospital Vall d'Hebron Barcelona TCD experience. Pre-letermovir era; no CMV-specific prophylaxis used.",multicenter_collaboration,2016,2019,129,261,NR,PTCy-Sir-MMF subcohort (n=91 at HUPLF Valencia + HCU Valencia) may partially overlap with cohort 1038 (Chorao La Fe Valencia 2017-2022 all-donor PTCy-Sir-MMF). TCD subcohort (n=38 at HUVH Barcelona) is distinct from prior Vall d'Hebron Barcelona TCD reports (Barba 2017 BBMT).
1102,EBMT_LWP_HL_HLAmatched,"EBMT Lymphoma Working Party (LWP) registry retrospective cohort of 446 adult (>=18 years) patients diagnosed with Hodgkin lymphoma who underwent first allogeneic HSCT from full HLA-matched sibling (MSD) or matched unrelated donor (MUD; 10/10 high-resolution HLA-A, -B, -C, -DRB1, -DQB1) between January 2015 and December 2022. Stratified by GVHD prophylaxis: conventional CNI-based (n=270; CsA+MTX 51%, CsA+MMF 27%, CsA alone 8%, other 14%) vs PTCy-based (n=176; PTCy + 2 IS drugs 72% [CsA+MMF n=67, Tac+MMF n=34, Siro+MMF n=20, other n=5], PTCy + 1 IS drug 23%, PTCy alone 5%). Excluded patients receiving cord blood, ATG, alemtuzumab, or ex vivo graft manipulation. Donor distribution: CNI 74% MSD/26% MUD; PTCy 50% MSD/50% MUD. Graft predominantly PBSC (91% CNI, 86% PTCy). 75% PTCy and 69% CNI received RIC. Distinct from cohort 1011 (CIBMTR_HL_HaploPTCy_MSDCNI) which was haplo-PTCy vs MSD-CNI for HL 2008-2016, not HLA-matched-PTCy. Also distinct from Montoro 2024 TCT (LWP HL HLA-matched vs haplo with PTCy in both arms, ref 14 in this paper).",EBMT,2015,2022,446,262,,"Possible partial overlap with Montoro 2024 TCT EBMT LWP HL paper (ref 14, the prior LWP study comparing HLA-matched PTCy vs haplo PTCy in HL); the present paper extends the HLA-matched PTCy cohort and adds the conventional CNI comparator. No overlap with CIBMTR cohort 1011 (different registry)."
1103,JSTCT_TRUMP_AML_PBSCT_PTCyHaplo_vs_MUD,"Japanese Society for Transplantation and Cellular Therapy (JSTCT) / Japanese Data Centre for Haematopoietic Cell Transplantation nationwide TRUMP registry retrospective cohort of 799 adult AML patients (age >=16) undergoing first PBSC allogeneic HCT between 2013 and 2021. Three arms: PTCy-haplo (n=489, 2 or 3 HLA-A/-B/-DR antigen mismatches, PTCy without ATG; ~50% received 100 mg/kg PTCy total, ~33% received 80 mg/kg total), ATG-free MUD (n=211, HLA-A/-B/-C/-DRB1 allele-matched unrelated PBSCT, CNI-based GVHD prophylaxis without ATG, predominantly TAC+MTX 85.3%), and ATG-administered MUD (n=99, allele-matched unrelated PBSCT, CNI-based GVHD prophylaxis with ATG, predominantly TAC+MTX 92.9%). PBSCT exclusively; ex vivo graft manipulation excluded. Distinct from cohort 1064 (JDCHCT_TRUMP2_UCBT_vs_PTCyHaplo, UCBT vs PTCy-haplo all-disease 2014-2020) and cohort 1070 (JSTCT_TRUMP_ALL_PTCyHaplo_UCB, ALL only 2013-2021) by disease (AML only) and donor strata (PTCy-haplo vs MUD; excludes UCB).",JSHCT,2013,2021,799,263,,Same registry source (JSTCT/TRUMP) as cohorts 1064 and 1070 but distinct disease/donor strata. Cohort overlap likely with Atsuta 2022 BMT (ref 21: comparable JSTCT haplo vs MUD BM) at the registry level but distinct PBSCT-only inclusion.
1104,UMCG_Groningen_older_myeloid_PTCy,"Single-center retrospective cohort of 92 consecutive patients aged 65 years and older diagnosed with myeloid malignancies (AML 71%, CMML 1-2 8%, atypical CML and MDS/MPN 9%, MDS no EB 3%, MDS-EB1 3%, MDS-EB2 7%) who underwent allogeneic SCT with PTCy-based GVHD prophylaxis at University Medical Center Groningen (UMCG), The Netherlands, between February 2018 and December 2022. All received PTCy 50 mg/kg D+3,+4 (matched donor) or D+3,+5 (mismatched donor per Bacigalupo) plus tacrolimus (matched 10/10) or tacrolimus + MMF (MMUD/haplo). Novel strategy of very short duration immune suppression: tacrolimus stopped at D+28 for matched donors if upfront/active disease/MRD+, or D+70 if MRD-; for mismatched donors MMF stopped D+30 and tacrolimus D+56 if upfront/active/MRD+, otherwise tacrolimus continued to D+70. Donor mix: SIB 8%, MUD 10/10 73%, MUD 9/10 7%, HAPLO 13%. PBSC 92%. Single-arm cohort with no PTCy vs comparator contrast.",single_center,2018,2022,92,264,,"No known overlap with existing cohorts. Author Hilberink/Hazenberg 2019 Leuk Res (355 AML patients aged 60+ at UMCG 2002-2017, ref [11]) is a different historical cohort at the same institution (Groningen, pre-PTCy era)."
1105,CIBMTR_TPLL_Murthy_2008_2018,"CIBMTR registry retrospective analysis of 266 adult patients (>=18 years) who underwent first allogeneic HCT for T cell prolymphocytic leukemia (T-PLL) between 2008 and 2018. 87 contributing centers worldwide. Eligible donors included HLA-identical sibling donors, 8/8 matched unrelated donors, 7/8 mismatched unrelated donors, haploidentical donors, and other related donors. Cord blood and ex vivo T cell-depleted graft recipients were excluded; in vivo TCD with ATG (n=47) or alemtuzumab (n=2) was permitted. Graft sources: PBSC (n=236, 89%) and bone marrow (n=30, 11%). Median age 59.1 yrs (range 25-76). 53% male. KPS >=90 in 58%. Disease status at HCT: CR 56%, PR 30%, no response/stable/PD 11%. Conditioning: MAC with TBI 17%, MAC without TBI 13%, RIC with TBI 28%, RIC without TBI 42%. GVHD prophylaxis: CNI+MMF+others (no PTCy) n=68, CNI+MTX+others (no PTCy/MMF) n=123, CNI+others (no MMF/MTX/PTCy) n=20, PTCy+others n=37, other prophylaxis n=18. NOTE: The PDF file was mislabeled as 'HIV' but its actual content is T cell prolymphocytic leukemia (T-PLL) - this is the Murthy 2022 TCT 28:187.e1-187.e10 T-PLL paper, not the Murthy HIV paper.",CIBMTR,2008,2018,266,270,,"First publication for this CIBMTR T-PLL cohort. Predecessor CIBMTR T-PLL analysis: Kalaycio 2010 BBMT (n=21 T-PLL within combined T-PLL+B-PLL cohort of n=47) - smaller, earlier era, distinct dataset."
1106,KUMC_Mushtaq_MUD_haplo,"Single-center retrospective cohort of 452 adult patients undergoing first allogeneic HCT at the University of Kansas Medical Center (KUMC), Division of Hematologic Malignancies and Cellular Therapeutics, between August 2016 and July 2021. Two arms by donor type: matched unrelated donor (MUD, 10/10 HLA-A/B/C/DRB1/DQB1, n=276) vs T-cell replete haploidentical (n=176, mismatched at >=2 HLA loci). Excluded: manipulated grafts (ex vivo or in vivo TCD, engineered T cells), MMUD, MRD, UCB. MUD GVHD prophylaxis predominantly tacrolimus + methotrexate (n=241, 87%); 35 (13%) MUD received PT-Cy-based prophylaxis on clinical trial or per physician discretion. All haplo received PTCy + tacrolimus + MMF. Diseases: AML 43%, MDS+MPN+CML 28.5%, ALL 11.5%, NHL 8%, HD 2%, other 7%. MAC 37%, RIC 63%. PBSC 50%, BM 50%. Median age 57 yrs (range 18-77). Median follow-up 24.4 months. May share patients with KUMC_Mohyuddin_haplo_EBV cohort (1097, n=63 haplo only EBV-focused) - but Mushtaq is the broader and larger institutional cohort.",single_center,2016,2021,452,271,,Possible partial overlap with cohort 1097 (KUMC_Mohyuddin_haplo_EBV) on haplo arm; Mushtaq is broader MUD+haplo comparison.
1107,EBMT_CIBMTR_LWP_lymphoma_PTCy_haplo_vs_MUD,"Joint EBMT Lymphoma Working Party (LWP) and CIBMTR retrospective registry analysis of 2140 adult (>=18 years) Hodgkin (HL) and non-Hodgkin lymphoma (NHL) patients undergoing first haploidentical (n=1830) or 8/8 matched unrelated donor (n=310) HCT using PTCy-based GVHD prophylaxis between 2010 and 2019. 34% CIBMTR / 66% EBMT. 277 centers (haplo) and 103 centers (MUD). Donor restrictions: haplo mismatched at >=2 HLA loci; MUD allele-matched 8/8 at HLA-A,-B,-C,-DRB1. GVHD prophylaxis PTCy-based, predominantly PTCy+CNI+MMF (90% haplo / 54% MUD). Both peripheral blood and bone marrow grafts included; both MAC and RIC/NMA included (predominantly RIC/NMA: 77% haplo / 74% MUD). Lymphoma subtypes mix: HL 44%, NHL 56% in haplo vs HL 28%, NHL 72% in MUD. Distinct from EBMT_CIBMTR_DLBCL_LWP (cohort 1046, DLBCL only, 2008-2015, includes MSD/MUD-TCD strata) and EBMT_CIBMTR_TCL_LWP (cohort 1063, T-cell only, 2008-2018) and CIBMTR_HL_HaploPTCy_MSDCNI (cohort 1011, HL only, MSD comparator). Likely partially overlaps with Hamadani 2022 Blood Adv (T-cell lymphoma component reference 9) and Kanate 2016 Blood (haplo vs MUD lymphoma reference 6) for the haplo arm.",multicenter_collaboration,2010,2019,2140,272,NR,"Possible partial overlap with cohort 1046 (DLBCL LWP 2008-2015) for DLBCL haplo PTCy patients, cohort 1063 (TCL LWP 2008-2018) for T-cell lymphoma haplo PTCy patients, and cohort 1011 (HL CIBMTR haplo PTCy 2008-2016) for HL haplo PTCy patients. This is the broader all-lymphoma 2010-2019 EBMT+CIBMTR LWP cohort with PTCy in both donor arms."
1108,JSTCT_TRUMP_AML_ALL_MDS_CML_haploDonorAge,"Japanese Society for Transplantation and Cellular Therapy (JSTCT) / Japanese Data Center for Hematopoietic Cell Transplantation (JDCHCT) nationwide retrospective cohort via the Transplant Registry Unified Management Program (TRUMP). 5161 patients aged 16-70 years undergoing first HSCT for AML, ALL, MDS, or CML between January 2016 and December 2021. Compares PTCY-haplo (PBSC graft, no in vivo TCD) vs single-unit cord blood transplantation (CBT, matched at >=4/6 antigen levels HLA-A,-B,-DR), with PTCY-haplo donors stratified into younger (<40 yrs) and older (>=40 yrs) categories, and patients stratified into younger (<50 yrs) and older (>=50 yrs) cohorts. Older patient cohort N=3246 (CBT 2675, younger-haplo 451, older-haplo 120); younger patient cohort N=1870 (CBT 1532, younger-haplo 171, older-haplo 167). Patients receiving in vivo T-cell depletion with ATG or alemtuzumab were excluded. Distinct from JDCHCT_TRUMP2_UCBT_vs_PTCyHaplo cohort 1064 (Harada 2025 TCT, all heme disease 2014-2020) and JSTCT_TRUMP_ALL_PTCyHaplo_UCB cohort 1070 (ALL only 2013-2021) by disease focus (AML/ALL/MDS/CML) and donor age stratification analysis.",JSHCT,2016,2021,5161,273,,"Likely partial overlap with JDCHCT TRUMP cohort 1064 (Harada 2025, 2014-2020, all heme disease, includes the same disease and donor populations within shared 2016-2020 enrollment window) and cohort 1070 (JSTCT TRUMP adult ALL 2013-2021). Distinct primary analysis focus on haplo-donor age effect. Likely also partial overlap with Sugita 2022 BMT (ref 7, comparable Japanese cohort) and Wada 2022 Transplantation (ref 4)."
1109,JSTCT_TRUMP2_MDS_haploPTCy_vs_MUD,"Japanese Society for Transplantation and Cellular Therapy (JSTCT) / Japanese Data Center for Hematopoietic Cell Transplantation (JDCHCT) nationwide retrospective cohort via the Transplant Registry Unified Management Program 2 (TRUMP2). 697 adult patients (age >=16 yrs) with de novo or therapy-related MDS undergoing first allo-HCT between 2014 and 2020. Three arms: HLA-haploidentical PBSCT with PTCy (haplo-PBSCT, n=136; defined as related PBSC donor with 2-3 HLA antigen mismatches at HLA-A/B/DR in GvH direction; all received PTCy-based prophylaxis without in vivo TCD); MUD bone marrow transplantation (MUD-BMT, n=465; allele-matched at HLA-A/B/C/DRB1; 95.9% no ATG, 4.1% ATG); MUD peripheral blood stem cell transplantation (MUD-PBSCT, n=96; 67.7% no ATG, 32.3% ATG). Patients with ex vivo graft manipulation excluded. None received ALG or alemtuzumab. Designed by the Adult MDS Working Group of JSTCT. Distinct from JSTCT_TRUMP_ALL_PTCyHaplo_UCB cohort 1070 (ALL only) and JDCHCT_TRUMP2_UCBT_vs_PTCyHaplo cohort 1064 (all heme disease, UCBT vs haplo). May partially overlap with Konuma 2022 AmJHem (JSTCT MDS Working Group, haplo PTCy vs single UCB) within shared 2014-2020 enrollment window for the haplo arm.",JSHCT,2014,2020,697,289,,"Partial overlap likely with Konuma 2022 AmJHem (JSTCT Adult MDS Working Group, haplo-PTCy vs single-unit UCB for MDS, TRUMP2 registry) within shared 2014-2020 enrollment window for the haplo-PBSCT arm. Distinct primary analysis vs MUD (BM and PBSC) cohorts."
1110,MSKCC_NHL_RIC_NMA,"Single-center retrospective cohort of 279 adult patients (age >=18 yrs) with B-cell or T-cell non-Hodgkin lymphoma (NHL) undergoing first RIC (n=110) or NMA (n=169) allogeneic HCT at Memorial Sloan Kettering Cancer Center (MSKCC) between March 2008 and December 2019. RIC regimens: Flu-Mel (55%), Flu-Cy-TT-4Gy-TBI (38%), Flu-Bu-4 (6%), Flu-Cy-4Gy-TBI (1%). NMA regimen: Flu-Cy-2Gy-TBI in all cases. Eligible donors: HLA-matched related, HLA-matched URD, 4-7/8 HLA-mismatched URD, HLA-haploidentical. Graft sources: BM 7%, PB 93%. GVHD prophylaxis: CNI-MTX-based 89% (n=248), PTCy-based 11% (n=31, of which 22 NMA + 9 RIC); ATG 30% (predominantly NMA arm 45% vs RIC arm 6%, on phase 2 trial incorporating ATG/rituximab with NMA conditioning); peritransplant rituximab 30% (49% NMA vs 2.7% RIC). Ex vivo TCD and alemtuzumab excluded. Disease histology: DLBCL 22%, T-cell lymphoma 22%, FL 19%, CLL/LGL/T-PLL 18%, MCL 14%, other B-cell 5.4%. Median follow-up 64 months. Distinct from MSKCC_UMiami_MMUD_Jimenez cohort 1069 (MMUD-only, different time window/inclusion).",single_center,2008,2019,279,291,,"Single-center MSKCC NHL retrospective cohort. PTCy used in only 11% of patients; paper does NOT stratify outcomes by PTCy use AND conditioning intensity simultaneously, so the within-PTCy RIC vs NMA contrast (Comparison 3) cannot be derived directly. Paper does NOT report IFI outcomes."
1111,MDACC_ER_SCT_older_alloHCT,"Single-center retrospective sequential cohort at The University of Texas MD Anderson Cancer Center (MDACC), Houston, TX, of 204 patients age >=65 years undergoing first allogeneic HSCT. Two cohorts compared: (1) Enhanced Recovery Stem-Cell Transplantation (ER-SCT) program cohort of 64 consecutive eligible patients transplanted October 2017-September 2018 (89% enrolled in the multidisciplinary supportive care program comprising prehabilitation [PM&R/PT/OT], geriatric assessment, nutritional optimization, pharmacological/polypharmacy review, and inpatient nursing support); (2) 140 historical controls transplanted January 2015-September 2017 prior to ER-SCT program initiation. Diseases: AML/MDS 75%, CML/MPD 13%, ALL 4%, CLL 3%, lymphoma 3%, myeloma 1%, aplastic anemia 1%. Conditioning/GVHD prophylaxis heterogeneous, differing between cohorts (ER-SCT 73% PTCy-based [F-Bu/PTCy 27%, Mel/PTCy 44%, Other/PTCy 2%] vs controls 26% PTCy-based [F-Bu/PTCy 13%, Mel/PTCy 12%, Other/PTCy 1%]; remaining used Tac/MTX with Bu/Mel/other conditioning). Donor: MUD 62%, MRD 28%, haplo 10%. PBSC 66%, BM 34%. Median age 68 (ER-SCT) and 67 (controls); ~30% aged >=70.",single_center,2015,2018,204,292,NR,"Same institution as MDACC cohorts 1014 (Alousi PTCy RIC phase II NCT00800839, 2008-2011), 1089 (Mehta MMUD PTCy 2009-2013), 1090 (Mehta PTCy 3-arm 2015-2020), 1091 (Mehta HLA-matched 2015-2020). Possible partial patient overlap with MDACC PTCy cohorts 1090/1091 during 2015-2018 era for the PTCy-treated subset; however, Ngo-Huang ER-SCT cohort is restricted to age >=65 years and is a supportive-care intervention study, not a GVHD prophylaxis comparison. Distinct from those cohorts by inclusion criteria (age >=65), study question (multidisciplinary supportive care), and arm definition (ER-SCT vs historical no-ER-SCT). Reference 2 (Szewczyk 2021 TCT) reports feasibility/implementation data on the same ER-SCT program."
1112,Geneva_HUG_alloHCT_noFQABP,"Single-center retrospective observational cohort of 421 consecutive adults undergoing their first allogeneic HCT at Geneva University Hospitals (HUG), Switzerland, between January 1, 2015 and December 31, 2021. Mixed donor types: matched related (MRD 24%, n=103), matched unrelated (MUD 47%, n=199), haploidentical (22%, n=93), mismatched unrelated (MMUD 6%, n=26). Predominantly RIC conditioning (75%) and PBSC graft (88%). GVHD prophylaxis with post-HCT cyclophosphamide in 115 (27%). Distinctive feature: primary fluoroquinolone antibacterial prophylaxis is NOT routinely administered during pre-engraftment neutropenia at this center; instead, oral non-absorbable neomycin/polymyxin B decontamination is given from conditioning through engraftment, plus co-trimoxazole for PJP, acyclovir antiviral, fluconazole antifungal, and letermovir anti-CMV prophylaxis (starting May 2019). Patients are managed under strict surveillance including weekly surveillance blood cultures and prompt empirical antibiotic initiation for neutropenic fever.",single_center,2015,2021,421,293,,"First publication for Geneva HUG BMT cohort 2015-2021 in this PTCy MA. May share patients with Royston 2021 (letermovir matched cohort, ref 23), Chavaz 2023 (CMV post-letermovir, ref 24), Roth 2022 (invasive mold infections, ref 22) — all from same Geneva HUG BMT program."
1113,JSTCT_TRUMP2_NHL_PTCyHaplo_uCBT,"Japanese Society for Transplantation and Cellular Therapy (JSTCT) Adult Lymphoma Working Group, nationwide registry analysis via the Transplant Registry Unified Management Program 2 (TRUMP2) of the Japanese Data Center for Hematopoietic Cell Transplantation (JDCHCT). 857 adult patients (age >=16) with relapsed/refractory non-Hodgkin lymphoma (R/R NHL) undergoing first allo-HSCT between January 2013 and December 2021, either PTCY-haplo (n=169; 165 PBSC, 4 BM; no ex vivo T-cell manipulation, no in vivo ATG) or single-unit uCBT (n=688). Diseases include mature B-, T-, and NK-cell neoplasms per WHO 2017; B-cell lymphoma 60% (n=514), T/NK-cell 40%. Excludes Hodgkin lymphoma, aggressive NK-cell leukemia, chronic active EBV, systemic EBV-positive T-cell lymphoma of childhood, ATL. Excludes upfront transplant indications (CR/PR after first-line). Approval number zn230805. Cohort distinct from 1064 (TRUMP2_UCBT_vs_PTCyHaplo, mixed hematologic disease 2014-2020) and 1070 (JSTCT_TRUMP_ALL_PTCyHaplo_UCB, adult ALL only 2013-2021) by disease focus (R/R NHL only) and time window; substantial patient overlap likely with 1064.",JSHCT,2013,2021,857,296,NR,"Partial overlap likely with JDCHCT TRUMP2 cohort 1064 (Harada 2025 hematologic disease 2014-2020) at the patient level since both draw from JDCHCT TRUMP2 registry, but Nishikubo 2024 restricts to R/R NHL while 1064 includes mixed hematologic disease. Also overlapping registry source with JSTCT_TRUMP_ALL cohort 1070 (different disease)."
1114,SanRaffaele_Milan_HHV6_Noviello,"Single-center prospective observational non-interventional cohort of 208 consecutive adult patients undergoing allogeneic HSCT for hematologic malignancies at IRCCS Ospedale San Raffaele, Milan, Italy, between 2013 and 2015. AML 59%, MDS/MPN 15%, lymphoma/myeloma 26%; donors: MRD 19%, UD 30%, MMRD (haplo) 48%, CBU 3%; stem cell source PB 87%, BM 10%, CBU 3%; conditioning MAC 81%, RTC 19%. GVHD prophylaxis distributed as: PT-Cy-based 101 (49%), ATG-based 84 (40%), no in vivo T-cell depletion 23 (11%); additional immunosuppression sirolimus-based 78%, CsA-based 22%. All received acyclovir antiviral prophylaxis. HHV-6 weekly PCR monitoring to D+100 (commercial HSV6 Elite MGB ELITECH, target U67) plasma. 6 cases of chromosomally integrated HHV-6 excluded. Median follow-up 4 years (range 0.4-5.7). Study focus: HHV-6 reactivation, clinically relevant HHV-6 infection (ECIL classical EODs and possible HHV-6-related EODs), and HHV-6-specific T-cell immune reconstitution by IFN-gamma ELISpot. ALMON study, San Raffaele Ethical Committee 19 Oct 2007. Likely shares patients with cohort 1036 (SanRaffaele_Milan_MAP_PTCy) which covers 2015-2022 antifungal prophylaxis era; possible partial overlap at 2015 boundary. Related publications: Oltolini 2020 (Greco/Galli infections after PT-Cy), Greco 2016 (haplo HHV-6 immune recovery), Greco 2021 (PT-Cy + sirolimus GVHD prophylaxis).",single_center,2013,2015,208,297,primary for HHV-6 reactivation and HHV-6-specific T-cell immunity outcomes,Possible patient overlap with cohort 1036 (SanRaffaele_Milan_MAP_PTCy 2015-2022 voriconazole/posaconazole antifungal cohort) and with Oltolini 2020 BBMT (Greco/Galli infections after PT-Cy at same center) and Greco 2021 TCT (PT-Cy + sirolimus); to be adjudicated at consolidation.
1115,IPC_Marseille_MMUD_PTCy_vs_ATG,"Single-center retrospective historical comparison at Institut Paoli-Calmettes (IPC), Marseille, France of 62 consecutive adult patients undergoing first allo-HSCT for hematologic malignancies with HLA-mismatched unrelated donors (MMUD; 9/10 in 59 cases, 8/10 in 3 cases; class I mismatch in 85%) and PBSC graft. Two arms: PT-Cy group (n=22, enrolled Jan 2015-Nov 2018) received PT-Cy 50 mg/kg D+3,+4 + CSA + MMF; ATG group (n=40, historical cohort Jan 2010-Dec 2014) received rabbit ATG (Thymoglobuline 2.5 mg/kg/day D-3,-2; total 5 mg/kg) + CSA + MMF. Distinct from cohort 1041 (IPC Marseille MUD 10/10 PBSC 2014-2021 PT-Cy vs ATG) by HLA mismatch grade (MMUD 9/10 or 8/10 vs MUD 10/10) and enrollment era; same IPC Marseille institution but different donor stratum.",single_center,2010,2018,62,299,NR,"Same IPC Marseille institution as cohort 1041 (IPC_Marseille_MUD_PBSC; covers MUD 10/10 transplants 2014-2021). Distinct donor strata (MMUD here, MUD there). No expected patient overlap."
1116,EBMT_CMWP_CML_PTCy_UD_MMRD,"EBMT Chronic Malignancies Working Party (CMWP) registry retrospective cohort of 1341 adult (>=18 yrs) patients with chronic myeloid leukemia (CML) undergoing first allo-HCT between 2012 and 2019 from an unrelated donor (UD) with either PTCy or non-PTCy GVHD prophylaxis, or from a mismatched related donor (MMRD) with PTCy. 257 EBMT centers contributed. Three arms: non-PTCy UD (n=1094, 82%), PTCy UD (n=113, 8%), PTCy MMRD (n=134, 10%). Excludes patients undergoing HCT from MSD or using cord blood. Lead author Guillermo Orti (Vall d'Hebron Barcelona); EBMT CMWP multinational. Distinct from EBMT_CMWP_UD_MDS (cohort 1035, MDS) and EBMT_CMWP_myelofibrosis (cohort 1037, MF) by disease focus on CML.",EBMT,2012,2019,1341,300,,"Distinct disease focus (CML) from other EBMT CMWP cohorts (1035 MDS, 1037 MF). Lead institution Vall d'Hebron Barcelona but multinational EBMT registry data."
1117,CityOfHope_ALL_FTBI_packages,"Single-center retrospective cohort of 269 adult and adolescent ALL patients in CR1/CR2+ undergoing first FTBI-based myeloablative allo-HCT at City of Hope National Medical Center, Duarte CA, between January 2010 and December 2020. Two donor/conditioning/GVHD-prophylaxis packages: (1) ETOP-package (n=205) for matched donor (MD; 8/8 sibling or unrelated) HCT, comprising FTBI 13.2 Gy in 1.2 Gy fractions TID D-7 to D-4 + etoposide 60 mg/kg D-3 and tacrolimus 0.02 mg/kg IV D-2 + sirolimus (12 mg D-2 then 4 mg D-1) as GVHD prophylaxis; donor mix in this group: MUD 192 (93.7%, includes 8/8 matched siblings and 8/8 MUD), MMUD 13 (6.3%, off-protocol); (2) FLU-package (n=64) for HLA-mismatched related (HAPLO) or mismatched unrelated (MMUD) donor HCT, comprising FTBI 12 Gy in 1.5 Gy fractions BID D-4 to D-1 + fludarabine 30 mg/m2 IV D-7 to D-5 and PTCy 50 mg/kg IV D+3 and D+4 + MMF 1000 mg IV D+5 + tacrolimus 1 mg IV D+5 as GVHD prophylaxis; donor mix: Haplo 47 (73.4%), MMUD 13 (20.3%), MUD 4 (6.3%). All patients received PBSC graft. Median age 37 (range 9-68); 59.5% Hispanic; B-ALL 86.6%, T-ALL 13.4%; CR1 79.2%, CR2+ 20.8%. Median follow-up 4.6 years (range 1-12).",single_center,2010,2020,269,301,,"City of Hope ALL cohort; may share patients with Agrawal 2023 (Blood abstract, ref 21) on MMUD outcomes and other City of Hope publications on ALL HCT."
1118,IPC_Marseille_Pagliardini_younger,"Single-center retrospective cohort at Institut Paoli-Calmettes (IPC), Marseille, France of 209 consecutive patients younger than 60 years undergoing first allo-HSCT for hematological malignancies, comparing haploidentical-related donor with PT-Cy (HRD, n=81) vs unrelated donor (UD, n=128; 98 10/10 + 30 9/10) with ATG-based GVHD prophylaxis. HRD arm: Baltimore NMAC (Cy/Flu/TBI2Gy, n=53 NMAC, 66%) or RIC (Cy-Flu-Bu or TT-Flu-Bu, n=14 RIC, 17%) or MAC (n=14, 17%); PT-Cy 50 mg/kg D+3,+4 + CSA + MMF starting D+5; 73% PBSC, 27% BM. UD arm: Flu-Bu-ATG (Thymoglobulin 5 mg/kg total) + CSA alone for 10/10 or CSA+MMF for 9/10; 95% PBSC, 5% BM; 62% RIC, 38% MAC. Median age 50 yr (19-60). Median follow-up 38 (HRD) and 27 (UD) months. Possible overlap with IPC Marseille older-adult cohorts (1029 Marseille_IPC_Blaise_older_adults, 1041 IPC_Marseille_MUD_PBSC) but distinct by age window (<60) and Pagliardini 2019 is referenced as a separate paper by cohort 1041's description.",single_center,NR,NR,209,302,NR,"Same institution (IPC Marseille) as cohorts 1029 (Blaise older >55 yr, 2011-2013) and 1041 (IPC MUD PBSC 2014-2021); possible patient overlap with older-patient subset of cohort 1029 and with UD subset of cohort 1041 but distinct cohort by age (<60 yr) and donor strata. Cohort 1041 description explicitly references this Pagliardini 2019 paper as ref 4."
1119,PrincessMargaret_Toronto_older_alloHCT,"Single-center retrospective cohort of 133 older patients (>=60 years, median age 65, range 60-74) who underwent allogeneic HCT for any indication at Princess Margaret Cancer Centre, Toronto, Canada, between December 2013 and July 2017. All received G-CSF-mobilized PBSC graft. Two GVHD prophylaxis groups: ATG-PTCY (n=62; ATG 0.5 mg/kg D-3 + 2 mg/kg D-2, -1 [total 4.5 mg/kg] + PTCY 50 mg/kg D+3, +4 + CsA) vs Other (n=71, comprising ATG-CsA-MTX 11, alemtuzumab-CsA 30, CsA alone 1, CsA-MMF 10, CsA-MTX 19). Diseases: acute leukemia 46%, MDS 28%, MPN 14%, other 12%. Donors: MRD 28%, MUD 63%, HID 9% (all HID in ATG-PTCY arm). 94% RIC. CMV IgG+ donor or recipient 85%. Median follow-up 12 months (range 1-56). Likely partial overlap with cohort 1013 (PrincessMargaret_Toronto_Michelis high-risk AML/MDS 2014-2017, 159 pts) at same institution but Pasic 2020 is restricted to age >=60 and broader indications.",single_center,2013,2017,133,304,,"Same institution (Princess Margaret Cancer Centre, Hans Messner Allogeneic Transplant Program) as cohort 1013 (Michelis 2014-2017, high-risk AML/MDS 159 pts) with overlapping enrollment window (Dec 2013-Jul 2017 vs Jan 2014-Jul 2017). Pasic 2020 covers age >=60 only and all indications; cohort 1013 covers all ages but only high-risk AML/MDS. Partial overlap likely on older AML/MDS patients (median age 65 here). Group also includes Prem 2019 (ATG-PTCY MUD/MMUD), Deotare 2018 (ATG+PTCY MUD), Law 2018 (ATG+PTCY HID). Consolidator should adjudicate whether to merge with cohort 1013."
1120,PUPH_Peking_PyV_encephalitis,"Single-center retrospective 1:4 case-control study from Peking University People's Hospital, Peking University Institute of Hematology. Source cohort: 8160 patients undergoing allo-HSCT between January 2015 and September 2023; 843 with CNS symptoms underwent CSF testing. 54 PyV (BKV/JCV) encephalitis cases vs 216 propensity-score-matched non-PyV controls matched 1:4 on age, gender, underlying disease, and transplant type. All patients received standard Beijing protocol GVHD prophylaxis (ciclosporin + mycophenolate mofetil + short-term methotrexate) with rabbit ATG 10 mg/kg total (reduced to 4.5 mg/kg in 22 cases) in haploidentical/unrelated transplants and aplastic anaemia; ATG generally omitted for MSD except 12 patients >40 years old who received 4.5 mg/kg. Conditioning: MAC Ara-C/Bu/Cy/simustine for hematologic malignancies; Bu/Flu/Cy for aplastic anaemia. No PTCy used. Donor mix: HID 86.7%, MSD 9.6%, URD 3.7%. Diseases: myeloid 52.2%, lymphoid 36.7%, aplastic anaemia 11.1%. Median follow-up 39 months (IQR 23-62). Study is descriptive of PyV encephalitis outcomes; NO PTCy contrast available.",single_center,2015,2023,270,306,,"Beijing protocol cohort (Peking University People's Hospital, Huang Xiao-Jun group). May overlap with other PUPH publications by Huang/Xu/Mo/Zhang covering 2015-2023 allo-HSCT recipients. NO PTCy use; entire cohort is ATG-based Beijing protocol."
1121,EBMT_TCWP_10_10_MUD_PTCy_ATG,"EBMT Transplant Complications Working Party (TCWP) registry retrospective study of 8764 adult patients with hematologic malignancies (acute leukemia ~58%, MDS 19.7%, MPN 9.7%, lymphoma 9%, CLL ~1%, CML ~2%) undergoing first peripheral blood alloSCT from 10/10 antigen-matched unrelated donors (MUD) between January 2018 and June 2021 in the EBMT database. Two arms based on GVHD prophylaxis: rATG (n=7725, 88%) vs PTCy (n=1039, 12%). Excluded: more than one previous autologous transplant, ex vivo T-cell depletion, combined rATG+PTCy, Alemtuzumab (Campath). Conditioning: MAC 53.3% overall (PTCy 62.3%, ATG 52%). TBI use 14.5% ATG vs 24.7% PTCy. Median follow-up 2.1 years in both arms. Distinct from related EBMT TCWP publications: Penack 2024 Blood Cancer J/Leukemia (9/10 MMUD) and Moiseev 2025 BMT (8/10 MMUD, cohort 1098). All papers share same EBMT TCWP registry and overlapping authorship (Penack, Abouqateb, Peczynski) but are donor-strata-distinct.",EBMT,2018,2021,8764,307,,"Conference precursor: Penack 2023 ASH abstract (study_id 309, excluded as conference_abstract). Distinct cohorts from EBMT TCWP 8/10 MMUD (cohort 1098, study 257 Moiseev 2025) and Penack 2024 Blood Cancer J 9/10 MMUD. Same EBMT registry; donor-strata-disjoint within the 2018-2021 enrollment window."
1122,EBMT_TCWP_MRD_PTCy_ATG,"EBMT Transplant Complications Working Party (TCWP) registry retrospective study of 5,209 adult patients (>=18 yrs) with hematologic malignancies (AML, ALL, lymphoma, CLL, MDS, MPN; HL also included per Table 1) undergoing first alloHCT from a matched related donor (MRD, matched sibling) with peripheral blood or bone marrow stem cells between January 2017 and December 2021 in the EBMT database. Two GVHD prophylaxis arms: rATG (n=4140) vs PTCy (n=1069). Excluded: >1 prior auto, ex vivo T-cell depletion, combined rATG+PTCy, alemtuzumab use. Distinct from cohort 1098 (EBMT_TCWP_MD_PTCy_ATG 8/10 MMUD, Penack Blood Cancer J 2024), and Penack Leukemia 2024 (10/10 MUD, ref 18) and Penack Blood Cancer J 2024 (9/10 MMUD, ref 20). PBSC predominant (96.2% rATG, 87.7% PTCy); BM 3.8%/12.3%. MAC 54.5%/55.4%, RIC 45.5%/44.6%. AML 54.5%/42.8% predominant, then MDS, ALL, NHL, MPN, MDS/MPN, HL. Median follow up 2.2 yrs (rATG) and 2.0 yrs (PTCy).",EBMT,2017,2021,5209,308,,"Distinct EBMT TCWP MRD cohort, separate from prior Penack TCWP papers on 10/10 MUD (Leukemia 2024), 9/10 MMUD (Blood Cancer J 2024), and 8/10 MMUD (cohort 1098). Potential partial overlap of donor/center with EBMT_ALWP (1024) for acute leukemia MRD subset."
1123,CIBMTR_immune_reconstitution_AMLALLMDS,"CIBMTR registry analysis of 2089 patients aged >=2 years from 105 US/international centers who underwent first allo-HCT for AML (47%), ALL (22%), or MDS (31%) between 2008 and 2019, with available CD4 counts at days 100 and 180. Four predefined GVHD-prophylaxis cohorts: (1) ex vivo TCD/CD34-selection +/- ATG (n=207), (2) unmodified graft + PTCy (n=304; 94% PTCy + other, 6% PTCy alone), (3) unmodified graft + CNI-based prophylaxis without ATG (n=1203), (4) unmodified graft + CNI-based prophylaxis with ATG (n=375). Donor types: MSD, related mismatched, MUD, MMUD, UCB single/double. Conditioning MAC 66%, RIC 23%, NMA 11%. Median follow-up 33 mo (PTCy arm) to 60 mo (CNI/CNI+ATG/TCD arms). Patients dying before day 100 excluded by design. Distinct from CIBMTR cohorts 1001 (HaploCy/SibCy/SibCNI 2012-2017, excluded UCB and TCD/ATG), 1008 (MUD/MMUD 2017-2021), and 1011 (cHL 2008-2016).",CIBMTR,2008,2019,2089,311,,"Distinct from prior CIBMTR PTCy-focused cohorts (1001 HaploCy/SibCy/SibCNI 2012-2017, 1008 MUD/MMUD 2017-2021, 1011 cHL 2008-2016) by inclusion criteria (requires CD4 at D+100 and D+180), broader donor types (includes UCB), and study aim (immune reconstitution biomarker analysis). Some patient overlap with these registry analyses is possible because the same CIBMTR data source is used. Flag for consolidator review."
1124,Pinana_Valencia_2hosp_CARV_registry,"Two-center retrospective Spanish (GETH-TC affiliated) Valencia CARV registry of consecutive adult allo-HCT recipients (aged >=16 years) at Hospital Clinico Universitario de Valencia (HCUV) and Hospital Universitario y Politecnico La Fe Valencia (HLF) between December 2013 and June 2023, who developed symptomatic community-acquired respiratory virus (CARV) infections during the peri-engraftment period (Day -8 to Day +36 after stem cell infusion). N=112 patients, 114 CARV episodes. Median age 51 years. Donors: HLA-identical sibling 30%, MUD 21%, MMUD 19%, haplo 29%, MM sibling 1%. PBSC 85%, UCB 14%, BM 1%. RIC 55%, MAC 45%. GVHD prophylaxis: Tac+Sir 52%, PTCy-based 44%, CNI-based 4%. ATG 13%. Overlapping with cohort 1038 (Chorao HLF Valencia 2017-2022) and 1057 (HCUV INCLIVA Valencia 2020-2024) at the institutional level; this is the CARV-specific registry capturing peri-engraftment respiratory viral episodes from both hospitals. Single-arm descriptive (CARV-focused); no PTCy vs comparator contrast.",multicenter_collaboration,2013,2023,112,312,,"Two-center Valencia CARV registry HCUV+HLF. Institutional overlap with cohort 1038 (Chorao HLF Valencia 2017-2022) at HLF location and with cohort 1057 (HCUV/INCLIVA Valencia 2020-2024 AdV surveillance) at HCUV location. Patient overlap likely for the 2017-2023 transplant subset of HLF (in 1038) and 2020-2023 subset of HCUV (in 1057), but Pinana 2025 is restricted to patients with symptomatic peri-engraftment CARV episodes (n=112) which is a non-strict subset of both. Different study question (CARV epidemiology vs GVHD/AdV outcomes). Salas Barcelona cohort 1003 is Hospital Clinic Barcelona (different city/institution) - no overlap."
1125,EBMT_CMWP_MDS_MSD_vs_HaploPTCy,"EBMT Chronic Malignancies Working Party (CMWP) registry retrospective cohort of 1829 adult patients with MDS who underwent first allo-HSCT from MSD (n=1414) or haploidentical family donors with PTCy (HD, n=415) between 2014 and 2017 across 270 centers. Inclusion: family donor >=2 Ag mismatch and at least haplotype (3/6) matched for HD arm; all HD received PTCy. MSD arm received mixed GVHD prophylaxis (95.9% non-PTCy: 37.9% ATG, 7.7% alemtuzumab, others; only 4.1% received PTCy). Distinct cohort from EBMT_CMWP_UD_MDS (cohort 1035, Battipaglia/Robin MUD/MMUD MDS PTCy vs ATG, 2012-2019) by donor strata (MSD/Haplo vs MUD/MMUD) and overlapping but distinct enrollment window.",EBMT,2014,2017,1829,318,,EBMT CMWP MDS registry source shared with cohort 1035 (MUD/MMUD strata) but non-overlapping donor categories. Family donor data (MSD + haploid family) reported here; unrelated donor data reported in cohort 1035.
1126,SantPau_Barcelona_TBI_MAC_AL_MDS,"Single-center retrospective cohort of 87 consecutive adult patients (<55 years old) with poor-prognosis acute leukemia (AML/ALL) or myelodysplastic syndromes (MDS) who received an HLA-matched or single-allele mismatched (HLA A, B, C, DRB1, DQB1) related or unrelated allo-SCT with ablative TBI-based myeloablative conditioning at the Division of Adult Clinical Hematology, Hospital de la Santa Creu i Sant Pau, Barcelona, Spain, between January 2009 and December 2021. Two sequential era arms: (i) historical CyTBI (n=59, transplanted 2009-2015): cyclophosphamide 120 mg/kg (60 mg/kg D-6, D-5) plus TBI 13.5 Gy (hyperfractionated, 6 fractions over 3 days), CNI (tac or CsA) + short-course MTX, with ATG thymoglobulin 6 mg/kg added for 9/10 mismatch; (ii) prospective FluTBI-PTCy (n=28, 2016-2021, registered single-center protocol): fludarabine 120 mg/m2 PO or 90 mg/m2 IV + TBI 8.8 or 13.5 Gy (age-assigned: 13.5 Gy AML/MDS <41 yr or ALL <46 yr; 8.8 Gy AML/MDS 41-55 yr or ALL 46-55 yr), with PTCy 50 mg/kg D+3,+4 + single-agent tacrolimus. PBSC graft predominant (97%). Institutional overlap with cohort 1048 (SantPau_Barcelona_Esquirol_UCBT_Haplo) by center but distinct patient population (matched/single-mismatch TBI-MAC vs UCBT/haplo).",single_center,2009,2021,87,320,,"Same institution (Hospital de la Santa Creu i Sant Pau, Barcelona) as cohort 1048 (Esquirol UCBT/Haplo 2005-2017) but distinct patient population: matched/single-allele mismatched related/unrelated only, TBI-MAC only, AL/MDS only. Potential temporal overlap 2013-2017 with cohort 1048 but different donor strata. Likely also overlaps institutionally with Garcia-Cadenas 2020 single-center protocol publication (ref 12)."
1127,SantPau_Barcelona_Redondo_HLAmatched,"Single-center retrospective cohort of 226 consecutive adult patients undergoing allo-HCT from HLA-identical or single-allele mismatched (HLA A/B/C/DRB1/DQB1) MSD or VUD donor at Hospital de la Santa Creu i Sant Pau, Barcelona, Spain, between January 2012 and June 2022. Three GvHD prophylaxis cohorts: Cohort-1 (n=58, 26%, 2012-2016) CNI+short-course MTX or MMF (predominantly MAC TBI-based, 79%); Cohort-2 (n=87, 38%, 2012-2016) TAC-SIRO within two clinical trials (100% RIC); Cohort-3 (n=81, 36%, Jan 2016-Jun 2022) PTCy 50 mg/kg D+3,+4 + single-agent TAC (35% MAC TBI-based, 65% RIC). ATG (Thymoglobulin 6 mg/kg total) added for VUD mismatched donors in Cohorts 1-2. Includes 9/10 or 10/10 MSD or VUD. PBSC graft in all but 3. Distinct from cohort 1048 (SantPau_Barcelona_Esquirol_UCBT_Haplo) at same institution which covers UCBT vs haplo only.",single_center,2012,2022,226,321,,"Distinct from cohort 1048 (Sant Pau UCBT/Haplo). The Redondo 2023 paper (study_id 20 per refs, TBI MAC sequencing) likely reports on a TBI-MAC subset of this Cohort-3 PTCy arm; partial overlap possible."
1128,EBMT_PDWP_pediatric_AML,"EBMT Pediatric Diseases Working Party (PDWP) retrospective multicenter cohort of pediatric patients (<18 years) with AML in CR1 or CR2 undergoing first allo-HCT from 10/10 MUD with ATG (n=420) or haploidentical family donor (>=2 HLA mismatches) with PT-Cy (n=96) between 2011 and 2021. Transplants performed in 117 EBMT centers. All received myeloablative conditioning (MAC). Graft source BM or PBSC. Patients with ex vivo T-cell depletion, alemtuzumab use, or ATG+PT-Cy combination excluded. Matched-pair analysis with exact match on disease status, cell source and age group at HCT, and nearest match on year of HCT, age at diagnosis, FtM, Lansky, CMV match: yielded 253 MUD : 95 haplo matched pairs (max 3 MUD per haplo). Distinct from EBMT_ALWP (cohort 1024) which is adult acute leukemia; this is pediatric AML through PDWP-EBMT.",EBMT,2011,2021,516,326,,"PDWP-EBMT pediatric AML registry. Distinct working party (PDWP) from cohort 1024 (ALWP). Possible overlap with prior Ruggeri PDWP-EBMT pediatric ALL paper (Ruggeri 2021 TCT, ref 19) but disease differs."
1129,SaintLouis_Paris_BKHC,"Single-center retrospective cohort of 409 consecutive allo-HCT recipients at Saint-Louis referral academic hospital (Paris, France) between January 2016 and January 2019. Adults and young adults (>=14 yrs); median age 47 (31-58); 60% male. Mixed donor types: matched related 130 (32%), matched unrelated 188 (46%), haploidentical 40 (10%), mismatched unrelated 43 (11%), UCB 9 (2%), other 8 (2%). Stem cell source: PBSC 80%, BM 18%, UCB 2%. Conditioning: MAC 28%, RIC/NMA 72%. Cyclophosphamide in conditioning 28% (115/409, 59 MAC + 56 RIC). GvHD prophylaxis groups: CsA 6%, CsA+MMF 44%, PTCy/CsA/MMF 13% (n=51), CsA+MTX 27%, other 11%. ATG 61%. Median follow-up 641 days. Primary aim: BKHC incidence and risk factors with competing-risk and Fine-Gray analysis. PTCy analyzed as risk-factor covariate, not as separately reported arm.",single_center,2016,2019,409,327,,"Saint-Louis Paris is a high-volume French referral center; potential overlap with other Saint-Louis publications (Michonneau, Peffault de Latour, Socie group). Flag for consolidator."
1130,FredHutch_lateCMV_PET_LET,"Single-center retrospective cohort of CMV seropositive recipients of allogeneic HCT at Fred Hutchinson Cancer Center (Fred Hutch), Seattle, WA, who survived at least 100 days after HCT. Two enrollment eras: pre-emptive therapy (PET) cohort 2001-2017 (n=2155 day-100 survivors) and letermovir (LET) cohort 2018-2021 (n=314 day-100 survivors); total n=2469 day-100 survivors. Five GVHD prophylaxis strata: CNI+MMF (PET 38%, LET 18%), CNI+MTX (PET 45%, LET 36%), PT-Cy (PET 7% n=143, LET 22% n=68; total n=211), Sirolimus-based (PET 6%, LET 24%), Other (PET 4%, LET 1%). All patients underwent PCR monitoring and PET before day 100; high-risk patients had prolonged surveillance. Diseases: AML/MDS (PET 48%, LET 56%), CLL (PET 17%, LET 4%), CML (PET 12%, LET 18%), ALL (PET 13%, LET 16%), non-malignant (PET 8%, LET 6%). Donor types: cord blood, matched related, mismatched related, matched unrelated, mismatched unrelated. Despite first author Sadowska-Klasa's affiliation with Medical University of Gdansk Poland, this is a Fred Hutch institutional cohort (data, IRB, accrual, follow-up at Fred Hutch); A.S.-K. was a visiting fellow funded by Polish NAWA and FHCC Joel D. Meyers Scholarship. Distinct from PALG_Polish_registry (cohort 1047) which is a Polish multicenter cohort of haplo/MMUD patients 2015-2019.",single_center,2001,2021,2469,328,,"Subset overlaps with Ueda Oshima 2023 Blood Advances (HLA-matched PBSCT subset analyzing GVHD prophylaxis impact on CMV) and Boeckh 2003 Blood (earlier Fred Hutch late CMV cohort) — same institutional source population over different time windows. Patients pre-2001 (Boeckh 2003) not included here. Polish first authorship reflects A.S.-K.'s training fellowship, not Polish institutional cohort participation."
1131,EBMT_CIBMTR_MM_haplo,"Joint EBMT/CIBMTR retrospective registry analysis of 96 adult patients with relapsed/refractory multiple myeloma undergoing haploidentical allo-HCT as salvage treatment after recurrent disease between 2008 and 2016. All patients had failed at least 1 previous auto-HCT; 27.1% had failed 2 prior auto-HCTs and 4.2% had failed 3. EBMT contributed 56 patients and CIBMTR 40 patients. PT-Cy GVHD prophylaxis in 73 (81.1%); non-PT-Cy in 17 (18.9%). Stem cell source: PB 65.2%, BM 34.7%. Conditioning: RIC/NMAC 81.5%, MAC 18.4%. ATG used in 11 (11.7%). Outcomes analyzed only for the 93 patients with complete relapse information. MM-specific cohort distinct from EBMT_ALWP (1024, acute leukemia) and EBMT_CIBMTR_DLBCL_LWP (1046, lymphoma).",multicenter_collaboration,2008,2016,96,332,NR,"EBMT/CIBMTR registry cohort, MM-specific. Distinct from EBMT_ALWP (acute leukemia) and EBMT_CIBMTR_DLBCL_LWP (lymphoma). May share institutions with other EBMT/CIBMTR MM publications."
1132,PMH_Toronto_Salas_older_adults,"Single-center retrospective cohort of 651 adults (median age 58 yrs, range 18-76) who underwent first allogeneic HCT at the Hans Messner Allogeneic Transplant Program, Princess Margaret Cancer Centre, University Health Network, Toronto, Canada, between January 2017 and December 2020. Stratified by transplant time period: Period 1 (Jan 2017-Dec 2018, N=322) and Period 2 (Jan 2019-Dec 2020, N=329). Dominant GVHD prophylaxis is dual T-cell depletion ATG-PTCy-CsA (ATG 4.5 mg/kg Jan 2017-May 2018, ATG 2 mg/kg May 2018-Dec 2019; PTCy 50 mg/kg/d D+3/+4; CsA target trough 200-400 ng/L Period 1 reduced to 150-250 ng/L Period 2); alternative regimens include ATG-MTX-CsA and PTCy-MMF-CsA (introduced for MRD PBSC by end 2019). Donors: MRD 23.4-24.5%, 10/10 MUD 46.3-49.2%, 9/10 MMUD 9.7-9.9%, haploidentical 17.6-19.3%. Stem cell source PBSC 94.8-96.6%, BM 3.4-5.2%. Conditioning RIC predominant (Period 1 98.7%, Period 2 61.9%); MAC use increased to 38.1% in Period 2. Standard infection prophylaxis ciprofloxacin (until engraftment), micafungin then posaconazole 3 months, acyclovir 12 months, TMP/SMX or pentamidine; CMV/EBV PCR monitored weekly for 6 months; routine letermovir prophylaxis introduced for high-risk patients during/after Period 2. Likely partial overlap with PrincessMargaret_Toronto_Michelis (cohort 1013, AML/MDS 2014-2017), PMH_CIBMTR_MUD_acute_leukemia_FtoM (cohort 1042, MUD AL 2015-2023), PrincessMargaret_Toronto_MSD_PBSC (cohort 1044, MSD PBSC 2010-2023), PrincessMargaret_Toronto_older_alloHCT (cohort 1119, age >=60, 2013-2017), and PrincessMargaret_Toronto_MDSMPN (cohort 1043, MDS/MPN 2010-2023). Cohort_label specified by lead reviewer as 'older_adults' though this paper includes all adults 18-76 yr.",single_center,2017,2020,651,334,NR,"Partial overlap with multiple PMH/Princess Margaret cohorts (1013, 1042, 1043, 1044, 1119) at the same institution. Adjudicate at consolidation."
1133,EBMT_CMWP_MSD_MDS,"EBMT Chronic Malignancies Working Party (CMWP) registry retrospective study of 404 adult MDS patients undergoing first MSD allo-HCT using PB-derived stem cells between 2014 and 2020 across 52 participating centers (after MED-C follow-up data collection in 2023). Two GVHD prophylaxis arms: PTCy-based (n=66, 16.3%; 66.7% with 2+ additional IS agents, 31.8% with 1 agent, 1.5% PTCy alone; ATG given in only 4/66 (6.1%)) vs conventional 'other' (n=338, 83.7%; CNI-MTX/MMF only n=176 [52.1%], CNI-MTX/MMF+ATG n=162 [47.9%]). All MSD/PBSC. MDS only (de novo 86.8%, secondary 13.2%; AML transformation prior to allo-HCT in 21%). Disease coded by IPSS-R. Median follow-up 4.5 years (PTCy 3.8, Other 4.7). Distinct from cohort 1035 (EBMT_CMWP_UD_MDS, Chalandon 2024) which covers unrelated donors. Likely partial overlap at center level with Chalandon 2024, Robin 2019, Forcade 2022 CMWP MDS publications. Salas 2023 Blood ASH abstract is the conference abstract for the same cohort.",EBMT,2014,2020,404,336,NR,"EBMT CMWP cohort. Different donor stratum (MSD) than cohort 1035 (EBMT_CMWP_UD_MDS, Chalandon 2024). Salas 2023 ASH abstract (Blood 142 Supplement 1, 4938-4940) reports same data, conference abstract only - excluded per protocol."
1134,PrincessMargaret_Toronto_MUD_PBSC,"Single-center retrospective cohort of 444 consecutive adults with hematologic malignancies undergoing first allo-HCT from 10/10 HLA-matched unrelated donor (MUD) with PBSC graft at Princess Margaret Cancer Centre / Hans Messner Allogeneic BMT Program, University Health Network, University of Toronto, between January 2011 and December 2021. No 9/10 MMUD included. Stratified by GVHD prophylaxis era: (i) ATG-based without PTCy (n=84, 2011-2015): 4.5 mg/kg rabbit-ATG (Thymoglobulin) D-3/-2/-1 + CsA + MMF; (ii) ATG(4.5)/PTCy (n=127, Oct 2015-May 2018): 4.5 mg/kg ATG D-3/-2/-1 + PTCy 50 mg/kg D+3,+4 + CsA from D+5; (iii) ATG(2)/PTCy (n=233, May 2018-2021): 2 mg/kg ATG D-2/-1 + PTCy 50 mg/kg D+3,+4 + CsA from D+5. AML 53%, MDS 14%. 26% MAC. Likely partial institutional overlap with Princess Margaret PMH cohorts 1013 (Michelis high-risk AML/MDS 2014-2017, mixed donors), 1042 (PMH+CIBMTR MUD acute leukemia 2015-2023), 1043 (PMH MDS/MPN), 1044 (PMH MSD PBSC), and 1119 (PMH older alloHCT). Distinct by MUD-only restriction, broader timeframe (2011-2021), and 3-arm ATG-dose contrast.",single_center,2011,2021,444,337,,"Possible partial overlap with PMH cohorts 1013, 1042, 1043, 1044, 1119 by institution and overlapping enrollment windows. Patients in this MUD-only cohort may appear in cohort 1042 (PMH MUD acute leukemia 2015-2023, ATG-PTCy uniform prophylaxis) and 1119 (PMH older alloHCT 2013-2017). Adjudication required at consolidation."
1135,CIBMTR_HaploPTCy_vs_MUDconv_GvHD,"CIBMTR retrospective registry analysis of adult (>=18 yrs) recipients of first T-cell-replete unmanipulated BM or PBSC allo-HCT for AML/ALL/CML/MDS performed 2013-2017. Compares Haploidentical donor + PTCy/CNI/MMF (Haplo/PTCy) vs HLA-matched unrelated donor (allele-level matched at HLA-A/B/C/DRB1) with conventional CNI+MTX or MMF +/- ATG (MUD/conventional). Parent population: 758 Haplo/PTCy and 2,586 MUD/conventional. Primary analytic cohorts are conditional on GVHD development: (1) grade 2-4 aGVHD subcohort (264 Haplo/PTCy + 1,163 MUD/conv [380 with ATG, 779 without ATG]); (2) cGVHD subcohort (206 Haplo/PTCy + 1,018 MUD/conv [254 ATG, 764 no ATG]). Outcome focus: GVHD organ distribution/severity and post-GVHD NRM/OS. NOT mutually exclusive of CIBMTR cohort 1001 (HaploCy_SibCy_SibCNI, 2012-2017 AML/ALL/MDS center-restricted) or 1011 (HL haplo) - different donor strata (this includes MUD which 1001 excludes; 1001 excludes CML which is included here).",CIBMTR,2013,2017,3344,340,,"Overlap likely with other CIBMTR 2013-2017 AML/ALL/MDS adult cohorts (e.g., cohort 1001 HaploCy_SibCy_SibCNI). This study INCLUDES MUD which 1001 excludes; includes CML which 1001 excludes. Patient-level overlap of Haplo/PTCy arm with cohort 1001 HaploCy arm is plausible since both draw from same CIBMTR years. Flagged for consolidator adjudication. NOTE: prompt suggested MDACC PTCy vs conv = Comp 1, but full text of this paper is CIBMTR registry, not single-center MDACC; first author MDACC affiliation only."
1136,PUC_Chile_RIC_AMLMDS,"Single-center retrospective cohort at the Hematopoietic Stem Cell Transplantation Program, Red de Salud Christus UC - Pontificia Universidad Catolica de Chile, Santiago, Chile (LATAM). 52 adult patients with AML (n=37) or MDS (n=15) in CR1 or beyond undergoing first allo-HSCT with reduced-intensity conditioning between 2012 and 2022. Three RIC arms (assignment based on era/availability and physician choice; melphalan-based became more common since 2018 due to busulfan shortages): Flu-Cy-TBI (n=15; Fludarabine 150 mg/m2 + Cyclophosphamide 29 mg/kg + TBI 200 cGy), Flu-Mel (n=30; Fludarabine 150 mg/m2 + Melphalan 100-140 mg/m2), Flu-Bu2 (n=7; Fludarabine 150 mg/m2 + Busulfan 6.4 mg/kg). 450 total allo-HSCT performed at the program over the period; this paper restricts to the 52 RIC AML/MDS subset. GVHD prophylaxis platform changed in 2017: before 2016, donor-dependent (CsA+MTX for MRD; PTCy+Tac+MMF for haploidentical; ATG-based for MUD); since 2017, all patients received uniform PTCy 50 mg/kg D+3,+4 + tacrolimus (6 months) + MMF (30 days). Donor mix heterogeneous within arms: haploidentical predominant (33/52, 63%; significant p=0.001 across arms with more haplo in TBI and Mel arms), MRD (10/52), MUD/MMUD (10/52). 99% PBSC. Median age 50 yrs. From 2012-2023 inclusive (Methods state 2012-2023; Results/Abstract state 2012-2022).",single_center,2012,2022,52,341,,"Possible partial overlap with Sarmiento 2020 (Hematol Transfus Cell Ther, ref 9 in this paper) which reported on Chilean haploidentical vs HLA-identical allo-HSCT outcomes from the same PUC Chile program. Same institutional center; broader Sarmiento 2020 publication included benign and malignant hemopathies. Time windows may overlap; check at consolidation."
1137,PMH_Toronto_HC_2015_2021,"Single-center retrospective cohort of 960 consecutive adults undergoing first allogeneic HCT at Princess Margaret Hospital, Toronto, between January 2015 and June 2021. Focus on hemorrhagic cystitis (HC) incidence and interaction between high-dose IV busulfan (HD Bu) and PTCy-based prophylaxis (PTCY-ATG-CsA standard since Oct 2015). 252 (26.5%) MAC, 708 (73.5%) RIC; 695 (72.4%) received PTCy-based prophylaxis (635 PTCY-ATG-CsA + 60 PTCy-based without ATG); 176 (18.4%) ATG-based; 89 (9.3%) other (MTX-CsA/TK or MMF-CsA/TK). PBSC 96.5%. Donors: MSD 27%, 10/10 MUD 46%, 9/10 MMURD 12%, Haplo 16%. Median age 58 yrs. Overlaps with PrincessMargaret_Toronto_Michelis cohort 1013 (Michelis 2014-2017 high-risk AML/MDS), PMH_CIBMTR_MUD_acute_leukemia_FtoM cohort 1042 (PMH MUD 2015-2023 acute leukemia), PrincessMargaret_Toronto_MDSMPN cohort 1043 (2010-2023 MDS/MPN overlap), and PrincessMargaret_Toronto_MSD_PBSC cohort 1044 (2010-2023 MSD PBSC). This is the broadest PMH institutional cohort covering all allo-HCT 2015-2021 with HC outcomes.",single_center,2015,2021,960,346,NR,"Substantial overlap with PMH cohorts 1013, 1042, 1043, 1044. Same Hans Messner program. Salas/Mattsson/Michelis group. HC outcomes are unique to this paper (index publication for HC endpoint at PMH)."
1138,Ankara_3center_MMUD_PTCy_vs_MRD,"Multicenter retrospective cohort across three hematopoietic stem cell transplantation centers in Ankara, Turkey (Gulhane Education and Research Hospital; Ankara Memorial Hospital; Bayindir Sogutozu Hospital) of 90 adult patients (>=18 yrs) with hematologic malignancies (AML 53.4%, ALL ~26.7%, MDS ~12.2%, lymphoma ~7.8%) transplanted between 2016 and 2022. Two arms with 45 patients each: (1) PTCy arm = 9/10 HLA single-antigen mismatched unrelated donor (MMUD) ASCT after myeloablative conditioning (Flu/TBI 800-1200 cGy or Cy/TBI), with GVHD prophylaxis = PTCy 50 mg/kg D+3 and D+4 + methotrexate 15 mg/m2 D+1 then 10 mg/m2 D+3 and D+6 + tacrolimus (5-15 ng/mL) or cyclosporine A 3 mg/kg/day from D+5; (2) Control arm = matched related donor (MRD) ASCT after MAC with conventional CsA-based prophylaxis from D-1 to D+90-180 + methotrexate D+1/+3/+6/+11. ATG, ex vivo TCD, in vivo TCD excluded. Predominantly PBSC graft (88.9% PTCy, 93.4% control). Levofloxacin, valacyclovir, fluconazole, and TMP-SMX given for prophylaxis. CMV PCR and galactomannan twice weekly to D+30 then weekly. Possible duplicate of study 349 (same PDF).",multicenter_collaboration,2016,2022,90,348,,"Studies 348 and 349 appear to reference the same Sayin 2024 Mediterr J Hematol Infect Dis paper (identical PDF file size, identical Paperpile filename minus initial 'S'). Consolidator should reconcile as duplicate."
1139,SBTMO_CIBMTR_Brazil_acute_leukemia,"Multicenter retrospective registry cohort of 595 Brazilian adult and pediatric patients (n=595) undergoing first allogeneic HCT for acute leukemia (AML or ALL) in Brazil between January 1, 2014 and December 31, 2018, reported to the CIBMTR through the Brazilian Society for Bone Marrow Transplantation and Cellular Therapy (SBTMO)/CIBMTR collaboration (the Brazilian HCT Registry framework). Three donor arms: MSD n=338 (57%; 248 CR1 + 90 CR2+), Haplo with PTCy n=116 (19%; 60 CR1 + 56 CR2+), and 8/8 MUD n=141 (24%; 79 CR1 + 62 CR2+). ATG predominantly used in MUD (>92%) and not in Haplo (PTCy-based). Acute GVHD data largely unavailable and not analyzed. Authors include Brazilian centers (Hospital Samaritano, Albert Einstein, Hospital Amaral Carvalho, Hospital Sirio-Libanes, UFPR, INCA, Bio Sana's, UFRGS, Beneficencia Portuguesa, UFC, UFRN, Hospital DF Star, HPM-MG, Oncoclinicas, Centro Hemato SC, A.C. Camargo, UNICAMP, AMEO-SP) and CIBMTR (MCW, Duke, Fred Hutch).",national_registry,2014,2018,595,352,,"Likely shares patients with several single-center Brazilian publications (e.g., Kerbauy 2021 Transplant Infect Dis from Albert Einstein, cohort 1076 AlbertEinstein_SaoPaulo_Kerbauy_haplo_UD; Arcuri 2021 systematic review) for overlapping institutions/time windows. The SBTMO-CIBMTR registry construct is a federated registry; this study covers only acute leukemias 2014-2018 in CR/CRi at HCT."
1140,Salerno_Avellino_PTCy_ATG,"Two-center retrospective real-life observational cohort of 40 consecutive adult patients with hematological malignancies (AML 67.5%, ALL 22.5%, MM 7.5%, other 2.5%) who underwent haploidentical (n=38) or matched unrelated donor (MUD, n=2) allogeneic HSCT at the Hematology Units of University Hospital San Giovanni di Dio e Ruggi d'Aragona (Salerno) and Hospital S. Giuseppe Moscati (Avellino), Italy, between 2009 and 2021. Stratified by GVHD prophylaxis: PTCY (n=24; cyclophosphamide 50 mg/kg D+3 and D+4 + CSA + MMF) vs ATG (n=16; cumulative ATG 7.5-10 mg/kg pre-stem cell infusion + MTX + CSA or tacrolimus). All in hematological complete remission at transplant. Two MUD HSCTs were in PTCy arm. Conditioning predominantly TBF (PTCy 92%) or BU-FLU (ATG 56%).",multicenter_collaboration,2009,2021,40,353,,No known overlap with existing cohorts. Italian two-center retrospective (Salerno + Avellino).
1141,NasserInstitute_Cairo_AML_MSD_PBSC,"Single-center observational cohort (prospective from 1 Jan 2019; retrospective before) of adult AML patients (age 18-60) in CR or nadir undergoing HLA 10/10 fully matched donor (not necessarily sibling) allogeneic peripheral blood stem cell transplantation at the Nasser Institute Hospital for Research and Treatment, Cairo, Egypt, between 4 April 2015 and 1 April 2021. Two arms based on GVHD prophylaxis platform: PT-CY/CSA (n=89, PT-CY 50 mg/kg/day IV D+3 and D+4 total 100 mg/kg [76.4%] or 80 mg/kg [23.6%] + CSA 3 mg/kg IV q12h from D+5; protocol introduced at center on 8 Sept 2017) vs MTX/CSA historical/concurrent control (n=90; MTX 15 mg/m2 D+1, 10 mg/m2 D+3,+6,+11 + CSA 3 mg/kg IV q12h from D-1). All patients received PBSC. No ATG used in either arm. Conditioning: PT-CY arm 100% Flu/Bu (Flu 160 mg/m2 + Bu 16 mg/kg); MTX arm 18.9% Flu(120 mg/m2)/Bu(16 mg/kg), 73.3% Bu(16 mg/kg)/Cy(120 mg/kg), 7.8% Bu(16 mg/kg)/Cy(200 mg/kg). Median age PT-CY 34 yr vs MTX 29 yr (p<0.001). G-CSF mobilized PBSC graft for all patients. 1-year follow-up.",single_center,2015,2021,179,357,,New single-center Egyptian cohort; no prior overlap detected with existing cohorts 1001-1122.
1142,JSCT_ATG15_PTCY19_phase2_PBSCT,"Comparative analysis of two Japan Study Group for Cell Therapy and Transplantation (JSCT) multicenter single-arm prospective phase II studies in PBSCT. JSCT-ATG15 (jRCTs011180012, enrolled Jan 2016-Oct 2018) administered low-dose rabbit ATG/thymoglobulin total 2 mg/kg (1 mg/kg/d D-2,-1) + calcineurin inhibitor (CsA or tacrolimus) + short-term MTX after MAC for HLA-matched PBSCT (n=67). JSCT-PTCY19 (jRCTs011190009, enrolled Mar 2020-Jul 2021) administered cyclophosphamide 50 mg/kg D+3,+4 + tacrolimus + MMF after MAC or RIC for HLA-matched or 1-2 allele mismatched PBSCT (n=41). Adults with AML, ALL, MDS, or malignant lymphoma. Multicenter contributing institutions include Hokkaido University Hospital, Sapporo Hokuyu Hospital, Osaka International Cancer Institute, Nagaoka Red Cross Hospital, Kyushu University Hospital, Hamanomachi Hospital, Gifu Municipal Hospital, Osaka University Hospital, and Karatsu Higashimatsuura Medical Center. Primary endpoint of comparative analysis: 2-year GRFS.",multicenter_collaboration,2016,2021,108,358,,JSCT-ATG15 phase II results previously reported (Shiratori et al. Bone Marrow Transpl 2021;56:129-136). JSCT-PTCY19 phase II results previously reported (Sugita et al. Bone Marrow Transpl 2024;59:344-349). Current Shiratori 2025 Scientific Reports paper is the formal head-to-head comparative analysis of the two non-overlapping prospective cohorts.
1143,NCI_Cairo_Nasser_MRD_PBSCT,"Two-center comparative cohort of 150 adult patients (age 18-60 yrs) with advanced hematologic malignancies in CR1/CR2 undergoing PBSCT from HLA-matched related donor (MRD) at the National Cancer Institute (NCI) Cairo University and Nasser Institute, Cairo, Egypt. Therapeutic group (n=75, transplanted prospectively December 2017-June 2019) received PTCy 50 mg/kg D+3,+4 + cyclosporine-A (CsA, target trough 200-400 mcg/L, tapered from D+90) after intravenous fludarabine 40 mg/m2 + oral busulfan 16 mg/kg total dose D-5 to D-2 conditioning, with no G-CSF support. Historical control group (n=75, transplanted September 2015-August 2019) received methotrexate (15 mg/m2 D+1, 10 mg/m2 D+3,+6,+11) + CsA (same target/taper) with three MAC regimens: BuCy 64%, BuFlu 24%, TBI/Cy 12%. Two patients in the PTCy arm had a single-antigen mismatched related donor; remainder fully MRD. PBSC only graft source in both arms. Diseases: AML predominant (70.7% PTCy, 57.3% MTX), CML, MDS, ALL, others. Median age 34 PTCy vs 28 MTX (P=.017). Median follow-up 12.5 mo PTCy vs 19 mo MTX.",multicenter_collaboration,2015,2019,150,359,,No known overlap with other cohorts in this MA. Egyptian single-country two-center collaboration (NCI Cairo + Nasser Institute).
1144,Basel_USB_9of10_MMUD,"Single-center retrospective cohort, University Hospital Basel, 80 adults receiving 9/10 MMUD allogeneic HCT for hematologic disorders, 2010-2018; 22 received reduced-dose PTCy (40 mg/kg x 2)+CyA+MMF (2016-2018), 58 received ATG (Grafalon)+CyA+MTX/MMF (2010-2017).",single_center,2010,2018,80,363,,Control ATG group overlaps with Binkert 2015 (ref 17) lower-dose ATG cohort from same center; PTCy arm is novel.
1145,MDACC_5center_haplo_PTCy_ALL,Multicenter retrospective cohort of 109 consecutive adult (>=18 yr) ALL patients receiving haploidentical HSCT with PTCy-based GVHD prophylaxis at 5 centers (MD Anderson Cancer Center Houston; City of Hope Duarte; Washington University St. Louis; Northside Hospital Atlanta; Instituto de Cancerologia Medellin Colombia),multicenter_collaboration,2005,2015,109,364,,"Centers overlap with several existing cohorts (MDACC, City of Hope, Northside Atlanta, Wash U) but this is a unique disease-specific multicenter ALL cohort; no overlap declared with existing cohort_ids in map"
1146,CBMTRG_Chinese_registry_MAC_haplo,"Chinese Bone Marrow Transplantation Registry Group (CBMTRG) multicenter registry of patients with hematologic malignancies undergoing myeloablative haploidentical HSCT, comparing G-CSF/ATG (Beijing Protocol) and PTCy (Baltimore Protocol) GVHD prophylaxis platforms. Nested case-pair 1:4 matching.",national_registry,2013,2018,220,371,,"CBMTRG registry; participating centers include Peking University People's Hospital, Xiangya Hospital, PLA Army General Hospital, Nanfang Hospital, First Affiliated Hospital of Soochow University. New cohort; not in existing 7 cohorts or 9 known clusters. Distinct from Beijing Protocol single-center series."
1147,GITMO_Italian_6center_BNHL_alloHSCT,"Italian multicenter retrospective collaborative study of 285 allo-HSCT procedures in 281 R/R B-cell NHL patients (indolent, aggressive, mantle-cell) from six Italian transplant centers, with data shared in the GITMO/EBMT registry.",multicenter_collaboration,2000,2020,281,374,,"Possible partial overlap with EBMT_ALWP (cohort 1024) and GITMO datasets given centers report to GITMO/EBMT registries; centers: INT Milan, S. Martino Genova, Tor Vergata Rome, Papa Giovanni XXIII Bergamo, IEO Milan, Policlinico Gemelli Rome."
1148,LMU_Munich_haplo_virus_2015,"LMU Munich-Grosshadern single-center retrospective comparison of two HLA-haploidentical HSCT approaches (cTCR/TCD with ATG 2006-2007 vs TCR/PTCY 2009-2011), focused on virus infection and immune reconstitution outcomes",single_center,2006,2011,55,375,,Distinct from LMU_Munich_Augsburg_hrAML_sequential (cohort 1045) and LMU_Munich_NHL_matched_pair (cohort 1062); this is the LMU-Grosshadern haplo virus infection cohort 2006-2011
1149,FHCRC_Seattle_HLAmatched_PBSC_preLET,"CMV-seropositive patients undergoing first HLA-matched unrelated or HLA-identical sibling donor PBSC transplantation for hematologic malignancies with calcineurin inhibitor-based GVHD prophylaxis (PTCy, MMF, or MTX) at Fred Hutchinson Cancer Center; pre-letermovir era",single_center,2007,2018,780,379,,"FHCRC Seattle HLA-matched PBSC cohort, July 2007-Sept 2018; letermovir prophylaxis implemented Oct 2018 (excluded). Possible overlap with other FHCRC cohorts but distinct period and population focus."
1150,FHCRC_Seattle_SIR_CSP_PTCy_RCT_NCT03246906,"Fred Hutchinson Cancer Center single-center randomized phase II trial (NCT03246906) of HLA-matched (10/10) or mismatched (9/10) unrelated donor mobilized blood HCT in adults with hematologic malignancies ineligible for myeloablative conditioning; randomized 1:1 to SIR/CSP/PTCy vs SIR/CSP/MMF; 145 patients in primary analysis (PTCy n=72, non-PTCy n=73).",single_center,2017,2024,145,380,,Single-center phase II RCT at Fred Hutch; distinct from FHCC_Seattle_letermovir_era_HHV6 (cohort 1072) and FredHutch_lateCMV_PET_LET (cohort 1130) which are observational FHCRC cohorts. NCT03246906.
1151,PGIMER_Chandigarh_relapsed_HL,"Single-center retrospective case series of 5 patients with chemotherapy-sensitive relapsed Hodgkin lymphoma after auto-HSCT who underwent allo-HSCT at PGIMER Chandigarh, January 2017 to December 2023. Heterogeneous donor types (haplo n=3, MUD n=1, MSD n=1) and conditioning (RIC, RTC, MAC); PT-Cy used in 4/5.",single_center,2017,2023,5,386,,Single-center series from PGIMER Chandigarh; no known overlap with other cohorts in this MA.
1152,Ningbo_People_haplo_PTCy_vs_BUCYATG,"Single-center retrospective Chinese study of haploidentical HSCT comparing Flu+BUCY+PTCy vs BUCY+ATG conditioning/GVHD prophylaxis at Affiliated People's Hospital of Ningbo University, 2014-2020",single_center,2014,2020,81,389,,Single-center cohort; no known overlap with other studies in this MA
1153,PekingU_Soochow_Nanfang_MD_CRD_haplo_ATG_PTCy,"Chinese 3-center prospective trial (Peking University People's Hospital, First Affiliated Hospital of Soochow University, Nanfang Hospital Southern Medical University) of haplo-HCT recipients receiving Beijing protocol MAC + ATG/G-CSF from maternal donors (MD) or collateral relative donors (CRD); ATG-PTCy cohort received added low-dose PTCy 14.5 mg/kg on d+3 and d+4; contemporary control received Beijing ATG only without PTCy. Trial registered NCT02412423.",multicenter_collaboration,2015,2018,239,390,,40 patients in the ATG-PTCy arm were previously reported in Wang Y et al. Oncoimmunology 2017 (ref 18); further followed in this larger extended trial. Distinct from CBMTR-Peking_Beijing_protocol cohorts as patients here are exclusively from MD or CRD donors.
1154,Guangzhou_FPH_SAA_mPTCy_vs_GCSF_ATG,"Single-center cohort of SAA patients undergoing alternative donor HSCT (HID or URD) at Guangzhou First People's Hospital. Prospective mPTCy cohort (ChiCTR2000038297, n=101, plus 1-year extension n=56) combined with historical retrospective G-CSF/ATG cohort (n=140). Total 297 AD-HSCT patients (205 HID, 92 URD).",single_center,2012,2023,297,395,,"Prospective mPTCy arm previously reported in Wu 2023 (TCT, HID-HSCT, n=71) and Chen 2024 (TCT, URD-HSCT, n=30); current paper extends enrollment by 1 year and pools with historical G-CSF/ATG comparator."
1155,CBMTRG_Chinese_registry_3haplo,"Chinese Bone Marrow Transplantation Registry Group (CBMTRG) multicenter retrospective registry; patients with hematologic malignancies (acute leukemia, MDS, others) undergoing first haplo-HSCT between January 2020 and December 2022; 818 patients with complete medical records enrolled for propensity score matching analysis. Compares three TCR haploidentical protocols: G-CSF/ATG (Beijing protocol), PTCy (Baltimore-based), and PTCy+ATGlow.",national_registry,2020,2022,818,396,,"Distinct from prior Beijing single-center Tang 2020 CBMTRG paper (transplants 2013-2018, only G-CSF/ATG vs PTCy). PSM creates 4 analytical groups: G-CSF/ATG group 1 (n=230) matched to PTCy (n=122); G-CSF/ATG group 2 (n=226) matched to PTCy+ATGlow (n=123). The two G-CSF/ATG matched subsets are non-independent subsamples drawn from the same source registry."
1156,PUPH_Beijing_ATGPTCy_RCT,"Open-label phase III RCT at Peking University People's Hospital comparing G-CSF/ATG-based haploidentical PBSCT with vs without low-dose PTCy (14.5 mg/kg D+3 and D+4) in non-maternal, non-collateral haplo donors (fathers/children/siblings); enrolled Nov 2023-Aug 2024, stopped for futility at 1st interim (N=66); MAC Bu-Cy regimen; acute leukemia in CR or MDS",single_center,2023,2024,66,397,,"NCT06108739; single-center RCT; distinct from CBMTRG registry cohorts (e.g., Xu ZL 2025 CBMTRG, cohort 1034 etc.) — this is a prospective RCT at PUPH only"
1157,JSTCT_TRUMP_AML_CR1_UCBT_vs_haploPTCy,Japanese registry cohort of adults (>=16y) with AML (excluding APL) in CR1 receiving single-unit UCBT or PTCY-based haplo-HCT between 2017 and 2021. Data from Transplant Registry Unified Management Program (TRUMP) managed by JDCHCT and JSTCT.,JSHCT,2017,2021,1089,399,NR,"Japanese TRUMP/JDCHCT registry cohort. Likely partial overlap with other JSTCT TRUMP-based studies (e.g., cohort 1064 JDCHCT_TRUMP2_UCBT_vs_PTCyHaplo, 1070 JSTCT_TRUMP_ALL_PTCyHaplo_UCB, 1103 JSTCT_TRUMP_AML_PBSCT_PTCyHaplo_vs_MUD, 1108 JSTCT_TRUMP_AML_ALL_MDS_CML_haploDonorAge, 1109 JSTCT_TRUMP2_MDS_haploPTCy_vs_MUD, 1113 JSTCT_TRUMP2_NHL_PTCyHaplo_uCBT) but this is a distinct AML-CR1-restricted cohort with overlap_subset_of TRUMP registry."
1158,Guangzhou_First_PH_SAA_mPTCy_vs_GCSFATG,"Single-center SAA AD-HSCT cohort at Guangzhou First People's Hospital combining prospective mPTCy patients (ChiCTR2000038297, n=101 + 56 extension) with retrospective G-CSF/ATG historical control (n=140); 297 patients receiving HID-HSCT (n=205) or URD-HSCT (n=92).",single_center,2012,2023,297,401,,"mPTCy patients overlap with prior single-arm prospective reports (Wu 2023, Chen 2024). G-CSF/ATG retrospective cohort partially overlaps with Zhang 2019 single-center retrospective if same institution timeframe. No direct overlap with EBMT/CIBMTR cohorts."
1159,PeterMacCallum_RMH_Melbourne_alloHCT_2015_2019,"Single-center retrospective cohort of 430 adult (>=16 yrs) first alloHCT recipients at Peter MacCallum Cancer Centre / Royal Melbourne Hospital 2015-2019, evaluating incidence and outcomes of multiple viral infections in the first 12 months post-alloHCT. Mixed donor types (52% MUD, 38% related, 10% haploidentical with PTCy). PTCy used only in the haploidentical subgroup (n=44, 10%).",single_center,2015,2019,430,405,,"Single-center Australian cohort; potential overlap with prior PeterMac/RMH viral infection publications (e.g., Lindsay 2021 EBV/ATG, Sim 2022 review by same group). PTCy subset (n=44 haplo) is a minority of cohort; outcomes not separately stratified for PTCy arm."
1160,JSTCT_TRUMP_ATLL_Yoshimitsu,"Japanese nationwide TRUMP (Transplant Registry Unified Management Program) registry of 700 adult patients with adult T-cell leukaemia/lymphoma (ATLL) who underwent first allo-HCT from HLA-matched related donor (MRD), HLA 8/8 matched unrelated donor (MUD), cord blood (CBT), or HLA-haploidentical-related donor with PTCY GVHD prophylaxis between 2016 and 2021. ATL Working Group of JSTCT.",JSHCT,2016,2021,700,407,,"TRUMP-based ATLL-specific cohort; disease-specific subset distinct from other JSTCT TRUMP cohorts (1064 UCBT, 1070 ALL, 1103 AML, 1108 AML/ALL/MDS/CML, 1109 MDS, 1113 NHL). No prior PTCY MA cohort covers this ATLL subset."
1161,Pavlov_StPetersburg_URD_PTCy_vs_ATG,"Pavlov First St. Petersburg State Medical University (Gorbacheva Institute) prospective clinical study NCT02294552 of PTCy + tacrolimus + MMF vs historical ATG-based control after unrelated donor allo-HSCT with PBSC graft. Adult patients (18-62 yr) with acute leukemias, CML, MDS. PTCy arm 2013-2015 (n=110); ATG historical control March 2010 - Aug 2013 (n=160).",single_center,2010,2015,270,410,,Distinct from cohort 1007 (Pavlov RCT in MPN/MDS) and cohort 1099 (Pavlov MRD-BMT). This is the unrelated-donor PBSC PTCy-vs-ATG comparison from the same Pavlov/Gorbacheva center. NCT02294552.
1162,SaintAntoine_Paris_Mohty_cardiac,"Single-center retrospective cohort of all consecutive patients >=15 years undergoing allo-HSCT for hematologic malignancy from January 2013 to June 2018 at Saint Antoine Hospital, AP-HP, Paris, France. UCB recipients excluded. Total 331 patients (136 PT-Cy, 195 no PT-Cy). All received systematic cardiac monitoring (TTE + ECG pre-conditioning and at D90).",single_center,2013,2018,331,417,,"Single-center Saint-Antoine Hospital Paris (Mohty group). Possible overlap with other Saint-Antoine/Mohty publications including Picod 2018 (defibrotide VOD prophylaxis), Dulery 2018 BBMT (sequential thiotepa), Dulery 2019 BBMT (thiotepa-busulfan-fludarabine haplo), and Dulery 2023 (reduced PTCy + ATG in haplo PBSC). Block 9 also includes Dulery 2023 PDF (file: 'Duléry et al. 2023 - Reduced post-transplant cyclophosphamide dose with ... globulin in peripheral blood stem cell haploidentical transplantation.pdf') which likely shares some of these patients. Consolidator to reconcile."
1163,SaintAntoine_Paris_haplo_PBSC_thiotepa_ATG_PTCy_doseComp,"Single-center Saint-Antoine Hospital (Sorbonne University, AP-HP, Paris) retrospective cohort of consecutive patients age >=65 years OR with a history of a cardiac event, undergoing haploidentical PBSC HCT with thiotepa-based conditioning (RIC: thiotepa-busulfan-fludarabine, or sequential Flamsa-like thiotepa-etoposide-cyclophosphamide+fludarabine-busulfan), low-dose ATG (2.5 mg/kg RIC or 5 mg/kg sequential), CSA+MMF+PT-Cy. Comparison of standard PT-Cy 100 mg/kg total (2014-2019, all PBSC haplo) vs reduced PT-Cy 70 mg/kg total (since 2020, in age>=65 or prior cardiac event).",single_center,2014,2022,58,418,,"Saint-Antoine Paris (Mohty/Duléry/Brissot/Malard group) is a high-volume French haploidentical PTCy center; possible patient overlap with other Saint-Antoine publications (Mohty R 2019 BJH infectious complications post-PTCy ref 19, Duléry R 2021 JACC CardioOncol early cardiac toxicity ref 16, Duléry 2018 BBMT sequential thiotepa ref 8, Duléry 2019 BBMT TBF ref 26, Stocker 2020 Clin Transl Immunol ref 14, Ruggeri 2015 Transpl Infect Dis ref 18). Distinct from Duléry R 2023 BMT 58:386-92 (ref 32; cited herein) which is a Marseille IPC cohort (Duléry visiting/collaborator) comparing PT-Cy 80 mg/kg vs 100 mg/kg in haploidentical HCT - different center, different dose contrast. Consolidator should adjudicate whether any subset patients from this Saint-Antoine 100 mg/kg arm (2014-2019) were already counted in other Saint-Antoine-led publications already extracted."
1164,UMinnesota_MAC_PTCy_vs_CSAMTX,"Single-center University of Minnesota cohort combining prospective phase II PTCy/Tac/MMF trial (NCT03314974, 2018-2022, n=125) with historical CSA/MTX phase II trial (NCT00176930, 2005-2018, n=344) in MAC HCT for 8/8 or 7/8 matched MRD/URD with BM or PBSC grafts; pediatric and adult patients up to age 60 (PTCy) or 55 (CSA/MTX) with hematologic malignancies",single_center,2005,2022,469,419,NR,"Possible patient overlap with other University of Minnesota PTCy or MAC HCT publications by Holtan/Weisdorf/MacMillan groups. PTCy cohort N=125 from NCT03314974 (2018-2022), historical CSA/MTX cohort N=344 from NCT00176930 (2005-2018). Some patients in CSA/MTX historical cohort may overlap with prior Minnesota MAC HCT publications. medRxiv preprint not yet peer-reviewed at time of extraction."
1165,SantPau_Barcelona_Esquirol_RIC_20yr,"Single-center, all consecutive adult RIC alloHSCT recipients (HLA-identical sibling or 10/10 or 9/10 matched unrelated donor) at Hospital de la Santa Creu i Sant Pau (Barcelona) from 1999 to 2020 (N=484). Conditioning fludarabine-melphalan (lymphoid) or fludarabine-busulfan (myeloid); low-dose thiotepa added when PTCy was used. Three sequential GVHD prophylaxis cohorts: CsA-MTX/MMF (1999-2008, n=271), Tac-Siro (2009-2016, n=145), PTCy-Tac (2016-2020, n=68). Excludes haploSCT, UCBT, aplastic anemia and non-hematological malignancies.",single_center,1999,2020,484,421,NR,"Same institution as cohort 1048 (Esquirol 2020 study_id 133, Sant Pau UCBT vs Haplo PBSC) but distinct patient population: this paper excludes haploSCT and UCBT and includes only HLA-identical sibling and matched/9-10 mismatched unrelated donors. Possible partial patient overlap at center level with cohort 1049 (Esquirol 2021 GETH haplo PTCy) only if any patients dual-enrolled - unlikely as donor strata differ. Same Sant Pau institution; cohort_id to be confirmed by consolidator."
1166,MDACC_NCT01010217_PTCy_HAPLO_9_10_MUD_PhaseII,"Prospective non-randomized phase 2 clinical trial with two parallel arms (haploidentical and 9/10 MUD) at MD Anderson Cancer Center using melphalan-based RIC (FM140 or FM100) with PTCy/tacrolimus/MMF GVHD prophylaxis. Total N=106 (HAPLO=60, 9/10 MUD=46). NCT01010217.",single_center,2010,2014,106,422,NR,"NCT01010217 parent trial. The 9/10 MUD arm (n=46) is the PTCy arm subset reported separately in Mehta RS 2016 (study_id 242, cohort 1089 MDACC_Mehta_MMUD_PTCy_vs_conventional) which compared 36-41 PTCy MMUD patients vs conventional controls. Gaballa 2016 is the parent index publication reporting both HAPLO and 9/10 MUD arms together. Distinct from cohort 1014 (Alousi 2015 NCT00800839 RIC Bu/Flu MUD/MRD, 2008-2011) and from cohort 1090/1091 (Mehta MDACC 2015-2020 era cohorts). Cohort_overlap_status with study 242 = overlap_superset_of (Gaballa contains the 9/10 MUD subset that Mehta 2016 reports)."
1167,NCI_NIH_Hyder_PTCy_dose_phase12,"Single-institutional NCI/NIH prospective phase 1/2 trial of reduced-dose PTCy after myeloablative busulfan/fludarabine conditioning and HLA-haploidentical bone marrow HCT, using PTCy + sirolimus + MMF. Three PTCy dose levels tested: DL1 (HD-PTCy 50 mg/kg days +3/+4, pilot, n=5), DL2 (ID-PTCy 25 mg/kg days +3/+4, phase 2, n=23), DL3 (25 mg/kg day +4 only, n=7). NCT03983850.",single_center,2019,2022,35,425,NR,"Single NCI/NIH trial NCT03983850. Reference 42 (McCurdy SR et al. 2024 TCT abstract) describes a related but distinct two-institutional reduced-intensity trial (NCT04959175 / NCT05436418) that overlaps in personnel but enrolls different patients. Reference 41 (Kanakry CG 2014 JCO) is the multi-institutional myeloablative single-agent PTCy trial, distinct cohort."
1168,SantPau_Barcelona_PTCy_alloSCT_allDonors,"117 consecutive adults receiving first PTCy-based alloSCT at Hospital de la Santa Creu i Sant Pau, Barcelona; HaploSCT (n=40), MRD (n=22), 10/10 VUD (n=23), 9/10 MMUD (n=32). PTCy + tacrolimus (or sirolimus) GVHD prophylaxis. MAC TBF (haplo) or low-dose thiotepa + Flu-Bu or Flu-Mel RIC (non-haplo).",single_center,2013,2020,117,426,,"Hospital de la Santa Creu i Sant Pau, Barcelona institutional PTCy cohort. Partial overlap with cohort 1048 (Esquirol UCBT/Haplo 2005-2017, haplo subset shared 2013-2017), cohort 1049 (GETH Esquirol haplo PTCy 2013-2018, Sant Pau center is one of 6 GETH centers), cohort 1126 (SantPau Redondo TBI MAC AL/MDS 2009-2021, matched/MMUD AL/MDS subset shared), cohort 1127 (SantPau Redondo HLA-matched 2012-2022, MRD/VUD/MMUD subset shared 2013-2020). Reference 19 (Garcia-Cadenas BMT 2020) is precursor publication of same Sant Pau non-haplo PTCy series. Reference 15 (Esquirol Ann Hematol 2020) is precursor of Sant Pau Haplo PTCy series."
1169,AlbertEinstein_SaoPaulo_Kerbauy_UD_PTCy_ATG_prospective,"Single-center prospective cohort of consecutive patients undergoing first allogeneic HSCT from unrelated donors at Hospital Israelita Albert Einstein, Sao Paulo, Brazil, receiving either ATG or PTCy immunosuppression. Choice of strategy based on allocation in concurrent RCT (NCT03818334) or clinical team decision. Excluded if both patient and donor CMV serology were negative.",single_center,2019,2021,36,430,,"Same institution as cohort 1076 (AlbertEinstein_SaoPaulo_Kerbauy_haplo_UD, primary study 201 Kerbauy 2021 DNA virus infections) but distinct patient population: 1076 enrolled 2010-2018 and included haplo+UD; this cohort enrolled 2019-2021 and is UD-only. Same lead author (M.N. Kerbauy) and same Hamerschlak group. Possible partial overlap with NCT03818334 trial cohort (concurrent RCT at same institution). Consolidator may opt to merge into cohort 1076 if reviewing as institutional cohort."
1170,SNUH_Seoul_haplo_ATG_PTCy,"Single-center retrospective cohort of adults (>=18yr) with acute leukemia (AML, ALL, MPAL) or MDS who underwent haploidentical PBSC HSCT with identical busulfan/fludarabine conditioning at Seoul National University Hospital, comparing dual T-cell depletion (individually tailored ATG by day -3 ALC + attenuated PTCy 80 mg/kg) versus ATG (7.5 mg/kg) alone for GVHD prophylaxis.",single_center,2017,2023,78,431,,"Seoul National University Hospital (SNUH), Seoul, South Korea. Distinct from CatholicKorea_SeoulStMary_ALL_HIDT (cohort 1012, Ahn J 2025) - different Korean institution. Possible patient overlap with Woo G-U et al. 2020 Biol Blood Marrow Transplant (ref 18, same group, matched related ATG dosing study) but different donor stratum (haplo vs matched related)."
1171,UCSD_PTCyAba_RCT,Single-center phase 2 randomized open-label trial at University of California San Diego comparing PTCy + Abatacept (no CNI) vs methotrexate/tacrolimus SOC for GVHD prophylaxis in patients undergoing 8/8 matched related or unrelated PBSC allo-HSCT for hematologic malignancies. Trial amended in Dec 2021 after FDA approved Abatacept; only PTCy+Aba arm enrolled thereafter. NCT03680092.,single_center,2020,2022,40,432,,Single-center UCSD prospective RCT. No known overlap with other PTCy MA cohorts. Note: lead author Koura previously published Koura DT et al. 2013 BBMT first-in-disease Aba trial (ref 5) - separate Emory trial cohort; D.K. is now at UCSD.
1172,Attikon_Athens_MMUD_lowdose_PTCy,"Single-center prospective study at Attikon General University Hospital, Athens, Greece, of 9/10 HLA-MMUD PBSC transplants. Study group (n=63) received low-dose PTCy (15 or 25 mg/kg on d+3,+4) + low-dose alemtuzumab (5 mg d-2,-1) + CsA between 2019 and 2024. Historical control (n=31) received alemtuzumab 10 mg d-2,-1 + CsA + MMF between 2015 and 2019.",single_center,2015,2024,94,433,,First publication for this Attikon Athens single-center MMUD PBSCT cohort with low-dose PTCy + low-dose alemtuzumab. No known overlap with other extracted cohorts.
1173,Nantes_PBSC_haplo_PTCy_PTCyATG,"Retrospective single-center series of 58 consecutive adults receiving RIC PBSC haploidentical HSCT at Nantes University Hospital with PTCY+CsA+MMF (n=32, 08/2014-05/2017) or PTCY+ATG (n=26, 05/2017-03/2019) GVHD prophylaxis. Focus on early T and NK cell immune reconstitution and outcomes.",single_center,2014,2019,58,436,NR,"PTCY group (n=32) overlaps with the cohort reported by Willem et al. 2019 J Immunol 202:2141-2152 (ref 8), which described 30 of these PTCy patients for KIR/HLA NK cell reconstitution analysis. The PTCy patient outcomes are updated here. Also overlaps with Retiere et al. 2018 Oncotarget (ref 7) describing PTCy vs ATG immune reconstitution at Nantes. No overlap with other identified cohorts in the cohort map. New cohort: consolidator to assign final integer cohort_id >= 1162."
1174,Erciyes_Kayseri_haplo_PTCy_vs_ATGPTCy,"Single-center retrospective cohort of 33 adult patients undergoing haploidentical HSCT at Erciyes University Faculty of Medicine, Kayseri, Türkiye (Jan 2015 - Jan 2024); compared PTCy-only (n=16) vs low-dose ATG/PTCy (n=17) for GVHD prophylaxis.",single_center,2015,2024,33,437,,"No known overlap with other PTCy MA cohorts. Single-center Erciyes University BMT Center, Kayseri, Türkiye. Other Turkish single-center cohorts in the corpus (Hacettepe Malkan 231; Kara/Elibol 198; Kahraman/Ozdemir 192) are at different institutions."
1175,OsakaCityUniv_Nakamae_prospective_immune_recon,"Single-center prospective observational study at Osaka City University Hospital comparing immune reconstitution after 4 graft types: HLA-matched related (MRD), HLA-matched unrelated (MUD), cord blood (CBT), and HLA-haploidentical PBSCT with reduced-dose PTCy (25 mg/kg x 2). 110 adult patients with hematological disease analyzed.",single_center,2013,2016,110,442,,"Single-center Osaka City University Hospital cohort. Distinct from JSTCT/TRUMP national registry cohorts (1064, 1070, 1103, 1108, 1109, 1113, 1131, 1137) which are JDCHCT/JSHCT national registry studies. The Nakamae group has a prior pilot Nakamae 2015 Exp Hematol publication (ref 13 in the paper) on the reduced-dose PTCy 25 mg/kg x 2 protocol; the PTCy-haplo arm here may partially overlap with that earlier pilot cohort (some patients enrolled 2013 onwards). Consolidator to verify any overlap with other Osaka City University publications."
1176,GITMO_PHYLOS_MMUD_PTCy,"GITMO multicenter, prospective, phase 2, single-arm, open-label study (PHYLOS trial, NCT03270748, EURODRACT 2017-003530-85) evaluating PTCy-based GVHD prophylaxis (PTCy + CSA/Tac + MMF) after MAC (Bu4Flu) for HSCT from 7/8 mismatched unrelated donors in patients with AML (CR1/CR2) or MDS. 77 evaluable patients enrolled across 26 Italian transplant centers between Jan 2020 and Nov 2022.",multicenter_collaboration,2020,2022,77,445,,"PHYLOS trial GITMO multicenter prospective phase 2; 26 Italian centers including San Martino Genova, Torino, Avellino, Bolzano, Milan (Fatebenefratelli-Sacco, Ca' Granda), Udine, Tricase, Rome Gemelli, Reggio Calabria, Foggia, Brescia, Pavia, Monza, Cuneo, Vicenza, Alessandria, Modena, Bergamo, Ancona, Cagliari, Bologna. Possible partial overlap with EBMT registry datasets (cohorts 1024 EBMT_ALWP, 1035 EBMT_CMWP_UD_MDS) since participating Italian centers report to EBMT, but PHYLOS is a discrete protocol-enrolled prospective cohort and not an EBMT registry analysis. Possible partial Genova San Martino contribution shared institutionally with the Raiola/Bacigalupo Genova haplo-PTCy program referenced in cohorts 1071 (Metafuni 2018) and others, but PHYLOS patients are MMUD (not haplo) and enrolled to a specific trial. Single Italian centers may also contribute to CYTOALLO_GITMO_AMCLI (cohort 1058, 2021-2022 CMV survey) for patients transplanted during the overlapping window but cohort 1058 is broader (1310 patients all donor types) and includes screening overlap only; PHYLOS is a discrete trial population. Consolidator to verify if any patients are counted in EBMT MMUD analyses (Battipaglia 2019, Penack 2024)."
1177,PennState_Hershey_intermediate_dose_PTCy,"Penn State Cancer Institute (Hershey, PA) consecutive case series of 11 patients receiving intermediate-dose PTCy (25-30 mg/kg/day on Days 3 and 4) for GVHD prophylaxis between February 2023 and November 2024, with historical comparator cohort of 57 patients receiving standard-dose PTCy (50 mg/kg/day Days 3 and 4) from prior published study (Cioccio et al. 2023).",single_center,2023,2024,68,454,NR,"Standard-dose PTCy historical cohort (n=57) derived from Cioccio J et al. 2023 Ann Hematol (ref [4] in this paper), which represents Penn State PTCy cohort with RIC and post-transplant cyclophosphamide. Possible overlap with Zulch E et al. 2024 Leuk Res (ref [5] same group, splenomegaly/GF/PGF analysis). Consolidator to verify whether Cioccio 2023 is already represented in the corpus."
1178,Ruijin_Shanghai_PTCy_lymphoid_phaseII,"Single-center prospective phase II trial (NCT01435447) at Ruijin Hospital, Shanghai Jiao Tong University, enrolling 31 adult patients with lymphoid malignancies (ALL or lymphomas) undergoing first allo-HSCT with PBSC graft from MSD, MUD, or haploidentical donor after Flu-Bu4 MAC conditioning, with PTCy+CsA GVHD prophylaxis. Historical comparator group of 48 lymphoid malignancy patients transplanted before January 2013 with BuCy conditioning and CsA+MTX+MMF (MSD) or CsA+MTX+MMF+ATG (MUD) standard GVHD prophylaxis. Both groups same institution.",single_center,2013,2018,79,456,,"Single-center Ruijin Hospital Shanghai cohort. No known overlap with other PTCy MA cohorts. Distinct from Shanghai General Hospital cohort (cohort 1135) which is a different institution. Historical comparator is from the same institution but earlier time period (pre-2013, no overlap)."
1179,Ruijin_Shanghai_PTCyATG_landmark,"Single-center retrospective landmark analysis at Ruijin Hospital (Shanghai Institute of Hematology), Shanghai Jiao Tong University. Patients with myeloid malignancies undergoing first allo-HSCT with MAC and PBSC grafts. PTCy-ATG group (MUD/haplo donors, Jan 2020-Dec 2021, n=77 enrolled, n=71 in D+100 landmark). Two historical controls (2015-2020): CNI group (MSD, n=48 landmark) and CNI-ATG group (MUD/haplo, n=35 landmark). NCT04269811 / NCT04897139.",single_center,2015,2021,154,457,,Related prior publications from same group: Jiang JL 2021 Front Med (MSD PTCy-tacrolimus single-arm phase II) and Gao WH 2023 Front Med (haploidentical PTCy-Tac-low dose ATG single center analysis). Historical CNI/CNI-ATG controls (2015-2020) may overlap with earlier Ruijin Hospital cohorts. Consolidator should adjudicate against any other Ruijin/Hu J/Jiang JL publications in corpus.
1180,Zhengzhou_Henan_4center_RCT_haploPBSCT,"Multicentre randomized controlled phase II trial (ChiCTR2200058591) at 4 centers in Henan Province, China (Henan Cancer Hospital/Affiliated Cancer Hospital of Zhengzhou University; Third People's Hospital of Zhengzhou; Luoyang Central Hospital Affiliated to Zhengzhou University; Xinxiang Central Hospital) comparing reduced-dose PTCy (40 mg/kg x2) + low-dose post-transplant ATG (2.5 mg/kg d+8) with FBA conditioning vs standard-dose ATG ('Beijing Protocol') in haplo-PBSCT for hematologic malignancies. 122 patients enrolled 2018-2022, randomized 1:1.",multicenter_collaboration,2018,2022,122,462,,"Distinct from cohort 1061 (Luoyang_Central_Hospital_haplo_BuCy, 2019-2024 single-arm BuCy series) although Luoyang Central is one of the four participating centers; the present RCT used FBA conditioning and enrolled 2018-2022 with 1:1 randomization. No other known overlap with corpus cohorts."
1181,Henan_3center_MUD_PBSCT_RCT,"Multicenter randomized controlled trial (ChiCTR2200056979) conducted at 3 transplant centers in Henan, China (Henan Cancer Hospital/Affiliated Cancer Hospital of Zhengzhou University; Central Hospital of Xinxiang; Third People's Hospital of Zhengzhou) enrolling patients with hematological malignancies in CR1 undergoing first 10/10 HLA-MUD PBSCT. Patients randomized 1:1 to low-dose PTCy (20 mg/kg D+3,+4) + low-dose ATG (6 mg/kg) + CsA + MMF vs standard-dose ATG (10 mg/kg) + CsA + MMF + short-course MTX.",multicenter_collaboration,2018,2021,104,464,,"New cohort; no known overlap with existing cohorts in the cohort_overlap_map. Single trial (ChiCTR2200056979), first publication."
1182,Henan_UD_PBSCT_RCT_Zu,"Prospective multicenter randomized controlled trial enrolling 160 patients with hematological malignancies undergoing UD-PBSCT at 3 institutions in Henan, China (Affiliated Cancer Hospital of Zhengzhou University/Henan Cancer Hospital, Central Hospital of Xinxiang, Third People's Hospital of Zhengzhou). Patients age 14-62 randomized 1:1 to low-dose PTCy + low-dose ATG vs quadruplet ATG-based prophylaxis. ChiCTR2200056979.",multicenter_collaboration,2019,2022,160,465,NR,"New cohort, not present in the existing 160 cohort map. Trial registered ChiCTR2200056979. No known overlap with other cohorts in the corpus."
