rob_id,study_id,reviewer,rob_tool,d1,d2,d3,d4,d5,d6,d7,overall_judgement,justification_text,assessment_date
1,2,RL,RoB2,low,low,low,some_concerns,low,NA,NA,some_concerns,"D1 (randomization process): low. Permuted blocks of random size, stratified by center and Disease Risk Index (low/int/high or very high). Allocation concealment via NHLBI-appointed processes. Baseline characteristics well balanced (Table 1). D2 (deviations from intended interventions): low. 11/431 (2.6%) did not receive intended conditioning; treatment adherence detailed in Table S5. ITT analysis pre-specified. D3 (missing outcome data): low. Only 20/431 (4.6%) had <12 mo follow-up; primary endpoint assessable for all. D4 (measurement of outcome): some concerns. Open-label (no placebo or blinding feasible for GVHD prophylaxis regimens); GVHD assessors not blinded. GVHD grading (Mount Sinai/MAGIC) and NIH 2014 criteria are standardized but outcome assessors not formally blinded. D5 (selection of reported result): low. Protocol available; primary endpoint pre-specified; ClinicalTrials.gov NCT03959241 registered. Overall: some_concerns due to lack of blinded outcome assessment.",2026-05-26
2,4,RL,ROBINS-I,moderate,moderate,low,low,moderate,moderate,low,moderate,"CIBMTR registry analysis with large sample (n=2765) and pre-specified multivariable adjustment. D1 (confounding): moderate — unmeasured confounders include center-specific prophylaxis/surveillance protocols, letermovir use (era spans 2012-2017 pre/post FDA approval Nov 2017), antifungal/antibacterial prophylaxis; reasons for haplo donor selection or PTCy in sibling transplant not captured. D2 (selection of participants): moderate — study restricted to centers reporting both HaploCy and SibCNI patients, reducing center bias but not eliminating it. D3 (classification of interventions): low — GVHD prophylaxis intervention well-defined and recorded prospectively on CIBMTR forms. D4 (deviations): low — observational; no protocol-driven intervention. D5 (missing data): moderate — substantial missing immune reconstitution data (78%), CD3+ cell dose missing in ~45%, no data on prophylaxis or preemptive thresholds. D6 (measurement of outcome): moderate — no data on viral load thresholds, diagnostic methodology, or treatment of CMV; ascertainment depends on center-reported infection forms. D7 (selection of reported result): low — pre-specified analyses with composite variables and full multivariable results reported.",2026-05-26
3,5,RL,ROBINS-I,moderate,moderate,low,moderate,low,low,moderate,moderate,"Retrospective single-center cohort, BRAIN database supplemented by chart review. D1 (confounding): MODERATE - 4 prophylaxis groups differed in age, KPS, disease, graft source, sex matching; multivariable Cox/Fine-Gray adjustment performed for survival outcomes but not for infection density. D2 (selection): MODERATE - consecutive eligible patients but exclusions for clinical trial regimens and rituximab. D3 (classification of interventions): LOW - GVHD prophylaxis regimen clearly documented. D4 (deviations from intended interventions): MODERATE - immune suppression duration differed by regimen, exact stop dates not captured (acknowledged limitation). D5 (missing data): LOW for infections (all patients); MODERATE for immune reconstitution (~50% had FCM data) - but immune reconstitution not used here. D6 (measurement of outcomes): LOW - standardized CMV PCR threshold and weekly screening through D+100; uniform infection ascertainment. D7 (selection of reported result): MODERATE - infection density a pre-specified primary endpoint; multiple time-window analyses reported but pre-specified per methods.",2026-05-26
4,6,RL,ROBINS-I,serious,serious,moderate,moderate,low,low,low,serious,"Retrospective single-center study with non-random group allocation by donor type and GvHD prophylaxis era. D1 (confounding): serious — substantial confounding by donor type (haplo/MM vs MRD vs MUD), conditioning intensity differences (e.g., MAC: 7% PTCY vs 20% MRD vs 17% MUD vs 26% MM), Karnofsky differences (p<0.05), and especially temporal/era confounding because centre practice switched from ATLG to PTCY in MM grafts over 2015-2022 — meaning PTCY patients more likely received letermovir (approved 2017) than earlier MM/ATLG patients. D2 (selection): serious — inclusion based on retrospective database with non-randomized allocation. D3 (intervention classification): moderate — GvHD prophylaxis well-defined and homogeneous within groups (ATLG-Grafalon 30 mg/kg fixed, PTCY 50 mg/kg D+3,4 fixed). D4 (deviations from intended interventions): moderate — no clear deviations described. D5 (missing data): low — single-center database appears complete; outcomes systematically extracted. D6 (measurement of outcomes): low — outcomes objective (BSI by culture, CMV by PCR threshold, GVHD per standardized criteria, OS). D7 (reporting): low — all pre-specified groups and outcomes reported with full tables. Overall: serious risk of confounding given era effects on letermovir use and antifungal practice; reasonable internal consistency otherwise.",2026-05-26
5,7,RL,ROBINS-I,serious,moderate,moderate,low,moderate,low,moderate,serious,"Non-randomized prospective trial with historical control (2010-2013 ATG) compared to prospective PTCy cohort (2013-2015). D1 (confounding): SERIOUS - historical control with secular trends, potential improvements in supportive care over 2010-2015 period; multivariate adjustment performed but residual confounding likely. D2 (selection): moderate - 86/200 trial patients selected based on diagnosis/graft source; consecutive historical controls reasonably selected. D3 (classification of intervention): moderate - intervention well-defined per arm. D4 (deviations from intended interventions): low - protocols specified. D5 (missing data): moderate - infectious complication denominators inconsistent; follow-up shorter in PTCy (12 vs 17 mo median). D6 (measurement of outcomes): low - standardized criteria (NIH, Consensus Conference, EORTC/MSG). D7 (reported result selection): moderate - multiple comparisons not adjusted (acknowledged in paper). Overall: SERIOUS risk of bias due to historical control design and uneven follow-up.",2026-05-26
6,8,RL,ROBINS-I,moderate,moderate,serious,low,moderate,low,low,serious,"Retrospective CIBMTR registry analysis. D1 (confounding): moderate -- key confounders included in multivariable models but antifungal prophylaxis and corticosteroid exposure not captured. D2 (selection): moderate -- restricted to centers reporting both HaploCy and SibCNI, but choice of donor type and GVHD prophylaxis is at center discretion (treatment-confounded selection). D3 (classification of interventions): serious -- FI diagnoses reported by site, NOT standardized by EORTC/MSG criteria; >50% of yeast FI from non-sterile sites; no central adjudication. Risk of misclassification differential across cohorts due to varying surveillance practices. D4 (deviations from intended interventions): low. D5 (missing data): moderate -- antifungal prophylaxis data missing for the entire study period (pre-2017 CIBMTR did not capture). D6 (outcome measurement): low for the registry data. D7 (selective reporting): low. Overall: serious due to non-standardized FI ascertainment and missing key confounders.",2026-05-26
7,9,RL,ROBINS-I,moderate,serious,moderate,low,low,low,low,serious,"Single-center retrospective cohort with substantial confounding by indication: PTCy was selectively used for alternative donor sources (haplo, MMUD) and increasingly in later era (2018-2021, 65% PTCy vs 25% non-PTCy), while non-PTCy arm was predominantly MSD (56.1%) and earlier era (74.6% from 2014-2017). Donor type and era differ markedly between arms (D1: moderate-serious confounding). Selection into PTCy was protocol-driven by donor type, not patient characteristics (D2: serious selection bias — institutional shift means PTCy and non-PTCy reflect different transplant strategies, not contemporaneous comparison). BSI ascertainment was via clinical chart review with explicit verbatim definition and uniform microbiology lab — low concern for measurement bias (D4-D5). Multivariable models adjust for donor type, conditioning, era, age, KPS but residual confounding by indication remains. Authors acknowledge retrospective design and lack of ATG as limitations.",2026-05-26
8,10,RL,ROBINS-I,moderate,moderate,low,low,low,low,low,moderate,"Retrospective CIBMTR registry analysis with potential selection bias (patients selected for certain donor/GVHD prophylaxis approaches based on clinical judgment and donor availability). Multivariable adjustment for known confounders (DRI, HCT-CI, age, race/ethnicity, CMV serostatus, year of HCT) but residual confounding likely (D1, D2). Donor selection bias acknowledged by authors. Standard CIBMTR data collection used for outcomes (D3-D5 low). Reporting complete (D6-D7 low).",2026-05-26
9,11,RL,ROBINS-I,serious,low,moderate,low,moderate,moderate,low,serious,"Single-arm retrospective national registry analysis (ABMTRR) with no comparator arm; confounding cannot be assessed against an internal control (D1 serious). Selection into the cohort is defined by registry inclusion criteria with all eligible patients included, limiting selection bias (D2 low). Disease risk index not assigned for 20.5% of patients and HLA matching 'not available' for 36.3% (D3 moderate). Intervention is uniform (PTCy + PB + haplo) per protocol (D4 low). Some outcome ascertainment depends on center-level reporting with limited central adjudication, especially cGVHD grading by centers (D5/D6 moderate). Selective reporting risk low; primary endpoints clearly pre-specified (D7 low). Overall serious risk of bias due to single-arm design and missing covariates. Study is protocol-excluded from quantitative synthesis but retained for PRISMA tracking.",2026-05-26
10,12,RL,RoB2,low,low,low,low,some_concerns,NA,NA,some_concerns,"Post-hoc subgroup analysis of BMT CTN 1703 RCT (parent trial: low RoB). D1 (randomization) - low, inherited from parent RCT 1:1 stratified randomization. D2 (deviations from intended interventions) - low, ITT analysis for primary endpoint, transplanted population for secondary. D3 (missing outcome data) - low. D4 (measurement of outcome) - low, standardized BMT CTN ascertainment. D5 (selection of reported result) - some_concerns: this is an unprespecified post-hoc age subgroup with small N (n=96, PTCy n=43 vs Tac/MTX n=53), wide CIs, and multiple secondary endpoints reported; subgroup not pre-powered and selective reporting risk elevated. Overall: some_concerns.",2026-05-26
11,14,RL,ROBINS-I,NA,NA,NA,NA,NA,NA,NA,NA,Single-arm descriptive paper with no non-PTCy comparator; protocol-excluded from primary analysis. RoB not formally assessed.,2026-05-26
12,16,RL,ROBINS-I,moderate,low,moderate,low,low,moderate,low,moderate,"Retrospective single-center cohort, consecutive patients (good for selection), but baseline confounding present (older patients had more RIC, more myeloid disease, older donors). Study tracked for PRISMA but excluded from primary analysis (single_arm_descriptive_excluded: no PTCy-vs-comparator contrast; age subgroup analysis only).",2026-05-26
13,19,RL,ROBINS-I,moderate,moderate,low,low,moderate,low,low,moderate,"Large CIBMTR registry comparison of haplo/PTCy vs MSD/CNI in cHL. Confounding (d1): moderate — important baseline differences (graft source 70% BM vs 4% BM, 14% ATG/alemtuzumab in MSD, prior auto-HCT 84% vs 73%, conditioning intensity, race) addressed via multivariate Cox/logistic regression but residual confounding likely (immune reconstitution kinetics, salvage regimens, checkpoint inhibitor exposure not captured). Selection (d2): moderate — eligibility consecutive registry reporting but ex vivo TCD excluded; overlap with Kanate 2016/Ghosh 2016 noted. Classification (d3): low — registry definitions standardized. Deviations (d4): low — observational. Missing data (d5): moderate — some baseline missingness (HCT-CI, race), some outcomes with missing assessments. Outcome measurement (d6): low — standard CIBMTR endpoints with cumulative incidence and competing risks. Reporting (d7): low — all pre-specified outcomes reported.",2026-05-26
14,20,RL,ROBINS-I,serious,moderate,moderate,low,moderate,moderate,moderate,serious,"D1 (confounding): serious — retrospective non-randomized comparison of FMTBI (2023+) vs FB historical control (2017-2022) with substantial temporal confounding (evolving practice, supportive care, MRD monitoring availability changed mid-cohort). FMTBI group also significantly older (median 59 vs 48 yr) and had longer time to HCT. D2 (selection): moderate — consecutive patients but FMTBI all from 2023 onward, FB from 2017-2022, no overlap in time. D3 (intervention classification): moderate — regimen labels are clear but ATG dose also differs (4.5 vs 6.0 mg/kg), confounding PTCy effect. D4 (deviations from intended interventions): low. D5 (missing data): moderate — MRD monitoring was unavailable for many earlier-era Ph-negative ALL patients. D6 (outcome measurement): moderate — clinical outcomes objective but no blinding, GVHD grading system not specified. D7 (selection of reported result): moderate — focus on favorable DFS/relapse endpoints; infection outcomes not reported in detail. Overall: serious risk of bias dominated by temporal confounding and small sample.",2026-05-26
15,24,RL,ROBINS-I,serious,serious,moderate,low,low,moderate,low,serious,"Single-center retrospective comparison of ATG+PTCy vs heterogeneous mixed comparator (alemtuzumab+CsA, MMF+CsA, MTX+CsA, ATG+MTX+CsA, ATG alone). D1 (confounding): serious — strong confounding by conditioning intensity (100% RIC in ATG+PTCy vs 37% RIC in comparator), donor type, and treatment era; multivariable adjustment partial. D2 (selection): serious — non-randomized allocation by treating physician/protocol over time; ATG+PTCy likely later in study period. D3 (classification of interventions): moderate — well-defined regimens but heterogeneous comparator pools 5 different regimens. D4 (deviations from intended interventions): low. D5 (missing data): low. D6 (measurement of outcomes): moderate — investigator-defined GvHD grading, no central review noted. D7 (reporting): low. Overall judgement: serious due to D1 and D2.",2026-05-26
16,26,RL,ROBINS-I,serious,moderate,moderate,low,moderate,low,low,serious,"Prospective phase II single-arm trial with matched historical/contemporaneous cohort comparison. D1 (confounding): SERIOUS - matched cohort drawn from institutional database with limited matching variables (age, diagnosis, disease status, donor, graft, ATG); residual confounding likely (notably graft source mismatch - more PB in Tac/MTX controls; mixed RIC regimens Bu/Flu vs Flu/Mel; protocol amendment removing ATG mid-trial creating intra-arm heterogeneity). D2 (selection): MODERATE - 12/49 PTCy patients could not be matched (mostly post-amendment no-ATG MUD patients); only 37 matched analyzed, raising selection concern. D3 (classification of interventions): MODERATE - clear PTCy regimen but mixed ATG use within PTCy arm. D4 (deviations): LOW - prospective protocol followed, deviations documented. D5 (missing data): MODERATE - some incomplete reporting for arm characteristics. D6 (outcome measurement): LOW - standard MAGIC/Consensus/NIH grading, histologic confirmation, weekly CMV monitoring. D7 (selection of reported result): LOW - registered trial (NCT00800839) with pre-specified primary endpoint. Overall: SERIOUS due to confounding and selection in the comparative analysis.",2026-05-26
17,32,RL,ROBINS-I,serious,NI,moderate,NA,moderate,serious,moderate,serious,"Single-arm retrospective descriptive series (N=16) with no comparator arm; no PTCy contrast possible. Confounding domain serious due to absence of comparator and selection by clinician choice. Outcome measurement uses standard criteria (Modified Glucksberg, NIH 2014). Very small sample size and short follow-up limit inference. Single-arm descriptive paper excluded from primary analysis per protocol; tracked for PRISMA.",2026-05-26
18,35,RL,ROBINS-I,serious,moderate,low,low,moderate,low,moderate,serious,"ROBINS-I: D1 (confounding) SERIOUS - registry-based retrospective comparison with marked baseline imbalances (year of HSCT, donor age, HCT-CI, stem cell source, MAC use, age distribution, CMV status all significantly different); multivariate models adjust for many but residual confounding likely (no center effects fully controlled; ATG dose/preparation - ATG vs ATLG - not distinguished). D2 (selection) MODERATE - eligibility defined by donor/prophylaxis choice which may be center-driven. D3 (intervention classification) LOW - donor and prophylaxis well-defined. D4 (deviations) LOW - registry, prophylaxis adherence not analyzed. D5 (missing data) MODERATE - notable missingness for donor age (44.2% in MUD arm), HCT-CI (33% MUD), and other covariates handled as separate category. D6 (measurement) LOW - standard registry definitions (EBMT). D7 (selective reporting) MODERATE - infection outcomes (CMV, IFI, BSI) not reported; analysis focuses on survival/GVHD endpoints. Overall: SERIOUS due to substantial confounding inherent to non-randomized cross-era cohort comparison and inability to disentangle PT-CY effect from ATG vs no-ATG in MUD arm.",2026-05-26
19,37,RL,ROBINS-I,serious,serious,moderate,low,moderate,moderate,moderate,serious,"Single-center retrospective cohort with regimen assignment by physician discretion. Significant baseline imbalances in age (P=.009), transplant type (P=.007), MRD status (P<.001), stem cell source (P<.001) and CD34/CD3 doses across the three arms. Confounding by indication likely (D1 serious). Selection issues moderate. Outcome measurement for severe cGVHD relies on investigator definition (systemic therapy initiated) rather than formal NIH 2014 grading. Small PTCy-alone arm (n=9). Limited adjustment (bivariate only).",2026-05-26
20,39,RL,ROBINS-I,moderate,moderate,low,low,low,low,low,moderate,"Retrospective two-center study; treatment assignment (ATG vs PTCy) was largely determined by treating center (location A vs B). D1 (confounding): moderate—treatment confounded with center; baseline characteristics balanced but supportive care differences may persist (antibacterial prophylaxis in PTCy arm at center B for aGvHD). D2 (selection): moderate—consecutive patients but center-based allocation may introduce selection bias. D3 (intervention classification): low—protocols clearly documented. D4 (deviations): low—standardized GvHD diagnosis joint protocol. D5 (missing data): low—data from prospectively collected registries and medical records, minimum 12-month follow-up. D6 (outcome measurement): low—joint protocol across centers for diagnosing/staging GvHD. D7 (reporting): low—pre-specified primary endpoint, multivariate analyses reported.",2026-05-26
21,43,RL,ROBINS-I,serious,moderate,moderate,low,moderate,moderate,low,serious,"Retrospective multicenter cohort comparing PTCy (3 centers, 2013-2018) to historical ATG-MTX-CsA controls (2 centers, 2010-2018). D1 (confounding): SERIOUS - calendar-period confounding (ATG cohort earlier; PTCy cohort partially overlapping), different centers used different regimens, three different PTCy backbones (CsA/MMF vs Tac/MMF vs Siro/MMF), two ATG doses (6 vs 2.5 mg/kg), MV adjusted for center but limited power. D2 (selection): MODERATE - consecutive patients reduces selection bias; minimum 6 mo follow-up requirement could exclude very early deaths. D3 (intervention classification): MODERATE - prophylaxis regimens well-documented but heterogeneous. D4 (deviations): LOW - GVHD prophylaxis is structured protocol. D5 (missing data): MODERATE - some retrospective data gaps; EBV only screened in ATG group introducing surveillance bias for that outcome. D6 (measurement of outcome): MODERATE - GVHD scored by clinical criteria (Glucksberg/NIH) but multicenter potential for grading variability; only 1 center used both regimens. D7 (selection of reported result): LOW - planned endpoints and CONSORT-like reporting. Overall: SERIOUS.",2026-05-26
22,44,RL,ROBINS-I,serious,moderate,moderate,low,low,low,low,serious,"Retrospective multicenter cohort from GETH-TC database. D1 (confounding): serious; substantial imbalance between haplo and MSD/MUD groups in DRI (high/very high 67% vs 32%, p<.001), active disease at HSCT (20% vs 5%, p=.001), prior auto-HSCT (11% vs 2%, p=.010), and female-donor/male-recipient sex disparity. Multivariate adjustment for some confounders but residual confounding likely. D2 (selection): moderate; haplo arm drawn from 20 centers while MSD/MUD from only 3 centers using PTCy as standard, introducing center effect (acknowledged by authors). D3 (intervention classification): moderate; heterogeneous PTCy timing and adjunct IS in MSD/MUD (PTCy+3+4/CNI/MMF, PTCy+3+5/CNI no MMF, PTCy+3+4/Sir/MMF). D4 (deviations): low. D5 (missing data): low; participating centers asked to replace missing data. D6 (outcome measurement): low; standard MAGIC and NIH criteria. D7 (selective reporting): low; pre-specified primary endpoints and standard outcome panel. Overall: serious risk of bias due to confounding and selection.",2026-05-26
23,45,RL,ROBINS-I,serious,moderate,moderate,low,low,moderate,low,serious,"Retrospective single-center cohort with non-randomized donor allocation (HAPLO assigned by URD unavailability). D1 (confounding): serious — major imbalance in conditioning regimens (Flu/Cy/TBI for HAPLO vs heterogeneous regimens for URD, most containing ATG) and GVHD prophylaxis (PTCy+Tac+MMF vs ATG+Tac+MTX/MMF). Disease risk balanced but no adjusted analysis. D2 (selection of participants): moderate — consecutive HAPLO patients with URD matched immediately before/after; 1 URD could serve as control for >1 HAPLO. D3 (intervention classification): moderate — conditioning and GVHD prophylaxis regimens well-defined but heterogeneous in URD arm. D4 (deviations): low — protocol-driven supportive care identical between arms. D5 (missing data): low — all 113 patients analyzed. D6 (outcome measurement): moderate — clinical aGVHD/cGVHD assessment without blinding; infection surveillance protocols identical and prospective. D7 (selective reporting): low — standard outcomes reported. Overall: serious due to unbalanced confounding from conditioning/ATG differences.",2026-05-26
24,48,RL,ROBINS-I,moderate,moderate,low,low,moderate,moderate,low,moderate,"Single-center retrospective cohort. D1 (confounding): moderate - significant baseline differences between PTCy and MTX arms (more haplo/MMUD, more high DRI, less MAC in PTCy); no propensity matching. D2 (selection): moderate - PTCy use determined by donor type and clinical factors. D3 (exposure classification): low. D4 (deviations from intended): low. D5 (missing data): moderate - some chimerism timepoints missing. D6 (measurement): moderate - chimerism measurement standardized. D7 (reporting): low. Study focus is chimerism kinetics, not infection/GVHD outcomes which are not reported.",2026-05-26
25,49,RL,ROBINS-I,serious,moderate,moderate,moderate,serious,moderate,moderate,serious,"Single-center retrospective study without prespecified protocol. D1 (confounding): serious — donor selection driven by availability and clinical factors; only partial adjustment via multivariate Cox/Fine-Gray; key confounders (CMV serostatus, disease risk index, conditioning intensity) not adjusted for. D2 (selection): moderate — consecutive ALL/AML patients but censoring at 3 years and arm-specific follow-up differences (haplo 18.2 mo vs MUD 60 mo) raises immortal-time concerns. D3 (intervention classification): moderate — donor type clearly defined. D4 (deviations): moderate — protocol changes over decade (haplo PTCy added in cohort). D5 (missing data): serious — exact time of GvHD onset not recorded for many patients, precluding CI calculation; CMV/BSI/IFI not reported. D6 (measurement): moderate — outcomes mostly objective. D7 (reporting): moderate — outcomes pre-specified in methods; small comparator arms (MMRD n=18) yield unstable estimates.",2026-05-26
26,50,RL,ROBINS-I,serious,moderate,moderate,low,moderate,low,low,serious,"Retrospective single-center cohort comparing ATG/PTCy (2010-2020) vs historical ATG-only control (2008-2015) at Tehran HORCSCT. D1 (confounding) serious: era effect — comparator enrolled 5+ years earlier; supportive care, donor selection criteria, MRD methods evolved during the period; significant baseline imbalances in donor age, recipient CMV serostatus, and donor-recipient sex matching. D2 (selection) moderate: consecutive patients but allocation determined by treatment era. D3 (classification) moderate: GVHD prophylaxis allocation determined by era; potential misclassification by historical record review. D4 (deviations) low: protocol-defined regimens. D5 (missing data) moderate: incomplete MRD/cytogenetic info acknowledged by authors; immune reconstitution data absent. D6/D7 (outcome measurement, reporting) low: standardized Glucksberg/NIH criteria; outcomes pre-specified. Overall serious due to era confounding and baseline imbalances.",2026-05-26
27,51,RL,ROBINS-I,moderate,moderate,moderate,low,moderate,low,low,moderate,"Retrospective single-center cohort comparing two consecutive era-stratified prophylaxis regimens (ATG/PTCy 2010-2020 vs ATG-only 2008-2015). D1 (confounding): moderate - era effect inherent given non-contemporaneous arms; donor age, recipient CMV status, sex matching differed significantly between arms; multivariable analysis was performed but unmeasured confounders (era-related supportive care improvements, learning curve) remain. D2 (selection): moderate - consecutive inclusion described but assignment to era-based group means selection partly determined by calendar time. D3 (classification): moderate - intervention well-defined but distinct from intended PTCy-vs-non-PTCy comparison of interest. D4 (deviations): low - standardized prophylaxis regimens. D5 (missing data): moderate - some patients lacked FLT3/NPM1 data; outcomes complete. D6 (measurement): low - GvHD per Glucksberg/NIH criteria, CMV via twice-weekly PCR. D7 (reporting): low - comprehensive outcomes table. Overall: moderate risk of bias driven by era effect and residual confounding.",2026-05-26
28,52,RL,ROBINS-I,moderate,moderate,low,low,low,moderate,low,moderate,"EBMT ALWP retrospective registry study comparing UD 9/10 PTCy vs dCBT in AML CR1. D1 (confounding): moderate—significant imbalances at baseline (year of HCT 2019 vs 2016, conditioning intensity MAC 51% vs 21%, KPS, CMV serostatus, donor sex) addressed by multivariate Cox with frailty for center; PTCy dose/schedule not captured. D2 (selection): moderate—centers contributing UD9/10 PTCy may differ from those doing dCBT, no propensity score. D3 (classification of intervention): low—donor type and PTCy use clearly defined per inclusion criteria. D4 (deviations): low—observational, intent-to-treat-like at registry level. D5 (missing data): low—main outcomes complete; MRD, FLT3/NPM1 substantially missing but adjusted for. D6 (measurement): moderate—infection deaths from registry forms, no central adjudication. D7 (selective reporting): low—all pre-planned outcomes reported. Overall moderate risk of bias.",2026-05-26
29,55,RL,ROBINS-I,moderate,moderate,low,moderate,low,low,low,moderate,"D1 (confounding): moderate. Single-center retrospective cohort with consistent donor allocation algorithm (MRD > 8/8 MUD > HID) which introduces selection - patients without MRD/MUD donors were channeled to HID, generating confounding by availability/timeline/disease urgency. Multivariable Cox adjusts for patient age, gender, race, diagnosis, conditioning intensity, cell source, CMV, HCT-CI, CIBMTR risk, DRI, HLA matching, donor age, year of transplant - reasonable set but limited by N. Imbalances: HID more BM grafts (52% vs 0/21%), less MAC (6% vs 30-32%), more non-white. D2 (deviations): moderate. GVHD prophylaxis differs by donor type per protocol (HID gets PTCy+Tac+MMF; MRD/MUD get Tac+MTX); 9/10 MUD subset gets ATG. These reflect intended interventions but co-vary with the exposure of interest. Also HID got fluoroquinolone for BK prophylaxis through D+100 - confounds infection outcomes. D3 (missing data): low. Prospectively documented database; few losses described; follow-up median 27 months. D4 (outcome measurement): moderate. Outcome assessor (single dedicated practitioner) not blinded to donor type; GVHD grading prospective and standardized (modified Keystone for aGVHD, NIH consensus for cGVHD). D5 (selection of reported results): low. Standard outcome set; multivariable analysis tables shown. D6 (deviations specific to ROBINS-I; treated as covered by D2): low. D7 (selection of participants - all consecutive patients in eligible window): low. Overall: moderate.",2026-05-26
30,57,RL,ROBINS-I,serious,moderate,moderate,low,moderate,moderate,low,serious,"Retrospective EBMT registry analysis comparing Haplo vs MSD for R/R-AML, 2007-2015. D1 (confounding): SERIOUS - large baseline imbalances (Haplo more recent year, longer interval from diagnosis, more BM, more poor PS, more refractory disease in MSD); multivariable Cox adjustment performed but residual confounding likely (no DRI/molecular markers, no center-level case-mix). D2 (selection): MODERATE - selection into Haplo vs MSD non-random and driven by donor availability/era. D3 (classification of interventions): MODERATE - GVHD prophylaxis heterogeneous; Haplo includes PTCy (71%), ATG-only (24%), and both (4%). D4 (deviations from intervention): LOW - registry capture. D5 (missing data): MODERATE - cytogenetics 38-64% NA/failed; no DRI; no DLI/sequential data. D6 (measurement of outcomes): MODERATE - registry-based outcome reporting; no infection-type detail; no immune reconstitution. D7 (selection of reported result): LOW - pre-specified primary OS endpoint. Overall SERIOUS due to confounding and prophylaxis heterogeneity in Haplo arm.",2026-05-26
31,60,RL,ROBINS-I,moderate,moderate,moderate,low,moderate,moderate,low,moderate,"Retrospective EBMT registry analysis with propensity-score matched-pair design (1:2 PTCy:ATG). D1 (confounding): moderate - PSM applied for disease status, conditioning, age, graft source, secondary AML, CMV, F-donor/M-recipient but unbalanced immunosuppressive backbones and ATG heterogeneity (thymoglobulin vs Grafalon, doses ranging 2.5-60 mg/kg) leave residual confounding. D2 (selection): moderate - 9/93 PTCy excluded due to missing match/data. D3 (intervention classification): moderate - mixed ATG brands and doses; PTCy schedule not specified. D4 (deviations): low. D5 (missing data): moderate - infection complications not captured (acknowledged by authors); HRs not provided. D6 (outcome measurement): moderate - registry-reported GVHD without central adjudication. D7 (reporting): low. Overall: moderate per ROBINS-I.",2026-05-26
32,61,RL,ROBINS-I,serious,moderate,moderate,low,moderate,moderate,low,serious,"Retrospective EBMT registry analysis comparing PTCy (n=197) vs ATG (n=1913) in HLA-identical sibling AML CR1. D1 confounding serious: groups significantly differ in age, year of transplant, conditioning intensity, stem cell source, time from diagnosis, and number of additional immunosuppressive agents; multivariate Cox adjusts for measured confounders and propensity score matching performed but residual confounding likely (e.g., center effect, ATG brand/dose data missing, no info on physician choice rationale). D2 selection moderate: prevalent cases excluded by design (first allo-HSCT only). D3 classification moderate: GVHD prophylaxis self-reported by centers; ATG brand inferred from dose threshold (>=16mg/kg = Grafalon) rather than directly reported. D4 deviations from intended interventions low. D5 missing data moderate: cytogenetic risk NA/Failed in 33% (ATG) and 37% (PTCY); ATG dose unavailable for many patients. D6 outcome measurement moderate: standardized EBMT MED-A reporting with selective audit; clinical-only GVHD ascertainment. D7 selective reporting low: prespecified primary endpoint (GVHD CI) reported.",2026-05-26
33,62,RL,ROBINS-I,serious,moderate,moderate,low,moderate,moderate,low,serious,"Retrospective EBMT registry comparison with sizeable imbalance in arm sizes (374 vs 67). D1 (confounding): serious - allocation to ATG+PTCy reflects center policy not patient characteristics; criteria guiding allocation acknowledged as missing by authors. D2 (selection): moderate - inclusion limited to specific GVHD prophylaxis subgroups. D3 (classification of intervention): moderate - ATG dose heterogeneous (2.5-10 mg/kg) and ATG agent (rabbit vs ATLG) not specified; PTCy schedule per center policy. D4 (deviations): low. D5 (missing data): moderate - infection mortality grouped (35% in both), no detailed infection data, immune reconstitution missing. D6 (outcome measurement): moderate - registry data, MAC/RIC and cytogenetics classification per center reporting. D7 (selective reporting): low. Overall: serious risk of bias.",2026-05-26
34,63,RL,ROBINS-I,serious,moderate,moderate,low,moderate,low,low,serious,"Large EBMT ALWP registry retrospective comparison of PTCy vs ATG vs PTCy+ATG in adult AML haplo-SCT (n=3649). Confounding (D1) serious: substantial era imbalance (ATG median 2015 vs PTCy/comb 2018), differences in conditioning intensity, BM vs PB usage, NPM1/cytogenetic risk; MVA adjustment present but ATG vs PTCy time-period effect not directly modelable. Selection (D2) moderate: registry coverage adequate but some patients excluded; ex vivo manipulation and alemtuzumab excluded. Classification of interventions (D3) moderate: ATG type and dose not routinely captured in registry (Table S2 partial). Deviations (D4) low: GVHD prophylaxis defined at outset. Missing data (D5) moderate: substantial missingness in MRD (52%), cytogenetics (18%), HCT-CI (22%), NPM1 (51%); no infection ascertainment data. Outcome measurement (D6 NA for ROBINS-I dimension 6; using D6=low) and selection of reported result (D7=low): pre-specified MVA endpoints reported. Overall judgement: serious due to confounding by era and treatment-allocation differences inherent to registry comparison.",2026-05-26
35,65,RL,ROBINS-I,serious,serious,moderate,low,moderate,moderate,low,serious,"Retrospective two-center comparison with center-defined allocation to prophylaxis (entire allocation by transplant center), inducing major confounding by center and era. Baseline imbalances acknowledged: ATG arm older, higher DRI intermediate, more TBI, more RIC. No multivariable propensity score matching attempted; Cox MVA performed but limited variables. Selection by indication (donor center) is structural. Outcomes ascertainment standard transplant follow-up. Some flexibility in stratification timing. Seattle criteria used (predates NIH 2014). Overall serious risk of bias per ROBINS-I.",2026-05-26
36,66,RL,ROBINS-I,serious,moderate,moderate,low,moderate,moderate,low,serious,"Single-center retrospective cohort comparing PTCy (08/2015-12/2019) vs ATG historical control (01/2012-07/2015). D1 (confounding): serious — substantial era differences (8-year span across two non-contemporaneous periods), small N=28 per arm limits adjustment; multivariate analysis adjusted for only 2 covariates per outcome due to event limits, leaving residual confounding (e.g., supportive care evolution, CMV monitoring practices, letermovir era). D2 (selection): moderate — patients selected by treatment era; no formal eligibility criteria reported. D3 (intervention classification): moderate — PTCy and ATG arms well-defined but ATG doses varied 7.5-15 mg/kg (substantial heterogeneity in immunosuppression intensity). D4 (deviations): low — both arms followed standard protocols. D5 (missing data): moderate — many baseline variables not separately tabulated by arm; CMV serostatus not reported; full follow-up duration per arm not reported. D6 (outcome measurement): moderate — outcomes (GVHD, NRM, relapse) ascertained clinically without blinded adjudication; era-dependent ascertainment of CMV. D7 (reported result): low — primary endpoints pre-specified. Overall: serious risk of bias due to non-contemporaneous historical control, small sample size, and limited adjustment for confounders.",2026-05-26
37,67,RL,ROBINS-I,serious,serious,moderate,moderate,moderate,moderate,low,serious,"Retrospective single-center cohort comparing PTCy (2014-2023, n=41) vs non-Cy (2010-2018, n=20) in adults >=70. D1 (confounding): serious - era effect heavily confounded with treatment (non-Cy concentrated in 2010-2012; PTCy in 2017-2023) plus markedly different donor mix (100% MUD non-Cy vs 64% MUD + 29% haplo + 7% MMUD in PTCy) and different conditioning regimens (Flu/Bu universally non-Cy vs ThioFluMel/FluCyTBI for PTCy); no multivariable adjustment. D2 (selection): serious - no consecutive-eligibility statement; non-randomized assignment of prophylaxis driven by donor and era. D3 (classification): moderate - GvHD prophylaxis well documented. D4 (deviations): moderate. D5 (missing data): moderate - follow-up duration not reported. D6 (outcome measurement): moderate - retrospective EMR ascertainment, no central adjudication. D7 (selective reporting): low. Overall: serious due to severe confounding by era and donor type.",2026-05-26
38,71,RL,ROBINS-I,moderate,moderate,low,low,moderate,low,low,moderate,"Retrospective single-center comparative cohort. D1 (confounding) moderate: comparators received ATG-based prophylaxis with different conditioning (RIC for MRD/UD vs predominantly NMAC for haplo, P<0.0001); CMV serostatus differed between UD and haplo (P=0.01); no propensity matching or multivariable adjustment for outcome comparisons. D2 (selection) moderate: haplo was last-choice donor (per French standards), introducing selection bias. D3 (intervention classification) low: clear protocol-defined prophylaxis. D4 (deviations) low. D5 (missing data) moderate: HCT-CI missing for some patients (44/47 MRD, 58/63 UD). D6 (outcome measurement) low: standard GVHD criteria used uniformly. D7 (selective reporting) low.",2026-05-26
39,72,RL,RoB2,high,some_concerns,low,low,some_concerns,NA,NA,high,"BMT CTN 1203 phase 2 trial randomized between 3 experimental arms (TAC/MMF/PTCy, TAC/MTX/BOR, TAC/MTX/MVC) 1:1:1, BUT the TAC/MTX control arm was a non-randomized contemporary CIBMTR-collected cohort from non-participating centers. D1 (randomization process): HIGH for the PTCy-vs-control comparison since control patients were NOT randomized; allocation across treatment-vs-control was determined by center selection. Significant baseline imbalance (HCT-CI >3: 62% controls vs 38-42% trial arms; conditioning regimen distribution differs). D2 (deviations from intended interventions): some concerns - modified ITT analysis included only patients who were transplanted, open-label trial. D3 (missing outcome data): low - outcome ascertainment used adjudication review committee blinded to treatment. D4 (measurement of outcome): low - standardized GVHD grading (Keystone Consensus, NIH Consensus), blinded adjudication. D5 (selection of reported result): some concerns - 90% CIs used (not 95%), composite primary endpoint pre-specified. Overall judgement: HIGH risk of bias due to non-randomized comparison to the contemporary control cohort.",2026-05-26
40,75,RL,ROBINS-I,serious,moderate,low,low,moderate,low,low,serious,"Single-center retrospective comparison of PTCY vs HD-ATG vs LD-ATG in MMUD. D1 (confounding): SERIOUS - Substantial era confounding: PTCY group transplanted predominantly 2019-2024 (92.7%) while HD-ATG was 63.4% pre-2015 and LD-ATG 2011-2019; median follow-up 19.4 vs 91.4 vs 73.0 months (P<0.01); supportive care evolved substantially (letermovir, ruxolitinib); authors explicitly acknowledge this confounding. D2 (selection): MODERATE - Eligibility identical (MMUD with single allele mismatch) but treatment assignment driven by transplant era rather than randomization. D3 (intervention classification): LOW - PTCY/ATG dosing clearly defined. D4 (deviations): LOW - Standardized protocols per JACIE. D5 (missing data): MODERATE - Outcomes reported across cohort; not all groups had immune reconstitution data (n=106/155). D6 (measurement): LOW - Standardized outcome definitions (Mount Sinai, NIH 2014). D7 (selective reporting): LOW - All prespecified primary and secondary endpoints reported. Multivariate Cox confirmed PTCY benefit after adjustment for age, conditioning intensity, DRI, HCT-CI, but era/letermovir/ruxolitinib not modeled.",2026-05-26
41,77,RL,ROBINS-I,serious,moderate,moderate,low,moderate,moderate,low,serious,"Retrospective EBMT ALWP registry analysis. D1 (confounding): serious — substantial baseline imbalances across donor types (year of tx, MAC use, CMV serostatus, sequential conditioning, in vivo TCD). Authors attempted propensity score weighting to address; results consistent. D2 (selection): moderate — center-level allocation to Haplo vs UD with unclear criteria; selection process not fully described. D3 (classification of intervention): moderate — definitions of MAC/RIC/sequential per EBMT criteria; donor type clearly classified. D4 (deviations): low. D5 (missing data): moderate — cytogenetics unknown in 73/199 Haplo, 718/1111 UD 10/10, 222/383 UD 9/10; blast counts at HSCT missing for many. D6 (outcome measurement): moderate — center-reported aGVHD/cGVHD grading subject to variability. D7 (selective reporting): low — pre-specified outcomes reported. Overall: serious due to confounding and missing covariate data despite PS adjustment.",2026-05-26
42,78,RL,ROBINS-I,serious,moderate,moderate,low,low,moderate,low,serious,"EBMT ALWP registry retrospective cohort. D1 (confounding): SERIOUS — significant baseline imbalance: PTCy patients younger (median 46 vs 56 yrs, p<0.001), more recent transplants (2016 vs 2014, p<0.001), higher KPS, higher CMV+ recipient. Propensity score matching attempted but residual confounding likely (no info on what guided GVHD prophylaxis choice, center effect). D2 (selection): MODERATE — registry inclusion may miss centers/patients not reporting. D3 (classification of interventions): MODERATE — ATG brand limited to Thymoglobulin 5 mg/kg total but additional immunosuppressive drug schedules varied (55% vs 85% used 2-3 additional agents), heterogeneous PTCy schedules. D4 (deviations): LOW — registry observational data, not intervention-trial. D5 (missing data): LOW — primary outcomes available for nearly all patients; some baseline covariates missing (KPS 111+1, CMV 23+3). D6 (measurement of outcomes): MODERATE — GVHD assessed clinically per modified Glucksberg/Seattle criteria; outcome assessors not blinded. D7 (selection of reported result): LOW — pre-specified endpoints reported consistently. Overall SERIOUS due to D1 confounding with substantial baseline imbalance and residual confounding from unmeasured factors (infections, ATG dose data, post-transplant strategies, center effect).",2026-05-26
43,79,RL,RoB2,low,some_concerns,low,low,low,NA,NA,some_concerns,"Phase 2 RCT with central randomization (1:1) — D1 (randomization) low. Open-label design — investigators and patients aware of treatment allocation, leading to D2 (deviations from intended interventions) concerns; 8 ATG patients did not undergo HSCT (6 pre-transplant relapses, 2 donor unavailability) leading to imbalanced numbers (44 PTCy vs 37 ATG analyzed) — analyzed cohort drops 8 ATG patients from randomization; though full analysis set defined as patients undergoing HSCT. D3 (missing outcome data) low - GRFS, OS, DFS reported for all transplanted patients. D4 (measurement of outcome) low - composite GRFS endpoint with objective relapse/death components and standardized aGVHD/cGVHD grading (Glucksberg, NIH). D5 (selection of reported result) low - prespecified primary endpoint, registered NCT02876679. Overall: some_concerns due to open-label design and asymmetric attrition pre-HSCT.",2026-05-26
44,80,RL,RoB2,low,low,low,low,some_concerns,NA,NA,some_concerns,"RCT, randomized 1:2 with biased-coin minimization stratified by hospital and donor type (d1=low). Open-label trial as expected for distinct GVHD prophylaxis regimens; deviations from intended interventions were not described in detail but ITT used (d2=low). Modified ITT applied with 9 patients withdrawn for ineligibility based on data available before randomization; otherwise minimal missing outcome data given centralized HOVON Data Center (d3=low). GVHD assessment with standardized Glucksberg/Seattle criteria, central data management (d4=low). Some concerns in d5 (selection of reported result): protocol amendment changed the trial from a 2-arm time-restricted IS comparison to a 3-arm including PT-Cy; the original primary endpoint (PG180) was retained but unsuited for PT-Cy comparison per authors' own discussion. Many key endpoints (GVHD, NRM, OS, GRFS) were exploratory secondary analyses without multiplicity correction. Overall: some concerns.",2026-05-26
45,83,RL,ROBINS-I,serious,serious,moderate,moderate,moderate,serious,moderate,serious,"ROBINS-I assessment: D1 (confounding) serious - retrospective single-center cohort, arm assignment by treating physician/era, large baseline imbalances between arms (age 6 vs 3.6 yrs; sex 44% vs 66% male; donor type 8% vs 38% haplo; conditioning 20% vs 52% MAC; first vs repeat HSCT 87% vs 69%); no multivariable adjustment performed. D2 (selection of participants) serious - arms drawn from different eras (2005-2018) without matching, with calendar-time confounding likely (PtCy adopted later in cohort). D3 (classification of interventions) moderate - clear prophylaxis definitions but other concurrent IS unspecified. D4 (deviations) moderate - no protocol; standard care varied over 13-year period. D5 (missing data) moderate - small PTCy arm (n=29); 21 repeat transplants overlapping with first transplant counts. D6 (outcome measurement) serious - GVHD ascertainment retrospective, grading system not specified, no central adjudication. D7 (selective reporting) moderate - no protocol/registration listed; key outcomes (NRM, cGVHD, infection) not reported. Overall serious risk of bias.",2026-05-26
46,86,RL,ROBINS-I,serious,moderate,moderate,low,low,moderate,low,serious,"Single-center retrospective cohort comparing 3 nonrandomized groups (PTCy MMUD vs ATG MMUD vs PTCy haploidentical). D1 (confounding): serious — substantial differences in graft source (BM 91% vs PBSC 73%/89%), CNI agent (sirolimus preferred in PTCy MMUD), letermovir use (45% vs 11% vs 16%), and antifungal/PJP prophylaxis across arms; multivariate models partially address confounding (adjusted for letermovir) but residual confounding likely. D2 (selection): moderate — historical controls (2015-2018) vs contemporary PTCy MMUD (2017-2019), introduces era effects acknowledged by authors. D3 (classification of interventions): moderate — interventions clearly defined but mixed CNI/sirolimus in PTCy groups blurs prophylaxis category. D4 (deviations from intended interventions): low — standard prophylaxis protocols. D5 (missing data): low — comprehensive outcome reporting. D6 (measurement of outcome): moderate — CMV detection by standardized PCR is robust but transplant era change in pre-emptive threshold; GVHD/IRM ascertainment subjective for retrospective design. D7 (selection of reported result): low — primary outcomes appear pre-specified. Small sample size (22 PTCy MMUD) limits power.",2026-05-26
47,88,RL,ROBINS-I,serious,serious,moderate,low,low,moderate,low,serious,"Retrospective single-center cohort with non-contemporaneous comparator (ATG-PTCy 2016-2020 vs ATG-only 2014-2018) introduces confounding by era (D1 serious). Selection bias: '1-to-1 matched' historical control selected from institutional database without described matching algorithm (D2 serious). Interventions are not just GVHD prophylaxis - conditioning regimen also differs (Flu added to ATG-PTCy, different ATG dose 7.5 vs 10 mg/kg, graft source PBSC-only vs BM+PBSC) - this confounds the PTCy effect (D3 moderate). Outcome data complete in all 80 patients (D4 low). Outcomes (GVHD by IBMTR criteria, cGVHD by NIH 2014, OS, RFS, CIR) measured per established criteria (D5 low). No protocol available; some selective reporting concerns (e.g., infection subtypes not consistently reported) (D6 moderate). Reporting adequate in main paper (D7 low). Preprint status (Research Square) — not peer-reviewed.",2026-05-26
48,89,RL,ROBINS-I,moderate,low,moderate,low,moderate,moderate,low,moderate,"Single-center retrospective cohort, 2015-2019. D1 (confounding): moderate - 4 non-randomized GVHD prophylaxis groups assigned by donor type/era; multivariable adjustment for DRI, donor, neutropenia, relapse but not all confounders (mucositis, TPN, microbiome). D2 (selection): low - consecutive recipients. D3 (classification of intervention): moderate - PTCy-ATG-CsA bundled with ATG, hard to isolate PTCy effect. D4 (deviations): low - protocolized supportive care. D5 (missing data): moderate - some baseline characteristics not stratified by arm. D6 (measurement of outcome): moderate - clinical BSI ascertainment, no central adjudication noted, but standard microbiology lab. D7 (selective reporting): low - prespecified outcomes reported. Overall moderate - confounding by donor type and conditioning is partially addressed.",2026-05-26
49,94,RL,ROBINS-I,serious,moderate,moderate,low,moderate,low,low,serious,"EBMT CMWP registry, retrospective; significant baseline imbalances between PTCY and ATG groups (D1 confounding serious): PTCY group received MAC more often (55.8% vs 38.9%), HMA pre-HSCT more often (56.1% vs 42.3%), more MMUD donors (46.4% vs 25.4%), and younger (57 vs 60 years). Reason for choice of PTCY vs ATG not reported (selection bias D2 moderate). ATG dosing heterogeneous (Thymoglobulin 53.5%, Grafalon 46.4%, dose range 1-60 mg/kg) and missing in 24% of ATG patients (D3 missing data moderate). Multivariable adjustment performed with appropriate covariates and center frailty term; competing risks accounted for. Outcomes objective (death, GVHD, engraftment); minimal measurement bias (D5 moderate due to multi-center heterogeneity in GVHD grading). Selective reporting unlikely given pre-specified primary endpoints (D7 low).",2026-05-26
50,97,RL,ROBINS-I,moderate,low,moderate,low,moderate,low,low,moderate,"Single-center retrospective cohort with homogeneous prophylaxis (MAP for all; PT-Cy for 81.6%) and standardized IFI definitions (EORTC 2020 + MSG-ERC 2019). D1 (confounding): moderate — donor type was the key exposure but PT-Cy use, MAP class, conditioning, and letermovir era covary; era of transplant (Jan 2015 - Dec 2022) spans introduction of letermovir (March 2019), and posaconazole was preferentially used in AML/MDS — donor-type comparison adjusted for some but not all confounders in Fine-Gray MV model. D2 (selection): low — consecutive patients. D3 (classification of intervention): moderate — donor type collapsed into MRD/MUD vs MMRD/MMUD for MV; haplo (30.7% of cohort) handling in donor-type MV model not transparent. D4 (deviations): low — homogeneous protocol. D5 (missing data): moderate — follow-up duration not reported; arm-specific outcomes (by donor) not reported separately. D6 (outcome measurement): low — standardized EORTC definitions, weekly azole TDM. D7 (reporting): low — pre-specified objectives. Overall: moderate. Small event count (10-11 b-PP-IFIs in PT-Cy subset) limits precision of donor-type comparison and may have led to type II error.",2026-05-26
51,99,RL,ROBINS-I,serious,serious,moderate,low,moderate,moderate,low,serious,"ROBINS-I assessment of retrospective non-randomized comparison. D1 (confounding): serious - retrospective design with substantial baseline imbalance (conditioning intensity differed markedly: 79% RIC in ATG vs 53% RIC in PTCy, p<0.001), donor type trend, and authors note PTCy vs ATG was largely center-specific, introducing institutional practice effects. IPTW propensity weighting and matched analysis partially mitigate but unmeasured confounders likely remain. D2 (selection): serious - center-level treatment assignment creates selection bias; no allocation procedure. D3 (interventions classification): moderate - ATG is a mixed category (Thymoglobulin 3.5x2 vs Grafalon 30 or 60 mg/kg), with brand-specific effects not disentangled. D4 (deviations): low - both arms received protocol prophylaxis. D5 (missing data): moderate - timing/intensity of immunosuppression tapering, chimerism, transfusion, and relapse-directed therapy data were not consistently available across centers and excluded from analysis. D6 (outcome measurement): moderate - outcomes are clinical (engraftment, GVHD, relapse, NRM, OS) generally well-defined but ascertainment varied by center; molecular vs hematological relapse not distinguished. D7 (selective reporting): low - planned outcomes reported with both univariate and propensity-matched analyses. Overall: serious risk of bias.",2026-05-26
52,100,RL,ROBINS-I,moderate,low,moderate,low,low,low,low,moderate,"Retrospective single-center cohort from prospective registry. D1 (confounding): moderate — observational allocation by donor type, although uniform GVHD prophylaxis and large multivariable models with GVHD as time-dependent covariate. D2 (selection): low — consecutive patients from prospective registry, exclusion of letermovir recipients applied uniformly. D3 (classification of intervention): moderate — donor type unambiguous, but excluded letermovir patients may have differed (selection by health policy). D4 (deviations): low — uniform PTCy/sirolimus/MMF irrespective of donor. D5 (missing data): low. D6 (measurement of outcome): low — CMV PCR with standardized cutoff identical across arms; ECIL-7 consensus criteria for CMV and EBMT-NIH-CIBMTR for GVHD. D7 (selection of reported result): low — pre-specified primary endpoint of CMV reactivation/disease, multivariable analyses pre-specified. Authors acknowledge reporting bias (more intensive haplo monitoring).",2026-05-26
53,104,RL,ROBINS-I,serious,serious,moderate,low,low,moderate,low,serious,"Retrospective single-center era comparison (SIP 2014-2016 vs PTCy 2016-2018) with substantial differential confounding: (D1) confounding serious — eras differ in supportive care, donor selection (more 7/8 MUD in SIP era because mismatched would now go to haplo), conditioning (more MAC in SIP), and ATG use (42.5% of SIP arm received ATG/alemtuzumab, none in PTCy arm) — and authors did not perform multivariable adjustment for these. (D2) selection bias serious — authors excluded 25 high-DRI patients from SIP cohort but retained all DRIs in PTCy cohort, an asymmetric exclusion that may bias OS/NRM/RFS comparisons in favor of PTCy. (D3) intervention classification moderate — era boundary is clear (April 2016). (D4) deviation from intended intervention low — uniform institutional protocols. (D5) missing data low. (D6) measurement of outcomes moderate — cGVHD definition is investigator-defined surrogate (tacrolimus continuation >1yr), not standard NIH grading; aGVHD grading system not specified; D+100 timepoints not reported. (D7) reporting low. Overall: serious risk of bias.",2026-05-26
54,105,RL,RoB2,low,some_concerns,low,some_concerns,low,NA,NA,some_concerns,"RoB2 assessment for ALLG BM12 CAST RCT (Curtis 2025). D1 (randomization): low - 1:1 randomization stratified by age and conditioning intensity; allocation concealment standard for ALLG trials. D2 (deviations from intended interventions): some_concerns - open-label design (authors note this as a limitation that could bias GVHD assessments which are subjective); 5/66 patients in experimental arm did not proceed to transplant; ITT analysis used. D3 (missing outcome data): low - censoring rules clearly specified; 43/129 transplanted patients had no event after >=13 mo follow-up; minimal loss to follow-up. D4 (measurement of outcome): some_concerns - composite primary endpoint includes GVHD components which are subjective and assessed unblinded; MAGIC and NIH 2014 criteria applied per protocol. D5 (selection of reported result): low - pre-registered (ACTRN12618000505202), prespecified analysis plan, full reporting of secondary endpoints. Overall: some_concerns due to open-label assessment of subjective GVHD endpoints.",2026-05-26
55,107,RL,ROBINS-I,serious,moderate,moderate,low,moderate,low,low,serious,"Retrospective single-center historical control study (Institut Paoli-Calmettes, Marseille) comparing PT-Cy patients (2020-2021, n=30) vs ATG historical controls (2014-Mar 2020, n=64). D1 confounding=serious: substantial differences in conditioning regimens (PT-Cy=100% TBF with 70% NMAC; ATG=100% FB2 RIC), era effects (PT-Cy enrolled entirely in COVID/post-letermovir era while ATG spans 2014-2020), DLI use (43% vs 11%), and follow-up (19 vs 52 mo). D2 selection=moderate: consecutive patients in both periods. D3 classification of intervention=moderate: well-defined GVHD prophylaxis protocols but allocation tied to era. D4 deviations from intended interventions=low: standard institutional protocol. D5 missing data=moderate: minimal information on baseline characteristics in main text (Supplementary Table 1 not visible); CMV serostatus, disease subtypes by arm not reported. D6 measurement of outcomes=low: standard GVHD/NRM/OS endpoints. D7 selection of reported result=low: pre-specified comparison. Small PT-Cy arm (n=30) limits precision and confidence in multivariate adjustments. Overall: serious risk of bias due to era/conditioning confounding and limited statistical power.",2026-05-26
56,109,RL,ROBINS-I,serious,moderate,moderate,moderate,moderate,moderate,low,serious,"Retrospective cohort comparing single-center ATG-PTCy-CNI arm (PMH) to a separately-collected CIBMTR comparator (P-5702). Major confounding domain (D1) judged serious due to non-contemporaneous geographic comparator with substantial baseline imbalances: conditioning intensity differs (RIC 69% PMH vs 52% CIBMTR), TBI use markedly higher in PMH (74% vs 17%), enrollment windows differ (2015-2023 PMH vs 2015-2018 CIBMTR), all of which were partially adjusted in MVA. Selection (D2) moderate: PMH cohort is consecutive single-center; CIBMTR a publicly available subset with unclear sampling. Classification of exposure (D3) moderate due to ATG dose heterogeneity within PMH (2 vs 4.5 mg/kg). Deviations (D4) moderate. Missing data (D5) moderate: CIBMTR limits granular cGVHD grading (NIH severity unavailable). Outcome measurement (D6) moderate due to differing centers/grading audits. Reporting (D7) low.",2026-05-26
57,110,RL,ROBINS-I,moderate,serious,moderate,low,low,moderate,low,serious,"D1 confounding (moderate): collinearity between year of HSCT (era) and PTCy use because PTCy adopted as standard in 2015; authors acknowledge this limitation. MVA includes era variable but only 16 pre-2015 patients limits ability to disentangle. D2 selection (serious): PTCy and non-PTCy arms drawn from non-overlapping calendar periods (2010-2015 vs 2016-2023), with substantial differences in conditioning intensity (MAC 8% PTCy vs 40% no-PTCy), donor mix, and supportive care era. D3 missingness/classification (moderate): NGS available in 73%, cytogenetics in 71%. D4 deviations (low): retrospective observational, no protocol deviations relevant. D5 missing data (low): outcomes ascertained for all 75. D6 outcome measurement (moderate): GvHD/relapse adjudicated clinically without independent review. D7 reporting (low): outcomes pre-specified. Overall: serious risk due to era-PTCy collinearity and small sample.",2026-05-26
58,111,RL,ROBINS-I,serious,moderate,moderate,low,moderate,moderate,low,serious,"Retrospective single-center cohort spanning 2010-2023 with temporal shift in standard-of-care prophylaxis (PTCy became default in October 2015). D1 (confounding): serious - PTCy/non-PTCy categorization is heavily confounded by calendar era (group I predominantly pre-2015, groups III/IV post-2015); conditioning intensity, TBI use, and cryopreservation differ markedly between arms (all p<0.01 in baseline table); letermovir era differs. Authors used multivariable Cox/Fine-Gray models adjusting for KPS, RIC vs MAC, cryopreservation, DRI, CMV serostatus but did not adjust for calendar year or letermovir era. D2 (selection): moderate - all consecutive MSD-HSCT PBSC included but only group with >=12 mo FU eligible. D3 (classification of interventions): moderate - prophylaxis groups well-defined from records, though ATG dose varied during a 2-yr window (4.5 mg/kg vs 2 mg/kg) mixed within group II/III. D4 (deviations): low - prophylaxis is assigned per protocol of era. D5 (missing data): moderate - some baseline data missing (DRI not in all). D6 (outcome measurement): moderate - blinding not possible; routine clinical ascertainment for GVHD, CMV, BSI; competing-risk framework used. D7 (selection of reported result): low - prespecified primary outcomes (GRFS, NRM, OS). Overall: serious risk of bias mainly due to era confounding.",2026-05-26
59,112,RL,ROBINS-I,moderate,low,moderate,low,moderate,low,low,moderate,"Retrospective registry-based analysis using publicly available CIBMTR P-5891 dataset restricted to young adults (18-39yr). Propensity score-matched analysis reduces but does not eliminate confounding. Strengths: large contemporary cohort (n=1387); MVA controlled for donor/recipient age, sex, diagnosis, DRI, HCT-CI, CMV serostatus, conditioning intensity; SMD <0.1 achieved post-PSM. Limitations: registry data with potential missing values and variable center-specific practices; PTCy era likely later than CNI-MTX era (era effect not formally adjusted); no granular data on PTCy dose, CNI agent/trough, MMF dose, infection prophylaxis (letermovir, antifungals); ATG agent/dose not reported. D1 (confounding): moderate (PSM mitigated). D3 (intervention classification): moderate (CNI agent and other details not reported). D5 (missing data): moderate (registry-typical). Overall ROBINS-I judgement moderate.",2026-05-26
60,118,RL,ROBINS-I,serious,moderate,moderate,low,moderate,moderate,low,serious,"Retrospective EBMT ALWP registry analysis comparing CBT (no PTCy, transplanted earlier era 2010-2019 with median 2013) vs 9/10 MMUD with PTCy (later era, median 2017). D1 (confounding): serious — substantial era differences (2013 vs 2017), heterogeneity in conditioning, GVHD prophylaxis, in vivo TCD (40% CBT vs 26% MMUD), and supportive care; propensity score matching attempted but unmeasured confounders (MRD status, donor chimerism, recipient HLA antibodies, center expertise) remain. D2 (selection): moderate — registry-based selection by donor type with center-level practice variation. D3 (intervention classification): moderate — heterogeneity in PTCy schedule (+3+4 vs +3+5) and adjunct immunosuppression. D4 (deviation): low. D5 (missing): moderate — substantial missingness for cytogenetics (37.9% unknown in CBT), HCT-CI, donor CMV. D6 (measurement): moderate — different follow-up duration (19.1 vs 46.8 mo) may bias outcome ascertainment. D7 (reporting): low. Authors performed propensity score matching but acknowledged inability to adjust for unmeasured factors.",2026-05-26
61,119,RL,ROBINS-I,moderate,low,moderate,low,moderate,low,low,moderate,"Retrospective matched-pair analysis from two LMU centers (Munich-Grosshadern + Augsburg) with high-quality matching on disease stage, ELN genetics, age. Two arms have inherently different GVHD prophylaxis (PTCy vs ATG) inseparable from donor type (confounding by indication). Some residual imbalances: cytoreductive chemotherapy (clofarabine vs FLAMSA) and graft source (BM 35% vs PBSC 100% in HLA-matched) differ; authors assessed and found no influence on outcomes. Small sample size (n=34 per arm). Standardized definitions (Glucksberg/Przepiorka for aGvHD, NIH 2005 for cGvHD, EORTC/MSG for IFI). Single-center supportive care and treatment protocols minimize center effects. Selection of matched pairs from larger pool of eligible patients (34/41 haplo and 34/166 HLA-matched) may introduce selection bias for HLA-matched arm in particular. Confounding domain moderate; selection moderate due to matched-pair design plus larger HLA-matched pool; classification of outcomes low.",2026-05-26
62,120,RL,ROBINS-I,serious,low,moderate,low,moderate,NA,NA,serious,"Retrospective registry-based comparison of 4 non-randomized donor cohorts (haplo-PTCy vs MSD vs MUD TCD+ vs MUD TCD-). D1 (confounding): SERIOUS - haplo patients differed significantly from comparators in age (older), KPS (better), prior auto-HCT (less), and transplant procedure (more TBI, more BM grafts); Cox modeling with forward stepwise selection used but residual confounding likely (HCT-CI missing in 25-47% across arms, EBMT does not collect for MED-A; race missing 18-36%; CMV status missing 31-58%). Authors explicitly acknowledge confounding limitation in Discussion. D2 (selection): LOW - all consecutive eligible patients registered in EBMT/CIBMTR; CIBMTR limited to US/Canada to prevent EBMT duplicates. D3 (classification): MODERATE - donor groups well-defined but TCD+/TCD- pooled different agents (ATG + alemtuzumab); cGVHD severity not classified per NIH 2014 in registry data. D4 (deviations): LOW - GVHD prophylaxis platform fixed per arm by inclusion criteria. D5 (missing data): MODERATE - HCT-CI, race, CMV missingness varies substantially by registry; treated as 'missing' category in Cox models. Outcomes ascertainment standard for both registries with on-site audits. Overall judgement: SERIOUS due to baseline imbalances and registry heterogeneity.",2026-05-26
63,122,RL,ROBINS-I,serious,moderate,moderate,low,moderate,moderate,moderate,serious,"Retrospective observational design across three Polish centers (Wroclaw, Gliwice, Poznan); GVHD prophylaxis assignment by center policy/donor type (PTCy haplo + MMUD vs ATG MMUD-only) creates strong confounding by indication (D1 serious). Arm sizes highly imbalanced (110 vs 35) and 100% of PTCy haplo are non-overlapping with ATG arm; only 17 PTCy-MMUD allow head-to-head comparison. Outcome definitions used standard Glucksberg/MAGIC for aGvHD and NIH 2014 for cGvHD but timepoints (D+100, 1yr, 2yr) not standardized; CMV reactivation reported as crude proportion without time-to-event. Loss to follow-up not described. No adjustment for multiple confounders presented in the primary tables. Heterogeneous ATG regimens (Grafalon 20 mg/kg or Thymoglobulin 4.5 mg/kg) within ATG arm. Pre-letermovir era (2015-2019) for both groups (Poland adoption).",2026-05-26
64,123,RL,ROBINS-I,serious,moderate,serious,moderate,moderate,moderate,moderate,serious,"Retrospective multicenter (3 Polish centers) cohort with strong arm imbalance: PTCy arm dominated by haplo-HSCT (84.5%) while ATG arm is exclusively MMUD-HSCT, so PTCy vs ATG comparison is confounded by donor type. Pooled PTCy arm reporting (haplo+MMUD together) for most outcomes prevents clean MMUD-PTCy vs MMUD-ATG analysis (only survival and HLA-mismatch distribution are reported within MMUD subset; aGVHD, cGVHD, CMV are not reported separately for MMUD-PTCy n=17). Domain 1 (confounding): serious due to non-random assignment of GVHD prophylaxis (donor type drives prophylaxis choice). Domain 3 (deviation from intended interventions): moderate. No adjusted hazard ratios reported. CMV timepoint not specified. Small MMUD-PTCy subset (n=17). No reporting of disease characteristics, conditioning intensity, HLA matching, or CMV serostatus by individual arm.",2026-05-26
65,124,RL,ROBINS-I,serious,moderate,moderate,low,moderate,moderate,moderate,serious,"Retrospective multicenter PALG analysis with non-randomized 3-arm comparison (PTCy-haplo vs PTCy-MMUD vs ATG-MMUD). D1 (confounding): serious - substantial between-arm imbalance in conditioning intensity (PTCy-MMUD 100% MAC vs PTCy-haplo 53.5% MAC) and diagnoses (p=0.004); donor age also differs (p=0.027); no propensity-score or robust multivariable adjustment. D2 (selection): moderate - prophylaxis choice driven by center/era. D3 (intervention classification): moderate - heterogeneous ATG dosing (Grafalon 20 mg/kg vs Thymoglobuline 4.5 mg/kg combined). D4 (deviations): low - retrospective with defined protocols. D5 (missing data): moderate - short median follow-up (8.5 months for alive patients) limits longer-term outcome estimation; D+100/CIF-based metrics not formally reported (crude proportions only). D6 (measurement): moderate - aGvHD reported as overall %, not stratified D+100 cumulative incidence; cGvHD overall (no NIH severity grading). D7 (selective reporting): moderate - no protocol/registration; primary outcome composite of acute and chronic GvHD with multiple subgroup comparisons. Overall: serious.",2026-05-26
66,133,RL,ROBINS-I,serious,serious,moderate,low,moderate,NA,NA,serious,"Retrospective single-center comparison of historical UCBT cohort (predominantly 2005-2014) vs newer HaploHCT cohort (predominantly 2015-2017). Strong era confounding: 96% of UCBTs were performed before 2015, while 74% of HaploHCTs were performed from 2015 onwards. Substantial baseline imbalance: HaploHCT recipients older (median 48 vs 38), less likely in CR (53% vs 77%), higher EBMT risk score and HCT-CI. MVA adjusted only for age and disease status; era and HCT-CI not modeled. GVHD prophylaxis platforms also differ inherently (PTCy + tacrolimus alone vs CSA/prednisone/MMF + ATG). Small sample (n=77 total). Outcome ascertainment from institutional protocol. Outcome definitions reasonably standard (Glucksberg, NIH). Authors transparent about limitations.",2026-05-26
67,134,RL,ROBINS-I,moderate,low,moderate,low,moderate,moderate,low,moderate,"Multicenter retrospective observational cohort (GETH 6 centers, 2013-2018). Single-arm descriptive infection epidemiology study with no comparator. D1 (confounding) moderate: heterogeneous conditioning (MAC/RIC), GVHD prophylaxis (CSA-MMF vs Tac alone), antifungal prophylaxis varies by center. D2 (selection) low: consecutive patients with broad eligibility. D3 (intervention classification) moderate: post-hoc landmark windowing may misclassify; severe infection definition standard but heterogeneous source ascertainment. D4 (deviations) low: standardized institutional protocols. D5 (missing data) moderate: retrospective chart review with potential underascertainment of late infections. D6 (measurement) moderate: ascertainment of severe infection uses standard EBMT definitions, but laboratory practices differ across centers. D7 (reporting) low: prespecified time windows, transparent. Overall moderate ROB for an observational study of this kind.",2026-05-26
68,136,RL,ROBINS-I,serious,moderate,moderate,low,moderate,low,low,serious,"Retrospective multicenter cohort with substantial baseline imbalances (PTCy group: more MRD donors, shorter dx-to-HSCT time, more KPS>=90, higher DRI, more BM grafts, more TBF/TMF conditioning) and strong era confounding (96% of PTCy in 2016-2020 vs 72% of SIR/TAC in 2012-2015; median follow-up 23m vs 78m). D1 serious: confounding by indication, era, and donor type. D2 moderate: selection by center protocol but consecutive within strategy. D3 moderate: intervention classification clear but PTCy-arm itself heterogeneous (CNI+/-MMF vs Sirolimus+MMF). D5 moderate: missing data on some baseline variables. Authors mitigated with IPW analysis but D1 confounding remains substantial. Overall serious.",2026-05-26
69,137,RL,ROBINS-I,moderate,moderate,moderate,low,low,moderate,low,moderate,"Multicenter retrospective GETH-TC/EBMT cohort (12 centers, 2012-2022) comparing HAPLO (n=330), MMUD-PTCy (n=49), MMUD-OTHERS (n=74) RIC alloHSCT. D1 confounding: moderate; multivariate Fine-Gray and Cox models with prespecified covariates (donor type, recipient/donor age, ECOG PS, diagnosis, disease status, TCI, CMV mismatch, ATG use) but residual confounding by indication likely (donor selection driven by center policy and clinical urgency). D2 selection: moderate; consecutive patients from PROMISE database across multiple centers, but era imbalance (73% MMUD-OTHERS transplanted 2012-2016 vs 89% MMUD-PTCy 2017+) may introduce era-related confounding. D3 intervention classification: moderate; GVHD prophylaxis is recorded but MMUD-OTHERS group is heterogeneous (Sir/Tac 78%, ATG 70%, varied combinations). D4 deviations from intended interventions: low. D5 missing data: low; cell counts of missing data reported per variable (e.g., DRI 17/4/23 missing across arms) and follow-up complete. D6 outcome measurement: moderate; outcome ascertainment not blinded; antifungal and CMV prophylaxis and monitoring not collected systematically (acknowledged limitation). D7 selective reporting: low; prespecified primary endpoint (GRFS) reported. Overall moderate risk of bias due to retrospective design, era effect, small MMUD-PTCy subgroup (n=49 limits power), and heterogeneity in MMUD-OTHERS prophylaxis.",2026-05-26
70,140,RL,RoB2,low,low,low,low,low,NA,NA,low,RCT with 1:1 central randomization stratified by center via Emmes Corporation (D1 low). Open-label trial (donor source cannot be blinded) but objective and standardized endpoints with adjudication committee blinded to treatment assignment for >90% concordance check (D2/D4 low). Pre-specified primary endpoint (2-year PFS) and analysis plan (D5 low). Missing outcome data minimal at 2 years; ITT analysis with all randomized included (D3 low). Cross-overs from haplo arm to UCB (11/182) reflect clinical inability to obtain haplo donor; analyzed by ITT mitigating deviation bias. Overall low ROB.,2026-05-26
71,141,RL,ROBINS-I,moderate,serious,moderate,low,moderate,moderate,low,serious,"Single-center retrospective cohort with non-randomized assignment to PTCy vs MTX. Era-confounded: PTCy was used uniformly from April 2019 onward while MTX was used predominantly before that date, creating substantial calendar-time/era confounding (D2 serious). Arm assignment was by center protocol rather than patient/disease characteristics, but confounders such as donor type, conditioning intensity, disease, age likely differ between eras (D1 moderate). Outcome ascertainment (HC) was based on clinical hematuria grading using accepted literature criteria with prospectively collected data, but ascertainment of aGVHD and NRM not stratified by arm. The paper does not report per-arm outcomes for aGVHD, NRM, OS, CMV, or BSI — only HC incidence is per-arm. Marked imbalance between arms (n=188 vs n=43) and PTCY-MTX comparison was not the primary research question (HC was). Risk of bias for any inference about PTCy vs MTX on outcomes other than HC is high. Selective reporting moderate (D5).",2026-05-26
72,142,RL,ROBINS-I,serious,moderate,moderate,low,moderate,low,low,serious,"D1 confounding: serious - retrospective registry-based study with strong era imbalance (87% haplo transplanted 2016-2020 vs 28% of 9/10-MUD); MVA adjusted for year of allo-SCT but residual confounding from supportive care/conditioning evolution likely. Information on ATG dose/formulation, MRD status, molecular/genetic disease features, immune reconstitution and infection data NOT available in registry. D2 selection: moderate - consecutive registry patients; donor type determined by availability/center preference. D3 classification of intervention: moderate - heterogeneous ATG dose/formulation across centers. D4 deviations: low. D5 missing data: moderate - HCT-CI missing in 34.8% overall (42.8% in MUD arm); donor age missing in 43.1%; missing values treated as separate categories in MVA. D6 measurement of outcomes: low - standardized GVHD grading per consensus criteria. D7 selective reporting: low. Overall: serious risk of bias due to retrospective era-imbalanced registry design with substantial missingness.",2026-05-26
73,144,RL,ROBINS-I,serious,serious,moderate,low,moderate,moderate,low,serious,"Retrospective multicenter cohort design comparing haplo vs MSD HSCT in SAA. D1 (confounding): serious — donor type is non-randomized; significant baseline imbalance in conditioning regimen (p=0.040), GVHD prophylaxis distribution (p=0.008), time from diagnosis to HSCT (p=0.021), CD34+ cell dose (p=0.019); no multivariable adjustment for OS or GVHD comparisons. D2 (selection): serious — consecutive enrollment described but no randomization; donor type selection driven by availability; arms unbalanced 117 vs 39 with different prophylaxis mix (PT-CY 26.5% in haplo vs 10.3% in MSD; ATG-based 22.2% vs 46.2%). D3 (intervention classification): moderate — donor type and arm assignment clearly defined but heterogeneous GVHD prophylaxis within arms confounds donor-comparison interpretation. D4 (deviations from intended interventions): low. D5 (missing data): moderate — no flow diagram; 156 patients enrolled but completeness of outcome ascertainment across 4 centers not explicit. D6 (outcome measurement): moderate — clinical/per-protocol GVHD grading (Fred Hutchinson criteria), CMV by weekly PCR; no blinded adjudication. D7 (selective reporting): low — pre-specified primary (2-yr OS) and secondary endpoints reported. Overall: serious due to confounding and selection bias inherent to a non-randomized observational comparison with substantial baseline imbalance.",2026-05-26
74,146,RL,ROBINS-I,serious,serious,moderate,low,low,moderate,low,serious,"Retrospective registry-based cohort. D1 (confounding): serious - ATG-PTCy was used exclusively at PMHCC (single-center) while PTCy-only was used at other Canadian centers, creating strong center-by-treatment confounding; multiple baseline imbalances (KPS, HCT-CI, DRI, recipient CMV). Authors performed multivariable Cox and PSM analysis but key unmeasured confounders (institutional supportive care, infection prophylaxis, CMV monitoring) remain. D2 (selection): serious - selection into prophylaxis regimen by center policy, not patient/disease characteristics; non-random allocation. D3 (intervention classification): moderate - clear regimen definitions but conditioning intensity definitions heterogeneous ('Other' vs MAC). D4 (deviations): low - registry data, no protocol deviations to consider. D5 (missing data): low-moderate - some missingness in DRI (18%) and ABO incompatibility (21.6%) handled with multivariable inclusion of 'unknown' category. D6 (outcome measurement): moderate - GVHD grading and CMV monitoring not standardized across 11 centers; non-fatal infectious complications not captured. D7 (selective reporting): low - all pre-specified endpoints reported. Overall: serious risk of bias due to strong center-treatment confounding.",2026-05-26
75,147,RL,ROBINS-I,serious,moderate,moderate,low,moderate,moderate,moderate,serious,"Single-centre retrospective observational study of 21 R/R HL patients with no comparator arm. D1 (confounding): serious - no adjustment for confounders, mixed conditioning (95% Flu/Cy/TBI200, 5% Flu/Mel) and GVHD prophylaxis (86% PTCy, 14% ATG) with no separate analysis. D2 (selection): moderate - consecutive patients meeting criteria, but selection of alloSCT candidates not described in detail. D3 (classification of intervention): moderate - intervention well documented but heterogeneous. D4 (deviations): low - retrospective. D5 (missing data): moderate - HCT-CI missing 1, GVHD prophylaxis missing 2, ABO mismatch missing 2. D6 (measurement): moderate - outcomes ascertained from CIBMTR-reporting database; CMV/EBV ascertainment method not specified. D7 (selection of reported result): moderate. Overall: serious due to small sample size, no comparator, heterogeneous treatment, and limited generalizability acknowledged by authors.",2026-05-26
76,151,RL,ROBINS-I,serious,moderate,moderate,low,moderate,low,low,serious,"EBMT registry retrospective comparison; ATG and PTCy groups not randomized — choice of GVHD prophylaxis by center/era, large imbalance in group size (117 PTCy vs 779 ATG). D1 (confounding): serious — no MRD data, ATG brand/dose/timing not collected, calendar period imbalance (PTCy more recent). D2 (selection): moderate — both arms drawn from same registry by uniform inclusion criteria (CR1, 10/10 MUD, 2015-2020). D3 (intervention classification): moderate — broad classifier 'ATG' or 'PTCy' but no detailed regimen capture. D4 (deviations): low — registry data. D5 (missing data): moderate — KPS, HCT-CI, donor sex missing in 8-14% of records. D6/D7 (measurement, reporting): low — standard EBMT outcome definitions, all prespecified secondary endpoints reported.",2026-05-26
77,155,RL,ROBINS-I,NA,NA,NA,NA,NA,NA,NA,NA,Study excluded from PTCy contrast analysis as single-arm descriptive without PTCy vs comparator stratification; RoB not assessed per protocol exclusion.,2026-05-26
78,158,RL,ROBINS-I,moderate,moderate,moderate,low,moderate,moderate,low,moderate,"Single-center retrospective study (138 haplo-HCT recipients with PBSC and PTCy at Washington University). The study stratifies by post-transplant CMV viremia (an outcome) and analyzes its impact on other outcomes - not a GVHD prophylaxis comparison. D1 (confounding): moderate - retrospective, baseline imbalance in age/race/CMV serostatus between groups. D2 (selection): moderate - convenience sample. D3 (classification): moderate - clinical/laboratory ascertainment. D4 (deviations): low. D5 (missing data): moderate - short median follow-up (220d) for time-to-event outcomes. D6 (measurement): moderate - clinical aGVHD/cGVHD grading. D7 (selective reporting): low. Letter to the Editor format limits methods detail.",2026-05-26
79,162,RL,ROBINS-I,serious,serious,low,low,low,low,low,serious,"Single-center retrospective registry cohort of 2-year survivors only (conditioning landmark survivor bias). Heterogeneous GVHD prophylaxis (CsA+MTX 77%, CsA+sirolimus 15%, PTCy 4%, other) and transplant era span (2005-2019 covers major practice changes). PTCy used only in n=17 haplo recipients - cannot be analyzed as comparator. Confounding by indication for prophylaxis platform, donor type, and era. No PTCy vs non-PTCy outcome stratification provided. For PTCy meta-analysis purposes, this study contributes background/context only (single_arm_descriptive_excluded).",2026-05-26
80,163,RL,ROBINS-I,NA,NA,NA,NA,NA,NA,NA,NA,Single-arm descriptive trial excluded per protocol (no comparator arm); RoB not assessed.,2026-05-26
81,166,RL,ROBINS-I,serious,moderate,moderate,low,low,low,low,serious,"Single-center retrospective observational study (Luoyang Central Hospital) comparing two non-randomized GVHD prophylaxis platforms across the same enrollment window (2019-2024) at physician discretion. D1 (confounding): SERIOUS - non-randomized allocation by treating physician discretion / evolving institutional practice; potential time-period confounding within 2019-2024 window; only baseline DRI/age/disease distribution adjusted in multivariable analyses. D2 (selection): MODERATE - consecutive eligibility, but selection mechanism between regimens not explicitly random and may reflect unmeasured prognostic factors. D3 (classification of interventions): MODERATE - ATG dose and PTCy administration well documented but no central audit. D4 (deviations): LOW - intent-based comparison, no major deviations. D5 (missing data): LOW - 100% follow-up. D6 (measurement of outcomes): LOW - cGVHD and aGVHD by standard NIH/Glucksberg criteria, blinded outcome assessment unlikely needed for these. D7 (reporting): LOW - all pre-specified outcomes reported. Sample size (n=61) extremely small with wide CIs limiting precision. Overall: SERIOUS due to small underpowered single-center retrospective design with non-randomized allocation.",2026-05-26
82,167,RL,ROBINS-I,serious,moderate,moderate,low,low,moderate,low,serious,"Retrospective single-center matched-pair design at LMU Munich; D1 (confounding) serious because of marked era/calendar-time differences (median transplant year MRD 2006 / URD 2008 / Haplo 2012) and unbalanced graft source (Haplo predominantly BM, MRD/URD PBSC) that could not be matched; D2 (selection) moderate as matching used disease, age, ECOG/KPS but pool was 36 haplo from which 16 were matched; D3 (intervention classification) moderate due to GVHD prophylaxis platforms also differing in components (Sirolimus-MMF in some MRD/URD); D4 (deviations) low; D5 (missing data) low (long follow-up complete); D6 (measurement) moderate (GvHD grading clinical with potential observer variability); D7 (reporting) low; overall judgement serious due to confounding by era and graft source.",2026-05-26
83,168,RL,ROBINS-I,serious,moderate,moderate,low,moderate,NA,NA,serious,"Retrospective EBMT+CIBMTR registry analysis with structural confounding: PTCy is structural to the haplo-HCT arm only; MSD and MUD comparator arms use CNI-based prophylaxis (MUD TCD+ adds ATG/alemtuzumab). Authors acknowledge important baseline differences (haplo arm has more KPS<90, more BM grafts, more RIC), and that application of PTCy to MUD transplants might question the equivalence. Multivariate Cox adjusted for donor source, disease status, age, sex, cell source, conditioning intensity, prior auto-HCT, KPS, histology, with stratification on data source. D1 (confounding): serious (donor-prophylaxis structural confounding, residual confounding by center practices and PTCy/CNI/ATG specifics not separable). D2 (selection): moderate (registry; selection of fitter patients able to undergo HCT). D3 (exposure measurement): moderate (registry classification with overlap exclusion vs prior studies). D4 (deviation from intervention): low (registry observational). D5 (missing data): moderate (substantial missing data on chemotherapy lines [61%] and HCT-CI; KPS missing in 86 patients). No central pathology review; ALK status missing for 27% of ALCL cases; no information on imaging modalities for response assessment or postrelapse therapies.",2026-05-26
84,170,RL,ROBINS-I,serious,moderate,low,low,low,moderate,low,serious,"Large nationwide retrospective registry analysis (JDCHCT TRUMP2) with substantial cohort differences between arms. D1 (Confounding): serious - donor choice non-random, significant baseline imbalances (age, sex distribution by donor type, transplant era 2013-2016 vs 2017-2020 distributed asymmetrically, GVHD prophylaxis platform CNI+MMF vs CNI+MTX strongly correlated with donor type, conditioning intensity differences). Although multivariable Fine-Gray/Cox models adjust for multiple covariates, residual confounding from center-level practices, unmeasured factors (donor selection rationale, e.g., urgency for UCB-L group; functional status; CMV serostatus), and CD34+ cell count selection logic remains. D2 (Selection): moderate - 715/8506 cases (8.4%) excluded for missing data which authors note do not change results materially. D3 (Classification of intervention): low - donor type and graft source clearly recorded in registry. D4 (Deviations): low - registry observational; intervention exposures are fixed at transplant. D5 (Missing data): low - large N, completeness for primary outcomes good. D6 (Measurement): moderate - GVHD graded at each institution (potential inter-institution variability), no central adjudication. D7 (Reporting): low - prespecified covariates with full Table 2/3/4 multivariable models reported.",2026-05-26
85,178,RL,ROBINS-I,moderate,moderate,moderate,low,moderate,low,low,moderate,"Retrospective multicenter Spanish cohort with heterogeneous comparator (MRD/MUD/MMRD/MMUD historical controls from only 2 of the 4 centers). D1 confounding moderate: GVHD prophylaxis platform varies markedly across donor types (PTCy in haplo only; Tac+Sir for MUD; CsA-based in MRD; ATG used in 70.4% MMUD vs 0.8% in haplo). D2 selection moderate: haplo arm contemporary (2016-2018) vs historical controls (2012-2018) at 2 centers only; HCUS/HGUGM contribute only haplo patients. D3 classification of intervention low. D4 missing data low (only 8/283 patients had truncated follow-up to median 294 d). D5 outcome measurement moderate: heterogeneity in PCR assay used (Affigene vs Abbott), different PET thresholds per center; addressed by subanalyses but residual concern. D6 outcome reporting low (all outcomes reported). D7 other low. Overall moderate.",2026-05-26
86,180,RL,ROBINS-I,serious,serious,moderate,low,low,low,low,serious,"D1 (confounding): serious - retrospective nonrandomized cohort with treatment selection by physician's discretion; PTCy-Siro patients significantly younger (median 48 vs 61 yr, P=.004) and disease distribution differed (NHL predominant in PTCy-Siro [37.9%] vs AML predominant in Tac-MTX [37.9%], P<.001); no multivariable adjustment for confounders. D2 (selection of participants): serious - intervention selection by physician choice with unstated criteria, with strong potential for indication bias (e.g., younger or NHL patients preferentially receiving PTCy-Siro). D3 (classification of interventions): moderate - GVHD prophylaxis exposure clearly defined and prospectively administered. D4 (deviations): low. D5 (missing data): low - some outcomes reported with N evaluable (e.g., chimerism, immunosuppression withdrawal) but main outcomes complete. D6 (measurement of outcomes): low - standardized GVHD grading (Glucksberg/NIH). D7 (selection of reported result): low. Overall: serious risk of bias due to confounding and selection bias inherent to retrospective comparison with treatment selection at physician discretion.",2026-05-26
87,183,RL,ROBINS-I,moderate,moderate,moderate,low,low,low,low,moderate,"Single-center retrospective cohort comparing 3 non-randomized groups defined by donor/GVHD prophylaxis era at UAB 2012-2016. D1 (confounding): moderate - patients with MRD predominantly got CNI-based prophylaxis (cohort A) and MUD got 1-dose PTCy (cohort B), confounding by donor type/era is structural. D2 (selection): moderate - cohorts defined by donor type and protocol used at the time. D3 (classification of interventions): moderate - cohort B used 1-dose PTCy which is non-standard. D4 (deviations): low - retrospective EMR review. D5 (missing data): low - relatively complete reporting. D6 (outcome measurement): low - CMV uniformly assessed by qPCR with consistent threshold. D7 (selective reporting): low.",2026-05-26
88,184,RL,ROBINS-I,serious,moderate,moderate,low,moderate,moderate,low,serious,"D1 (confounding): serious - retrospective single-center comparison of donor types (haplo vs MUD/MSD) where GVHD prophylaxis differs (haplo arm 100% PTCy+low-dose ATG vs MUD/MSD arm heterogeneous: 18/40 PTCy+ATG and 22/40 ATG+MTX no PTCy). Multivariate analyses partially adjust but the prophylaxis-donor confounding is structural and acknowledged by authors. Significantly different follow-up (haplo 23.5 vs MUD/MSD 58.9 months; P<0.001), donor age, MNC and CD34+ counts. D2 (selection): moderate - consecutive enrollment by patient age and donor availability, era difference (MUD/MSD predominantly earlier era). D3 (classification): moderate - GVHD prophylaxis is not the explicit exposure being compared; treatment exposure classification is heterogeneous. D4 (deviations): low - both arms followed institutional protocols. D5 (missing data): moderate - some baseline covariates not reported (CMV serostatus, HLA matching detail in MUD/MSD). D6 (outcome measurement): moderate - clinically diagnosed outcomes with standard Glucksberg/NIH criteria. D7 (selective reporting): low - prespecified analyses appear reported. Overall judgement: serious due to confounding by GVHD prophylaxis heterogeneity in MUD/MSD arm.",2026-05-26
89,185,RL,ROBINS-I,serious,moderate,moderate,low,low,low,low,serious,"Retrospective two-center study with marked era imbalance (ATG predominantly 2010-2017, PTCy predominantly 2018-2020): D1 confounding serious — letermovir era (2018+) coincides with PTCy adoption, confounding CMV outcomes (authors did sensitivity analysis on pre-2017 subcohort showing attenuated csCMV effect); donor mismatch level imbalanced (PTCy 30.5% >1 locus mismatch vs ATG 2.2%) and graft source imbalanced (PTCy 50% BM vs ATG 26% BM). D2 selection moderate — eligible patient selection well-defined but PTCy 30/82 from prospective NCT02793544 trial may differ from registry-treated patients. D3 classification of intervention moderate — well-defined protocols per arm but ATG dose ranged 5-7.5 mg/kg and PTCy arm split tac/sir 50/50. D4-D5 low. Authors performed multivariable Cox adjusting for CIBMTR risk and graft source and era-restricted sensitivity (post-2016 subcohort) showing maintained PTCy benefit on GRFS.",2026-05-26
90,187,RL,ROBINS-I,moderate,low,moderate,low,moderate,low,low,moderate,"Retrospective Japanese nationwide registry (TRUMP/JSTCT) analysis. D1 confounding: moderate — significant baseline imbalances in patient sex, ECOG PS, phenotype, ABO mismatch, and transplant year; addressed via multivariate Cox regression and propensity score matching, but residual unmeasured confounding likely (e.g., centre/donor availability, conditioning regimen details, MRD status). D2 selection: low — registry-based with consecutive eligible patients 2013-2021. D3 classification: moderate — registry data completeness varies; some baseline variables incompletely captured. D4 deviations: low — no protocol-defined intervention assignment in retrospective design. D5 missing data: moderate — supplementary appendix not viewable here; details on missing covariates and how handled in propensity matching unverifiable. D6 measurement: low — standardized TRUMP definitions for OS/DFS/NRM/relapse. D7 reporting: low — pre-specified comparisons in study plan approved by JSTCT.",2026-05-26
91,192,RL,ROBINS-I,serious,moderate,serious,moderate,moderate,moderate,moderate,serious,"Single-center retrospective with no formal analytic strategy for confounding control. D1 (confounding): serious - PTCy arm is heterogeneous (all 14 haplo + 26 MUD + 9 MSD) while comparator is exclusively MSD; donor-type confounding is overwhelming and impossible to disentangle without multivariable adjustment, which the paper does not perform. Univariate comparisons in Tables 1/2 use chi-square/Fisher's exact tests with no covariate adjustment. D2 (selection): moderate - all consecutive transplants 2022-2024 at one center; allocation was by donor type rather than randomization or matching. D3 (intervention classification): serious - paper text says PTCy was given on D+3 and D+5 (non-standard timing; possibly a typo for D+3/+4 but no correction available); definitional uncertainty. D4 (deviations): moderate - all received uniform CSA+MMF backbone. D5 (missing data): moderate - mortality, NRM, infections, engraftment, OS not broken out by PTCy vs comparator; only aGVHD any-grade and cGVHD any-grade have per-arm data. D6 (measurement of outcomes): moderate - IBMTR grading rather than MAGIC/NIH; ascertainment timing not specified. D7 (reporting): moderate - some inconsistency (cGVHD 14 in Table 2 vs 15 in narrative; 13 MDS-RAEB '9%' inconsistent with 13/78=16.7%); selective reporting of subgroup OS without methodology.",2026-05-26
92,193,RL,ROBINS-I,NA,NA,NA,NA,NA,NA,NA,NA,Study excluded as single_arm_descriptive (LTV era comparison without PTCy stratification); RoB assessment not applicable.,2026-05-26
93,196,RL,ROBINS-I,moderate,moderate,low,low,moderate,low,low,moderate,"CIBMTR registry retrospective comparative analysis. D1 (confounding): moderate - significant baseline imbalances (DRI worse in haplo, KPS/HCT-CI better in haplo, conditioning and graft source differ systematically by donor type); MVA adjusted for key prognostic factors. D2 (selection): moderate - donor selection driven by physician/center practice not random; treatment group defined by donor availability. D3 (intervention classification): low - GVHD prophylaxis arms well-defined per CIBMTR forms. D4 (deviations): low - retrospective registry; protocols defined. D5 (missing data): moderate - GVHD outcomes restricted to CRF-level subset (~25% of cohort), creating potential reporting bias and reduced power; no infection-specific outcomes captured. D6/D7 (outcome measurement / reporting): low - standardized CIBMTR forms with audit/QC; pre-specified endpoints. Overall: moderate - well-conducted registry but inherent confounding by donor selection and selective CRF reporting for GVHD limit causal inference.",2026-05-26
94,197,RL,ROBINS-I,serious,moderate,moderate,low,moderate,moderate,low,serious,"D1 (confounding): serious - retrospective single-center comparison of PTCy (used for haplo/9-10 MMUD only) vs non-PTCy (all other donor types) confounds donor type, conditioning intensity, HLA matching with prophylaxis strategy. Authors note multicollinearity between PTCy and HLA mismatch. D2 (selection): moderate - all consecutive AHSCT included from registry; 17 excluded for early death/engraftment failure. D3 (intervention classification): moderate - PTCy use clearly defined by donor type/HLA mismatch, but other GVHD prophylaxis details for non-PTCy arm not reported. D4 (deviations): low. D5 (missing data): moderate - many baseline arm characteristics not reported separately by PTCy vs non-PTCy. D6 (outcome measurement): moderate - BKV uPCR only performed on clinical symptoms (no systematic screening), risking under-ascertainment of mild cases. D7 (reporting): low - outcomes prespecified.",2026-05-26
95,198,RL,ROBINS-I,serious,moderate,moderate,moderate,moderate,moderate,moderate,serious,"Single-center retrospective cross-sectional study with very small N=40 (15 vs 25). D1 (confounding) serious - no adjustment for confounders, treatment allocation likely driven by era/availability of PTCy (since 2016) with no propensity matching; baseline imbalances in disease distribution (MDS only in PTCy arm; lymphoma only in MTX-CysA arm). D2 (selection) moderate - selection of patients within single center, eligibility criteria not detailed. D3 (intervention) moderate - retrospective record review. D4 (deviations) moderate. D5 (missing data) moderate. D6 (outcome measurement) moderate - aGVHD per IBMTR criteria, cGVHD per NIH consensus, CMV per PCR threshold. D7 (selective reporting) moderate. Significantly underpowered for primary endpoint of grade 3-4 aGVHD (0 vs 3 events, p=0.28). Median follow-up disparate between arms (9.8 vs 22.6 months) introducing time-to-event bias.",2026-05-26
96,201,RL,ROBINS-I,serious,moderate,moderate,low,moderate,moderate,low,serious,"Retrospective single-center cohort comparing haplo-PTCy vs UD-ATG. D1 (confounding): serious - arms differ substantially in disease distribution (more AL/MDS/MPN in UD: 89.7% vs 59.3%; more lymphoma in haplo: 27.1% vs 2.9%), conditioning intensity (MAC 77.9% UD vs 27.1% haplo), and graft source (BM 74.6% haplo vs 51.5% UD). D2 (selection): moderate - consecutive patients but allocation by donor availability/clinical choice. D3 (classification): moderate - retrospective chart review; standardized viral surveillance protocol applied. D4 (deviations): low - real-world clinical practice followed protocol. D5 (missing data): moderate - BKV/HHV-6 only tested in symptomatic patients, biases multi-virus incidence estimates downward (acknowledged by authors). D6 (measurement): moderate - blinding not feasible; clinical outcomes (CMV disease, BKV-HC) require physician adjudication. D7 (selection of reported): low - prespecified outcomes reported. Overall serious due to imbalanced baseline characteristics confounding the PTCy vs ATG comparison and asymmetric viral testing strategy.",2026-05-26
97,203,RL,ROBINS-I,serious,serious,moderate,low,low,low,low,serious,"Single-center retrospective comparison of pre-2016 Tac/MTX era (N=252, FU 10.6 yr) vs post-2016 PTCy era (N=99, FU 4.4 yr) for matched donor allo-HSCT at Cedars-Sinai. D1 confounding: SERIOUS - era cohorts differ on multiple factors (PBSC use 63.9% vs 81.8%, MAC 41.3% vs 50.1%, NMA 11.1% vs 1.0%, KPS<=80 26.6% vs 40.4%, DRI low 42.9% vs 62.6%, race distribution P=.0019). Authors acknowledge concomitant practice changes (PBSC predominant, TBI-based conditioning, blinatumomab pre-HCT, low-risk donor selection) that may confound. Multivariate Cox models adjust for some factors but not all (e.g., letermovir era, blinatumomab use, era of supportive care). D2 selection: SERIOUS - era-based selection; all post-2016 patients got PTCy (no PTCy exclusions or contemporaneity). D3 classification of exposure: MODERATE - PTCy vs Tac/MTX exposure clearly defined but ATG/alemtuzumab use in non-PTCy comparator not reported. D4-D7 generally low: outcomes ascertained per registry-quality data, CIBMTR data used, GVHD graded per Consensus 1994 and Sullivan 1981.",2026-05-26
98,207,RL,ROBINS-I,serious,serious,moderate,low,moderate,moderate,low,serious,"Single-center retrospective historical comparison with sequential year-based allocation (MTX/CSA 2010-2011 vs PTCy/ATG 2011-2012); D1 confounding serious (era, age, disease distribution differ significantly: PTCy/ATG older [median 45 vs 36, P=0.030], higher AML proportion [81% vs 57%], more prior chemo cycles [81% vs 48%, P=0.024]); D2 selection serious (allocation by year, not random); D3 classification moderate (Mount Sinai aGVHD criteria but Seattle cGVHD); D4 deviation low; D5 missing data moderate (some cGVHD denominators reduced for D+100 survivors); D6 measurement moderate (clinical ascertainment, no central adjudication); D7 reporting low. Overall: serious due to confounding and selection by era/year.",2026-05-26
99,208,RL,ROBINS-I,serious,moderate,low,low,moderate,moderate,moderate,serious,"Retrospective non-randomized comparison of two cohorts treated in different eras (Haplo-Cord 1999-2012 vs PTCy-haplo 2012-2014). Significant baseline imbalances reported by authors (higher DRI in Haplo-Cord, higher HCT-CI in PTCy-haplo, TBI use 25% vs 0%). Different conditioning regimens, GvHD prophylaxis, donor types (UCB+TPD vs haplo PBSC), ATG use (100% vs 0%) — confounding by indication is substantial. No multivariable adjustment for confounding reported. Follow-up unbalanced (61 vs 26 months). Outcome ascertainment from multiple GETH centers, standardized definitions. No selective reporting evident.",2026-05-26
100,209,RL,ROBINS-I,serious,moderate,moderate,low,moderate,low,low,serious,"D1 (confounding): Serious. Retrospective non-contemporaneous comparison; PTCy era 2014-2017 vs CsA-MTX era 2010-2015 with substantial overlap but inherent era confounding (supportive care, antimicrobial prophylaxis). Conditioning intensity also differs significantly between groups (RIC 60% PTCy vs 36% CsA-MTX, P=.015). Multivariate analysis included center, age, sex, comorbidity, diagnosis, DRI, stem cell source, conditioning. D2 (selection): Moderate. Consecutive patients from both centers (1 center contributing to both arms; 1 center contributing only PTCy). D3 (intervention classification): Moderate. Two different PTCy regimens combined (PTCy D+3,+5 + CsA D0 vs PTCy D+3,+4 + CsA + MMF D+5). D4 (deviations): Low. D5 (missing data): Moderate. Single-arm follow-up disparity (PTCy median 15 mo vs MTX-CsA median 60 mo) limits 2-year outcome reliability; some baseline variables (CMV serostatus, infection prophylaxis) not reported. D6 (outcome measurement): Low. Standardized GVHD criteria (Przepiorka 1994 aGVHD; NIH 2014 cGVHD). D7 (selective reporting): Low. Pre-specified endpoints reported.",2026-05-26
101,211,RL,ROBINS-I,serious,moderate,moderate,low,moderate,moderate,low,serious,"Retrospective multicenter analysis stratifying outcomes by GvHD prophylaxis (Standard vs ATG vs PTCy) with no adjustment for confounders (donor type, conditioning, disease, age) that strongly influence prophylaxis selection (D1 confounding: serious - haplo patients almost universally PTCy; ATG predominantly for unrelated donors; standard predominantly for matched siblings). D2 selection: moderate - consecutive patients from 2017 transplants at six centers, but heterogeneous indication-by-center. D3 classification: moderate - cGvHD ascertained per 2014 NIH criteria (good), but laGvHD definition variable. D4 deviations: low. D5 missing data: moderate - no specific CMV/infection data and pediatric subgroup analysis limited. D6 measurement: moderate - cGvHD per NIH criteria but center-level variation in scoring. D7 reporting: low. No information on adjusted analyses; only crude proportions and chi-square p-values. Underpowered for severity stratification.",2026-05-26
102,216,RL,ROBINS-I,serious,moderate,moderate,low,moderate,NA,NA,serious,"D1 (confounding): serious — retrospective non-randomized assignment to mPTCy vs G-CSF/ATG without protocol-specified allocation; significant baseline imbalance in disease classification (P=.002), HCT-CI (P=.001), donor sex (P=.003), donor type (P=.006), hemoglobin (P=.001), and follow-up duration (P<.001); multivariate Cox adjustment performed but propensity score matching not used. D2 (selection): moderate — multicenter retrospective cohort drawn from 7 Hubei centers without inclusion-criteria flowchart; differing center-level conditioning policies may bias selection. D3 (intervention classification): moderate — within-arm heterogeneity (PTCy D+3/+4 in 2018-2019 vs D+3/+5 in 2020-2021; porcine ALG 100 mg/kg or rabbit ATG 10 mg/kg); regimens are categorized but with internal variation. D4 (deviations): low — uniform GVHD prophylaxis protocols per arm. D5 (missing data): moderate — incomplete reporting of conditioning intensity classification, CMV/HLA serostatus, antifungal/antibacterial prophylaxis, letermovir use; follow-up imbalance (12.7 vs 31.5 months). Overall: serious.",2026-05-26
103,217,RL,ROBINS-I,serious,moderate,moderate,low,moderate,moderate,moderate,serious,"EBMT registry retrospective comparison. D1 confounding: serious - ATG arm has substantially longer follow-up (66.8 vs 23.2 mo PTCy) suggesting era confounding, no PS matching, donor/center heterogeneity. D2 selection: moderate - inclusion well-defined but ATG arm small (n=35). D3 classification of intervention: moderate - GVHD prophylaxis category clear, but ATG agent/dose not granularly reported. D4 deviations: low - registry observational. D5 missing data: moderate - cytogenetics N/A in >50%, ATG dose/agent NR, comorbidity scores limited. D6 outcome measurement: moderate - registry-reported outcomes. D7 selection of reported result: moderate - aGVHD grade II-IV per arm not separately tabulated (only whole cohort), only HRs given for some comparisons. Overall serious.",2026-05-26
104,219,RL,ROBINS-I,serious,moderate,moderate,low,moderate,NA,NA,serious,ROBINS-I: D1 (confounding) serious — comparison entangles GVHD prophylaxis with donor type (PTCy arm 100% haplo; comparator arm 0% haplo / MSD-MUD only) and conditioning intensity (PTCy 90% NMAC/RIC; CsA+MTX 65% MAC) and age (PTCy median 56 vs CsA+MTX 42); no PS-matching or multivariable adjustment for comparison reported; authors acknowledge this limitation. D2 (selection) moderate — consecutive single-center 2003-2023 with 20-year era effects and unclear handling of antifungal-prophylaxis era shifts. D3 (classification of interventions) moderate — uniform institutional protocols. D4 (deviations) low. D5 (missing data) moderate — antifungal exposure heterogeneous (PTCy: 53.8% echinocandin vs CsA+MTX: 82.4% fluconazole) and may differentially classify IMI risk. Overall serious risk of bias for the PTCy-vs-CsA+MTX IFD contrast.,2026-05-26
105,221,RL,ROBINS-I,serious,moderate,moderate,low,moderate,moderate,low,serious,"EBMT ALWP registry-based retrospective comparison; PTCy vs ATG groups differ substantially in baseline (conditioning intensity, stem cell source - PTCy more RIC/BM vs ATG more MAC/PBSC; both p<0.01), generating confounding. Heterogeneous ATG dosing (range 2.5-80 mg/kg). HLA typing imputation by in silico method for 66% of pairs based on German registry haplotype frequencies introduces potential measurement error. HLA-DPB1 and HLA-DQ not assessed. Outcome ascertainment via EBMT registry forms - dependence on local center reporting. Time-period heterogeneity (2007-2014). aGVHD and cGVHD endpoints likely reliably scored; relapse/TRM standard. No major issues with selection of reported result.",2026-05-26
106,226,RL,RoB2,low,some_concerns,low,low,low,NA,NA,some_concerns,"D1 (randomization process): Low risk. Permuted-block randomization with random block sizes, stratified by donor type and age, allocation concealed via central system; baseline characteristics balanced. D2 (deviations from intended interventions): Some concerns. Open-label trial (unblinded patients, providers); 14.4% noncompliance in CD34 arm (10 crossed to Tac/MTX), 8.2% in PTCy arm (6 crossed to Tac/MTX), 2.6% in control. ITT analysis primary; per-protocol as-treated sensitivity analysis showed similar results. The differential crossover rate raises some concerns even with ITT. D3 (missing outcome data): Low risk. Loss to follow-up minimal (2-3 patients per arm); end-point review committee blinded. D4 (measurement of outcome): Low risk. Independent endpoint review committee blinded to treatment allocation reviewed all CRFS components including cGVHD adjudication. D5 (selection of reported result): Low risk. Pre-specified primary endpoint (CRFS) and secondary endpoints; NCT02345850 registration; protocol available as supplement; gatekeeper hierarchy specified. Overall: Some concerns driven by open-label design and modest differential noncompliance/crossover; otherwise well-conducted phase III RCT.",2026-05-26
107,232,RL,ROBINS-I,moderate,moderate,moderate,low,moderate,low,low,moderate,"Multicenter retrospective registry study with 1:2 matching on sex, conditioning intensity, disease stage, Ph-status, cytogenetic risk, plus multivariable Cox/Fine-Gray adjustment for age, KPS, stem cell source, era. D1 (confounding) moderate: key prognosticators matched but MRD status, prior treatment response, HCT-CI missing (77%), graft source not balanced (BM 49% Haplo vs 17% MUD), CMV serostatus and donor age differ markedly between arms. D2 (selection): moderate -- HaploHCT pts and MUD pts drawn from partly different registries (TCT-RC + EBMT for Haplo; EBMT-only for MUD), introducing potential geographic/center selection bias. D3 (classification of intervention): moderate -- GVHD prophylaxis heterogeneous in MUD arm (CNI+MTX 68%, CNI+MMF 29%, sirolimus 2%, ATG in 64%). D4 (deviations): low -- prophylaxis platforms internally consistent. D5 (missing data): moderate -- HCT-CI missing 77%, donor age missing 38%, KPS NA 7%. D6 (outcome measurement): low -- standardized GVHD criteria and clinical endpoints. D7 (selective reporting): low -- pre-specified analysis plan, all endpoints reported.",2026-05-26
108,236,RL,ROBINS-I,serious,moderate,moderate,low,low,moderate,low,serious,"Retrospective single-center cohort 2005-2019 spanning very long calendar era; PTCy and ATLG groups differ significantly in disease distribution (more ALL/MM and fewer AML/MDS in PTCy), donor type (more MRD/MMRD in PTCy), median year of transplant (2015 vs 2013), conditioning intensity (less busulfan, more TBI in PTCy), and immune suppression backbone. D1 (confounding) serious: NRM univariate difference attenuated on multivariate analysis, indicating substantial confounding. D2 (selection) moderate: consecutive series but groups defined by physician choice over different eras. D3 (intervention classification) moderate: ATLG dose varied (30 vs 60 mg/kg) by donor and over time. D6 (outcome) moderate: infections defined as any positive microbiology requiring therapy - not standardized definition; cGVHD timepoint not explicit.",2026-05-26
109,238,RL,ROBINS-I,serious,moderate,moderate,low,low,low,low,serious,"Single-center retrospective cohort with allocation to PTCy vs TAC by transplant physician discretion. D1 (confounding): serious - PTCy was preferentially used for HLA-mismatched (7/8) transplants (53.3% vs 5.8% in TAC group, P<.0001) and the era of transplantation overlapped with TAC use. D2 (selection): moderate - consecutive patients included. D3 (classification of interventions): moderate - 3 different TAC-based regimens pooled. D4-D7: low (deviations from intervention, missing data, outcome measurement, selection of reported result all appear adequately handled with multivariable adjustment for HLA match, conditioning intensity, DRI, etc.).",2026-05-26
110,241,RL,ROBINS-I,moderate,low,low,low,moderate,low,moderate,moderate,"Single-center retrospective cohort comparing PTCY vs non-PTCY GVHD prophylaxis. D1 (confounding) moderate: substantial baseline imbalance in donor type (49% haplo + 32% MMUD in PTCY vs 73% MUD + 20% MRD in non-PTCY) and conditioning intensity (P=.04), with conditioning regimen assignment by physician choice and changing era. Authors performed multivariable analysis but did not appear to formally adjust for donor type when comparing PTCY effects. D2 (selection) low: consecutive identification from institutional database. D3 (intervention classification) low: well-defined PTCY 50 mg/kg D+3,+4 vs MTX+tacrolimus+/-sirolimus regimens. D4 (deviations) low: standard institutional protocols. D5 (missing data) moderate: 11% cytogenetics missing; comorbidities prospectively validated by 2 reviewers. D6 (outcome measurement) low: NRM/OS objective endpoints. D7 (reporting) moderate: arm-level NRM/OS at standard timepoints not separately reported in main paper; outcomes primarily reported stratified by HCT-CI score.",2026-05-26
111,242,RL,ROBINS-I,serious,moderate,moderate,low,moderate,moderate,low,serious,"Single-center retrospective comparison with non-randomized allocation (insurance/trial enrollment driving PTCy vs conventional). Significant baseline imbalances: graft source (BM 83% PTCy vs 63% conv, p=0.02), HLA class-I mismatch (88% PTCy vs 57% conv, p<0.001), and age (median 50 vs 54, p=0.05). Confounding (D1) serious as conditioning regimens differed by arm (Flu/Mel-based for PTCy vs heterogeneous including Bu/Flu for conventional) and ATG/in-vivo TCD exposure differs by design. Selection (D2) moderate given the contemporaneous controls. Classification of interventions (D3) clear and unambiguous but with multiple co-interventions changing across era. Deviations (D4) low - both groups had defined protocols. Missing data (D5) moderate - 1 patient missing aGVHD data. Outcome measurement (D6) moderate as GVHD requires clinical judgment but standardized criteria used. Selection of reported result (D7) low - prespecified primary endpoint reported in full. Overall serious risk of bias.",2026-05-26
112,243,RL,ROBINS-I,moderate,moderate,low,low,low,low,low,moderate,"Single-center retrospective cohort comparing 3 donor types under uniform PTCy backbone, with multivariable Cox/Fine-Gray adjustment. D1 (confounding): moderate - non-randomized donor assignment; major confounders adjusted (age, HCT-CI, DRI, conditioning intensity) but unmeasured confounders likely (center practice variation by year, donor selection bias, MMF use distribution differs by arm 96% vs 47% vs 26%). D2 (selection): moderate - all eligible patients receiving PTCy 2015-2020 included; MMUD (n=19) and ex vivo/in vivo T-cell depleted grafts excluded explicitly. D3 (classification of intervention): low - donor type unambiguous, PTCy dosing uniform. D4 (deviation from intended): low - retrospective; intent-to-treat not applicable. D5 (missing data): low - small proportions missing for sex match, cGVHD severity (8-13%). D6 (measurement of outcome): low - aGVHD/cGVHD by Mount Sinai/NIH 2014, NRM/OS standard. D7 (reporting): low - all prespecified secondary outcomes reported.",2026-05-26
113,244,RL,ROBINS-I,serious,moderate,moderate,low,moderate,moderate,low,serious,"Single-center retrospective cohort comparing PTCy vs Tac/MTX (+/-ATG) GVHD prophylaxis. D1 (confounding): serious - PTCy and Tac/MTX cohorts differ substantially in age, race/ethnicity distribution, disease type (more myeloid in PTCy), graft source, and conditioning intensity; era effect (PTCy adopted later, median HCT year 2018 vs 2016); MV adjustment performed but residual confounding likely. D2 (selection): moderate - retrospective consecutive inclusion, but allocation between PTCy vs Tac/MTX was based on era/protocol availability. D3 (intervention classification): moderate - heterogeneous MMF use within PTCy arm (per protocol enrollment). D4 (deviations from intended): low - uniform institutional protocols. D5 (missing data): moderate - some baseline covariates with missing values (DRI 4% missing). D6 (outcome measurement): moderate - clinical ascertainment without independent adjudication. D7 (selective reporting): low - prespecified outcomes reported.",2026-05-26
114,245,RL,ROBINS-I,moderate,low,moderate,low,low,low,low,moderate,"CIBMTR registry retrospective cohort sub-analysis. D1 (confounding): moderate - significant baseline imbalances (graft source, conditioning intensity, T-cell vs B-cell immunophenotype) addressed by multivariate Cox/Fine-Gray adjustment with backward stepwise selection. Treatment selection era-confounded (haplo more in later years 2016 vs 2015 MUD). D2 (classification of intervention): low - donor type unambiguous. D3 (deviations): moderate - residual donor selection bias; missing data on HLA-DPB1, donor parity, KIR; no chimerism, CRS, or graft composition data. D4 (missing data): low - registry-level. D5 (measurement): low - outcomes standardized via CIBMTR data collection. D6/D7 (selection/reporting): low - pre-specified outcomes per CIBMTR protocol; no clinically reported infectious outcomes (BSI/IFI/CMV) reducing applicability to PTCy MA infection mediator framework.",2026-05-26
115,246,RL,ROBINS-I,moderate,low,low,low,moderate,low,low,moderate,"Retrospective registry analysis using publicly available CIBMTR deidentified dataset (same as Shaffer 2024). Strengths: large N=10025, predefined cohorts, comprehensive multivariable adjustment (IPTW, overlap weighting, LASSO, XGBoost machine learning), false discovery rate correction, multiple sensitivity analyses including ATG exclusion. Weaknesses: D1 (confounding) moderate due to inherent registry selection bias and residual confounding by indication (cohort assignment based on physician/center preference); D5 (missing data) moderate as some variables in publicly available CIBMTR dataset have limited granularity (race/ethnicity categorization, ATG dose); MMUD-CNI small group (n=459) showed poor covariate overlap producing volatile estimates. Concordance index 0.63-0.64 indicates moderate discriminatory ability. Outcomes for combined PTCy cohort (not separately by MUD-PTCy vs MMUD-PTCy in main Table 2).",2026-05-26
116,248,RL,ROBINS-I,serious,serious,moderate,low,moderate,NA,NA,serious,"Retrospective two-center observational study with strong confounding between donor type, GVHD prophylaxis, and graft source (HAPLO is 100% BM from Genoa; UD includes PBSC/BM/CB across both centers). All UD recipients had ATG and all HAPLO had PT-CY by design - donor and prophylaxis platform cannot be separated. Study population is a selected subset (CMV-viremic patients receiving foscarnet), limiting generalizability and creating selection bias for downstream outcomes (OS, NRM). D1 (confounding) serious: centers, donor, prophylaxis, and graft source confounded. D2 (selection) serious: only foscarnet-treated CMV patients included; ganciclovir-treated and CMV-non-reactivators excluded. D3 (classification of intervention) moderate: clear definitions but no detail on individual patient regimens beyond schema. D4 (deviations) low: protocol-defined approach. D5 (missing data) moderate: 6 patients missing CMV serostatus; no missing-data handling described. Outcomes reflect foscarnet-treated CMV-viremic subgroup, not the full transplant population - severely limits use for primary outcomes of interest.",2026-05-26
117,250,RL,ROBINS-I,moderate,serious,moderate,low,low,low,moderate,serious,"Single-center retrospective Italian cohort, San Martino Genoa 2010-2016. D1 (confounding) moderate: multivariable Cox adjusts for age, diagnosis, disease phase, year, donor; but unmeasured confounders (mucosal injury severity, CMV serostatus, gut decontamination practices) not addressed. D2 (selection of participants) serious: donor selection strongly confounded with era (CBT 93% in 2010-2012 declining to 7% in 2013-2016; haplo 33% rising to 67%); MAC vs RIC distribution and active-disease distribution differ markedly across arms. D3 (intervention classification) moderate: PTCy is donor-confounded (used only in haplo arm), so the donor-type comparison is also a PTCy-vs-no-PTCy comparison; cannot disentangle PTCy effect from haplo donor effect. D4 (deviations) low: standard protocols. D5 (missing data) low: cross-checked microbiology database. D6 (outcome measurement) low: blood culture-based, microbiology-confirmed. D7 (selection of reported result) moderate: focused on pre-engraftment BSI only; aGVHD/cGVHD/OS/1yr NRM not reported (no D+100 GVHD or 1yr survival data). Overall: serious risk of bias for any inference about PTCy effect.",2026-05-26
118,253,RL,ROBINS-I,serious,moderate,moderate,low,moderate,moderate,moderate,serious,"Single-center retrospective cohort with conditioning assignment by physician discretion (strong selection bias by age, fitness). PSCA used to adjust for measured confounders but residual confounding likely (D1=serious). D2 classification of interventions: clearly defined. D3 deviations: clinical practice may have varied across the 7+ year span. D4 missing data: 6/89 missing KPS, 1 missing ABO, 4 missing CD34, otherwise complete. D5 measurement: outcomes are objective. D6 reporting: limited correspondence format reporting; key infection endpoints not reported. Overall serious due to small MAC group (n=24), wide CIs, and lack of D+100 timepoint reporting for several key endpoints.",2026-05-26
119,254,RL,ROBINS-I,serious,serious,moderate,low,moderate,low,low,serious,"Retrospective single-center cohort with substantial era confounding (PTcy group transplanted predominantly 2014-2020, thymoglobulin predominantly 2008-2018; median year PTcy 2018 vs thymoglobulin 2013, P<.001). Baseline imbalances in age (62 vs 53, P=.04), conditioning intensity (MAC 20% vs 59%, P=.002), and follow-up (1.13 vs 5.27 years for survivors). D1 confounding serious. D2 selection of participants serious - intervention assignment by era and physician discretion, not random. PSCA used as mitigation but could not adjust for unmeasured era effects (peritransplantation supportive care improvements). D3 classification of interventions moderate - GVHD prophylaxis strategies well documented. D4 deviation low. D5 missing data moderate. D6/D7 reporting low. Subgroup analysis restricted to post-2014 patients showed loss of all significant findings (aGVHD, cGVHD, NRM HRs all NS), reinforcing era confounding as primary concern.",2026-05-26
120,256,RL,ROBINS-I,serious,low,moderate,moderate,moderate,moderate,moderate,serious,"Single-arm descriptive Letter to Editor from a single US center (KUMC). No comparator arm and no PTCy contrast: outcomes are stratified only post-hoc by EBV+ vs EBV- status, which is not a treatment contrast. D1 (confounding) serious due to lack of any comparator. Enrollment dates and follow-up duration not stated, limiting D3 (classification of intervention) and D4 (deviations). EBV ascertainment was prospective protocol-based weekly PCR monitoring (low bias for D5). PTLD ascertainment described qualitatively without standardized criteria stated; absence of PTLD across N=63 could reflect short follow-up or reporting incompleteness. Overall serious risk of bias. Paper excluded from quantitative synthesis per single_arm_descriptive_excluded rule.",2026-05-26
121,257,RL,ROBINS-I,moderate,moderate,low,low,moderate,moderate,low,moderate,"Retrospective EBMT registry analysis. D1 (confounding): moderate - multivariate Cox adjustment for age, sex, KPS, graft source, DRI, transplant year, TBI, conditioning intensity, CMV combination, plus center frailty random effect; sensitivity matching analyses supported conclusions; however unmeasured confounders likely (era effect since PTCy arm transplanted more recently; centers used predominantly one or the other regimen; biology of malignancies, infection covariates not collected). D2 (selection): moderate - selection by data completeness for HLA-match/DRI/GVHD prophylaxis introduces possible bias; 5-7/10 MMUD excluded (n=24). D3 (intervention classification): low - GVHD prophylaxis well-defined by ATG vs PTCy. D4 (deviations from intended interventions): low - prophylaxis fixed by protocol/era. D5 (missing data): moderate - ATG dosing missing for 120/318 patients (38%); follow-up censored at 2y to ensure comparable FU between arms (PTCy median FU 2.1y vs ATG 3.8y). D6 (measurement of outcome): moderate - acute/chronic GVHD grading per EBMT registry but no detailed quality audit for outcomes; NRM/OS robust. D7 (selection of reported result): low - all prespecified outcomes reported. Overall: moderate.",2026-05-26
122,258,RL,ROBINS-I,serious,moderate,moderate,low,low,low,moderate,serious,"Single-center retrospective cohort comparing prospectively treated PTCy patients (2014-2016) with a historical control of CNI-treated patients (2006-2014). D1 (confounding): serious — significant temporal confounding (year of transplant differed substantially, p<0.001); diagnostics, supportive care, and treatment paradigms likely changed over 10-year span. Differential salvage status (CNI 36% vs PTCy 14%, p=0.0008) and ALL distribution. Multivariate adjustment performed but residual confounding likely. D2 (selection): moderate — consecutive PTCy patients vs historical control may not be fully comparable. D3 (classification of interventions): moderate — clear PTCy vs CNI assignment but heterogeneous CNI regimen (mixed tacrolimus/cyclosporine and MMF/MTX). D4 (deviations): low. D5 (missing data): low. D6 (outcome measurement): low — standard cumulative incidence with competing risks. D7 (selection of reported result): moderate — multiple outcome subgroup analyses reported without pre-specification.",2026-05-26
123,260,RL,ROBINS-I,moderate,moderate,low,low,low,low,moderate,moderate,"Retrospective single-center cohort with non-randomized GVHD prophylaxis assignment by era/institutional protocol (switch during 2023 MTX shortage). D1 (confounding): moderate - era effect confounded (PTCy received post-2023, TAC/MTX includes 2018-2025 patients), unbalanced follow-up time (PTCy median 1.1 yr vs TAC/MTX 3.3 yr), unbalanced graft source (PBSC 96% vs 77%), TBI use (43% vs 22%); authors used propensity score adjustment. D2 (selection of participants): moderate - real-world cohort, some MRD-unknown patients excluded from subgroup analysis. D3 (classification of interventions): low - GVHD prophylaxis well-defined per institutional protocol. D4 (deviations from intended interventions): low. D5 (missing outcome data): low - only 16% MRD-unknown in TAC/MTX arm. D6 (measurement of outcomes): low - MAGIC and NIH 2014 criteria; outcomes adjudicated by 2 clinicians. D7 (selection of reported result): moderate - extensive supplementary subgroup analyses suggest possible selective emphasis.",2026-05-26
124,261,RL,ROBINS-I,serious,serious,moderate,low,moderate,moderate,moderate,serious,"Retrospective non-randomized comparison with strong center effect: TCD performed exclusively at Vall d'Hebron Barcelona (1 center) and PTCy-Sir-MMF exclusively at 2 Valencia centers (HUPLF + HCU) — confounding by center is inseparable from intervention. Different conditioning regimens used in each arm (TBI-based or Bu-Mel-Flu for TCD; TT-Bu-Flu/Bu-Flu/reduced TT-Bu-Flu for PTCy). Different CMV preemptive treatment thresholds between arms (100 copies/mL TCD vs 1500 IU/mL PTCy) biases CMV outcome comparison. Different ATG use, different graft manipulation, different stem cell dose (median 5.4 vs 7.3 x10^6 CD34+/kg, P<.001). Donor type imbalance (TCD: 31% MMUD; PTCy: 0% MMUD; P<.001). DRI imbalance (PTCy higher risk; P=.03). Follow-up imbalance (PTCy 16 mo vs TCD 24 mo). Multivariable Cox model adjusts for major covariates but cannot adjust for center, conditioning, and CMV threshold simultaneously. Outcome ascertainment standardized but at different institutions. D1 (confounding) and D2 (selection/intervention assignment by center) judged serious; D3-D7 moderate.",2026-05-26
125,262,RL,ROBINS-I,serious,moderate,moderate,low,low,low,low,serious,"ROBINS-I for retrospective registry study. D1 (confounding): serious - significant baseline imbalance in donor type (MSD 74% vs 50%) and prior autologous HSCT (77% vs 67%), with limited adjustment available in registry data (no data on PD-1 inhibitors for 80% of cohort). D2 (selection): moderate - center- and physician-level selection of GVHD platform; PTCy uptake increased over enrollment window. D3 (classification of intervention): moderate - heterogeneous PTCy regimens (PTCy+2 drugs 72%, +1 drug 23%, alone 5%) and conventional regimens (CsA+MTX 51%, CsA+MMF 27%, CsA alone 8%, other 14%); PTCy dose/schedule not reported. D4 (deviations): low - intent-to-treat registry follow-up. D5 (missing data): low - core outcomes complete for almost all patients. D6 (measurement): low - GVHD and survival outcomes assessed using standard EBMT registry case-report forms. D7 (reporting): low - all prespecified outcomes reported. Overall serious due to confounding by indication and substantial intervention heterogeneity.",2026-05-26
126,263,RL,ROBINS-I,moderate,low,moderate,low,low,low,low,moderate,"Retrospective JSTCT/TRUMP nationwide registry analysis. D1 (confounding): moderate - significant baseline imbalances between groups in disease status at HCT (more CR in ATG-MUD), conditioning intensity (more MAC in MUD arms), TBI use, donor age, and sex compatibility; multivariable Cox model adjusts for major confounders but residual confounding likely (pre-transplant chemotherapy, genomic data, center effects, donor selection by physician preference). D2 (selection): low - consecutive AML-PBSC patients in nationwide registry. D3 (intervention classification): moderate - heterogeneous PTCy dosing (50+50, 40+40, others) and heterogeneous ATG regimens (dose not captured). D4-D7: low - end-points and reporting well-defined, no missing primary outcome data, complete reporting of pre-specified endpoints. Letermovir era not separable; CMV/BSI/IFI infection outcomes not reported individually (only cause-of-death tabulation).",2026-05-26
127,264,RL,ROBINS-I,NA,NA,NA,NA,NA,NA,NA,NA,Single-arm descriptive cohort with no comparator; protocol-excluded per spec (single_arm_descriptive_excluded). RoB assessment not applicable since the paper does not contribute to PTCy vs non-PTCy contrasts. Tracked for PRISMA only.,2026-05-26
128,268,RL,ROBINS-I,moderate,moderate,moderate,low,moderate,moderate,low,moderate,"CIBMTR registry retrospective cohort comparing HaploCy (haplo+PTCy), SibCy (MSD+PTCy), and SibCNI (MSD+CNI). D1 (confounding): moderate — adjusted for major confounders via stepwise Cox model and centre effects, but unmeasured confounding likely given retrospective registry design (no info on antifungal/antibacterial/CMV prophylaxis, no immune reconstitution data, no severity grading). D2 (selection): moderate — centres without any haplo HCT excluded which may introduce selection bias; otherwise consecutive registry capture. D3 (intervention classification): moderate — GVHD prophylaxis groups well-defined but specific PTCy schedule, doses, and concurrent IS not standardised. D4 (deviations): low — observational, no protocol deviations relevant. D5 (missing data): moderate — CRVI ascertainment relies on centre reporting; no standardised testing protocol; outpatient CRVIs likely under-reported per authors' own discussion; no LRTI vs URI differentiation; no severity data. D6 (measurement of outcome): moderate — CRVI definition based on organism reported per CIBMTR forms manual; no central confirmation or standardised methodology. D7 (selective reporting): low — pre-specified outcomes consistent with discussion. Overall moderate.",2026-05-26
129,270,RL,ROBINS-I,serious,moderate,moderate,low,moderate,moderate,low,serious,"ROBINS-I assessment: D1 (confounding) serious - retrospective registry with non-randomized GVHD prophylaxis assignment heavily confounded by era (PTCy use more common in later years), donor type (PTCy predominant in haplo/MMUD), and conditioning intensity. Multivariable adjustment partial. D2 (selection of participants) moderate - registry inclusion required complete reporting; selection by center reporting patterns. D3 (classification of interventions) moderate - GVHD prophylaxis classified into composite categories (CNI+MMF, CNI+MTX, CNI+other, PTCy+other) without granular dosing detail. D4 (deviations from intended interventions) low - registry observational. D5 (missing data) moderate - KPS missing in 4%, HCT-CI not reported in 6%, GVHD prophylaxis subgroups vary (n=33-37 across analyses suggesting some missing data). D6 (outcome measurement) moderate - registry-reported outcomes; uniform competing risks framework but no central adjudication of GVHD grade or relapse. D7 (selection of reported result) low - prespecified endpoints with adjusted models. Overall serious risk of bias due to confounding inherent to non-randomized registry comparisons.",2026-05-26
130,271,RL,ROBINS-I,moderate,moderate,low,low,low,low,moderate,moderate,"Single-center retrospective cohort study comparing MUD vs haplo at KUMC 2016-2021. D1 (confounding) moderate: significant baseline imbalances between arms (age, sex, ethnicity, donor age/sex, TBI use, graft type, GVHD prophylaxis) but multivariate adjustment performed for key confounders. D2 (selection) moderate: retrospective, but inclusion of all consecutive HCT recipients with >=1 year follow-up requirement may exclude early deaths. D3 (intervention classification) low: well-defined donor types and uniform haplo prophylaxis. D4 (deviations) low. D5 (missing data) low. D6 (outcome measurement) low: standardized MAGIC and NIH 2014 criteria. D7 (selective reporting) moderate: no infection-specific outcomes (BSI, CMV, IFI) reported in detail; cause-of-death breakdown reported but no D+100/D+180 timepoints for infection. Heterogeneity in MUD arm GVHD prophylaxis (87% Tac/MTX, 13% PT-Cy) is a limitation for the MUD-vs-haplo comparison interpretation.",2026-05-26
131,272,RL,ROBINS-I,serious,moderate,moderate,low,low,low,moderate,serious,"Joint EBMT+CIBMTR registry retrospective comparison of haplo vs MUD with PTCy in lymphoma 2010-2019. D1 (confounding): serious - non-randomized donor selection with heterogeneity in disease subtype (HL 44% haplo vs 28% MUD), GVHD prophylaxis (PTCy+CNI+MMF 90% haplo vs 54% MUD), graft source (40% BM haplo vs 9% MUD), donor age (median 37 vs 28 yr), patient age (46 vs 53 yr); authors mitigated via multivariable Cox + 2 propensity score sensitivity analyses (IPTW and matched pairs). D2 (selection): moderate - donor selection at center discretion may introduce institutional bias. D3 (intervention classification): moderate - heterogeneous GVHD prophylaxis classified together as PTCy-based. D4 (deviations): low. D5 (missing data): low - small missingness in HCT-CI 23% haplo / 19% MUD. D6 (measurement): low - registry-defined standard outcomes. D7 (selective reporting): moderate - GVHD severity grading system not explicitly stated. Overall serious due to D1.",2026-05-26
132,273,RL,ROBINS-I,moderate,moderate,low,low,low,low,low,moderate,"Retrospective JSTCT/JDCHCT registry cohort; donor selection (haplo vs CBT, and donor age) influenced by physician judgment and institutional factors (D1 confounding moderate). Patients aged 16-70 with AML/ALL/MDS/CML undergoing first HSCT 2016-2021; ATG/alemtuzumab recipients excluded by design (D2 selection moderate due to retrospective selection of donor groups for comparison). Standardized data collection through TRUMP (D3 low). GVHD graded per 1994 Consensus and Shulman 1980 Seattle criteria; clinically diagnosed at each contributing center (D4/D5 low). Outcomes ascertained from registry follow-up (D6/D7 low). Multivariate Cox adjustments for disease risk, disease type, HCT-CI, PS, conditioning intensity, sex mismatch. Short median follow-up (443 days) limits long-term assessment.",2026-05-26
133,276,RL,ROBINS-I,serious,moderate,moderate,low,moderate,low,low,serious,"Retrospective EBMT registry analysis comparing HaploSCT (92.7% PTCy) vs MSD (4.2% PTCy, mostly CsA/MTX +/- ATG). D1 (confounding): serious - large imbalances in conditioning intensity (MAC 68% vs 83.2%), TBI use (42.6% vs 64.9%), CR2 status (33.4% vs 16.7%), BM graft use (46.2% vs 18.6%), GVHD prophylaxis (PTCy vs CsA/MTX), and ATG; MVA + PS adjustment performed which partially mitigates but unmeasured confounders (HCT-CI not collected, MRD missing in ~45%, no TKI data for Ph+ ALL) remain. D2 (selection): moderate - registry-reported cohort with center-driven donor selection. D3 (exposure classification): moderate - donor type is well-defined but PTCy vs ATG vs CsA/MTX heterogeneity within MSD arm. D4 (deviations from intended interventions): low - actual treatments captured. D5 (missing data): moderate - 45% MRD missing, KPS 7%, engraftment 51 missing. D6/D7 NA for ROBINS-I (last two columns repurposed). cGVHD graded by Seattle criteria, not NIH 2014.",2026-05-26
134,277,RL,ROBINS-I,serious,moderate,moderate,low,low,moderate,low,serious,"Retrospective EBMT registry analysis. Imbalanced baseline characteristics: ATG arm had more relapsed/refractory disease (30.6% vs 16.4%, P=0.008), less TBI use (26.5% vs 45.2%, P<0.001), more PBSC (68.4% vs 47.9%), and earlier transplant era (median 2011 vs 2015). Patients receiving both ATG and PTCy (n=37) excluded; treatment allocation by center practice/era introduces strong confounding (D1, D2 serious). Multivariate Cox adjustment for measured confounders but unmeasured (MRD status, ATG product type, ATG dose - documented in only 81 subjects) limits causal inference. No center effect detected except chronic GvHD. Outcome ascertainment by EBMT registry routine reporting with audit.",2026-05-26
135,278,RL,ROBINS-I,moderate,low,moderate,low,moderate,moderate,low,moderate,"EBMT ALWP registry retrospective cohort study (n=127 AML CR2 PTCy URD). D1 (confounding): moderate - no comparator arm, era spans 2010-2019, missing cytogenetics in 23%, no MRD/molecular data, no HCT-CI. D2 (selection): low - consecutive eligible registry patients. D3 (classification of interventions): moderate - heterogeneous PTCy adjuncts (10+ IS combinations), ATG dose/agent unreported. D4 (deviations): low - registry-based observational. D5 (missing data): moderate - 22.8% missing cytogenetics, missing pre-transplant therapy data. D6 (outcome measurement): moderate - registry-reported, no central adjudication. D7 (reported result selection): low - prespecified outcomes per ALWP-EBMT standard.",2026-05-26
136,279,RL,ROBINS-I,moderate,moderate,low,low,moderate,moderate,low,moderate,"EBMT ALWP registry retrospective comparison of haploSCT+PTCy in sAML vs de novo AML, both PTCy arms (no PTCy-vs-non-PTCy contrast). D1 confounding: moderate - propensity-matched 2:1 analysis performed (exact match on cytogenetics, conditioning, graft source, sex match; nearest neighbor on age, KPS); HCT-CI not in PS due to missing data, frailty term for center heterogeneity in MV. D2 selection: moderate - clear inclusion criteria (haplo, PTCy, CR1, 2010-2021), exclusion of T-depletion. D3 classification: low - PTCy vs non-PTCy not the contrast; sAML vs de novo well-defined. D4 deviations: low - registry observational. D5 missing data: moderate - HCT-CI missing 265/1711 (~15%), MRD missing 868/1711 (~51%); cytogenetics complete. D6 outcome measurement: moderate - registry-reported outcomes, no central adjudication. D7 selection of reported result: low - both arm-specific and HR results reported per Tables 3, 4, 6. Overall moderate.",2026-05-26
137,280,RL,ROBINS-I,serious,moderate,low,low,moderate,low,low,serious,"Large EBMT ALWP registry comparing PTCy (n=707) vs no-PTCy (n=6342) URD HSCT for AML in CR1. D1 (confounding): serious - significant baseline imbalances (age, HLA match, MAC, CMV serostatus, year of HSCT, in vivo TCD use); addressed by multivariate Cox with random center effect and pair-matched propensity analysis but residual confounding likely (no HCT-CI, no measurable residual disease, no front-line treatment data). D2 (selection): moderate - registry-based with all consecutive transplants reported; possible center-level selection of PTCy vs ATG strategy. D3 (intervention classification): low - clearly defined GVHD prophylaxis arms. D4 (deviations): low - registry observational design. D5 (missing data): moderate - molecular remission data missing in 51.6% (3638/7049); cytogenetics missing in 17%. D6 (outcome measurement): low - EBMT standard data forms with established criteria. D7 (selection of reported result): low - all key transplant outcomes pre-specified and reported. Overall serious due to D1 confounding despite analytic mitigation.",2026-05-26
138,281,RL,ROBINS-I,moderate,moderate,moderate,low,low,low,low,moderate,"EBMT ALWP registry retrospective study. D1 (confounding): moderate - propensity score matching and MVA used; standardized mean differences <10% in matched cohort. Significant baseline differences (year of transplant, conditioning intensity, donor type distribution, CMV) addressed by MVA + matched pair. Unmeasured confounders (ATG dose/agent, PTCy dose/schedule, MRD ~50% missing, frontline therapy, mutation profiling) acknowledged by authors. D2 (selection): moderate - registry-based with potential selection bias by center practice. D3 (classification of interventions): moderate - intervention defined by recorded GVHD prophylaxis but heterogeneity in CNI choice (TAC vs CSA) and ATG agent/dose. D4-D5 (deviations from intended/missing data): low. D6-D7 (outcome measurement/selection of reported result): low - standardized EBMT outcome definitions and registry quality control.",2026-05-26
139,282,RL,ROBINS-I,serious,low,moderate,low,moderate,moderate,low,serious,"EBMT ALWP registry retrospective study. D1 (confounding): serious - donor selection is non-random; physician/center preference for haplo vs MMUD likely correlated with patient factors and era; pre-HSCT MRD missing for ~50%, mutation profiling missing for ~50%. D2 (selection): low - consecutive registry reporting required. D3 (classification of interventions): moderate - donor type/age clearly defined but PTCy platform heterogeneity not characterized in main text. D4 (deviation from intended): low. D5 (missing data): moderate - significant missingness for MRD, FLT3, NPM1; donor characteristics complete. D6 (measurement of outcomes): moderate - GVHD and infection outcomes ascertained per center reporting without central adjudication. D7 (reported result): low. Overall: serious risk of confounding by selection bias and missing baseline data.",2026-05-26
140,287,RL,ROBINS-I,serious,moderate,moderate,low,moderate,moderate,low,serious,"Retrospective EBMT registry analysis. D1 (confounding): serious - heterogeneous PTCy regimens (9 different combinations) and substantial baseline imbalance (age, KPS, conditioning intensity, year of HCT) between arms; propensity-matched analysis mitigates but cannot fully address residual confounding from unmeasured factors (MRD status, supportive care). D2 (selection): moderate - registry inclusion limited to patients reported between 2010-2019 with sufficient data. D3 (classification of intervention): moderate - PTCy intervention heterogeneous across multiple adjunct IS combinations. D4 (deviation): low - registry follow-up. D5 (missing data): moderate - missing KPS in 81 cases, missing FLT3-ITD/NPM1 in ~30%, MRD not available. D6 (measurement of outcomes): moderate - GVHD reporting varies across EBMT centers, no central adjudication. D7 (selective reporting): low - all standard EBMT outcomes reported. Overall serious due to confounding and intervention heterogeneity.",2026-05-26
141,289,RL,ROBINS-I,moderate,moderate,low,low,low,low,low,moderate,"Registry-based retrospective cohort using JSTCT TRUMP2 dataset. D1 (confounding): moderate - multivariable Cox/cause-specific hazard models adjusted for patient age, sex, PS, HCT-CI, disease risk, cytogenetic risk, prior azacytidine, conditioning intensity, donor age, time from diagnosis, and transplantation period, but genetic mutational profile (acknowledged limitation) and center effect not adjusted. Treatment assignment driven by donor availability and physician/institutional policies (selection bias acknowledged). D2 (selection): moderate - donor selection bias and center effects acknowledged by authors; haplo-PBSCT cohort had shorter follow-up (median 399 days vs 1118 MUD-BMT, 786 MUD-PBSCT) and more recent transplantation (70.6% in 2018-2020 vs 39.8% MUD-BMT, 57.3% MUD-PBSCT). D3 (intervention classification): low - GVHD prophylaxis well-characterized via TRUMP2. D4 (deviations): low - retrospective registry, intent-to-treat structure. D5 (missing data): low - all key baseline covariates available; minor missing for cytogenetics (~1%). D6 (measurement): low - GVHD graded by MAGIC/NIH consensus; engraftment objectively defined. D7 (reporting): low - prespecified endpoints per Methods. Overall moderate.",2026-05-26
142,290,RL,ROBINS-I,moderate,low,moderate,low,low,moderate,low,moderate,"Large nationwide JSTCT TRUMP registry of adult ALL patients (n=1999) comparing PTCy-haplo vs single-unit UCB transplantation 2013-2021. Strengths: nationwide coverage, propensity-matched sensitivity analysis, multivariate adjustment for OS/DFS/relapse/NRM. Limitations: retrospective with substantial baseline imbalance (ABO mismatch, era - 76.7% PTCy-haplo in 2018-2021 vs 48.5% UCB; phenotype, sex, age). Significant confounding by indication (donor selection driven by clinical/logistical factors); pre-letermovir vs letermovir era spans both groups; missing detailed prophylaxis platform data (PTCy dose, CNI, MMF, ATG use not specified in main text). Outcome ascertainment standardized via TRUMP. Short report format limits methodological detail.",2026-05-26
143,291,RL,ROBINS-I,serious,moderate,moderate,low,moderate,low,low,serious,"Single-center retrospective cohort comparing RIC vs NMA conditioning in NHL. D1 (confounding) serious: significant baseline imbalance — RIC arm younger (median 56 vs 60 yr, P<.001), enriched for aggressive histology (DLBCL 28% vs 18%; T-cell lymphoma 30% vs 17%); NMA arm enriched for ATG (45% vs 6%) and rituximab (49% vs 2.7%) reflecting enrollment on parallel phase 2 trial; clinician selection of conditioning regimen could not be fully accounted for. D2 (selection) moderate: consecutive patients meeting eligibility but conditioning choice not randomized. D3 (intervention classification) moderate: heterogeneous RIC regimens (Flu-Mel, Flu-Cy-TT-4Gy-TBI, Flu-Bu-4, Flu-Cy-4Gy-TBI) grouped. D4 (deviations from intended interventions) low. D5 (missing data) moderate: 27% missing ethnicity. D6 (outcome measurement) low: standard transplant outcomes with established definitions; competing-risk methods used. D7 (selective reporting) low: pre-specified primary/secondary outcomes reported. Not relevant for PTCy MA Comparison 3 because PTCy-stratified outcomes are not reported.",2026-05-26
144,292,RL,ROBINS-I,serious,serious,moderate,low,low,low,low,serious,Retrospective sequential cohort comparing ER-SCT program era (Oct 2017-Sep 2018) vs pre-program historical controls (Jan 2015-Sep 2017) at MD Anderson. D1 (confounding): SERIOUS - concurrent practice changes including a shift to F-Bu/PTCy regimens occurred between eras and act as time-varying confounders not fully separable from the ER-SCT intervention (acknowledged by authors). D2 (selection): SERIOUS - no concurrent controls feasible because all age >=65 patients were enrolled in ER-SCT after program initiation; historical-control design introduces selection by era. D3 (classification of interventions): MODERATE - ER-SCT enrollment well-defined but in-hospital elements applied as standard practice to all age >=65 patients including non-enrollees. D4 (deviations from intended interventions): LOW - all 64 eligible patients analyzed. D5 (missing data): LOW. D6 (measurement of outcomes): LOW (objective outcomes NRM/OS/relapse from departmental database). D7 (selective reporting): LOW.,2026-05-26
145,293,RL,ROBINS-I,moderate,serious,moderate,low,low,moderate,low,serious,"D1 (confounding): moderate - retrospective single-center cohort; PTCy use (27%) not analyzed as separate variable for BSI outcomes; PTCy collinear with haplo/MMUD donor type. D2 (selection of participants/deviations from interventions): serious - this paper does NOT contrast PTCy vs non-PTCy; outcomes reported for full mixed-prophylaxis cohort, severely limiting its utility for the PTCy meta-analysis. D3 (classification of interventions): moderate - PTCy use is documented but not granular (dose, schedule, agent specifics not reported). D4 (missing data): low - whole cohort included; complete BSI ascertainment via active blood culture surveillance. D5 (measurement of outcomes): low - standardized ECDC/CDC bacteremia definitions; weekly surveillance blood cultures; standardized empirical antibiotic protocol. D6 (selection of reported result): moderate - paper reports BSI outcomes only; no IFI or CMV outcomes reported despite available data. D7 (other): low. Overall serious risk of bias for the PTCy MA question because the paper does not stratify BSI outcomes by PTCy receipt.",2026-05-26
146,296,RL,ROBINS-I,moderate,moderate,low,low,low,low,low,moderate,"Registry-based retrospective cohort using JSTCT TRUMP2 data. D1 (confounding): moderate - donor choice driven by attending physician preference/institutional policy; adjusted Cox models include 8 prespecified confounders but residual confounding likely (no DLI use, no specific PTCy/CNI doses, no GVHD prophylaxis details for uCBT MMF vs MTX subgroups). D2 (selection): moderate - PTCY-haplo skewed to later era (79% in 2018-2021) and CMV-positive recipients/donors; selection bias acknowledged by authors. D3 (classification): low - registry-coded donor/graft. D4 (deviations): low - both arms received uniform per-protocol GVHD prophylaxis (PTCy with CNI+MMF for haplo; mixed CNI-based for uCBT). D5 (missing data): low - <5% missing for key covariates; minor missingness for PS, HCT-CI, CMV status. D6 (outcome measurement): low - standardized TRUMP2 registry outcome capture. D7 (selective reporting): low - all prespecified primary/secondary endpoints reported with HRs and figures. Overall moderate ROBINS-I due to confounding and selection bias inherent in retrospective registry comparison.",2026-05-26
147,297,RL,ROBINS-I,moderate,moderate,low,low,low,low,low,moderate,"Prospective single-center observational cohort with non-randomized GVHD prophylaxis allocation (PT-Cy vs ATG vs none) driven by donor type (haplo->PT-Cy historically) and era/protocol; confounding by donor type is the main concern (D1 moderate). Selection (D2) moderate because the PT-Cy and ATG arms were not contemporaneous in a randomized sense though all patients in 2013-2015 were included consecutively. Classification of HHV-6 (D3) low - prospective weekly PCR with prospective ECIL-based EOD adjudication. Deviations (D4) low - non-interventional design. Missing data (D5) low - 90% evaluable for immunology subset, full clinical data on 208. Outcome measurement (D6) low - blinded virology lab. Selection of reported result (D7) low - prespecified outcomes. Overall moderate due to confounding-by-indication on donor type/era and lack of arm-stratified outcome reporting.",2026-05-26
148,299,RL,ROBINS-I,serious,moderate,moderate,low,low,low,low,serious,"Single-center retrospective historical comparison with substantial confounding from temporal era differences (ATG 2010-2014 vs PT-Cy 2015-2018) - D1 serious. Selection: consecutive patients with consistent inclusion criteria - D2 moderate (era selection inherent in design). Classification of interventions: PT-Cy vs ATG well-defined - D3 moderate (heterogeneous conditioning regimens between eras: ATG group received predominantly FB2 RIC vs PT-Cy group received predominantly TBF or Flu-Cy-TBI which the authors acknowledge as a confounder). Deviations from intended interventions: standard protocols - D4 low. Missing data: infection data only available for 28/40 ATG patients - D5 low (acknowledged). Measurement: standard MAGIC/Glucksberg and NIH cGVHD criteria, blinded outcome ascertainment unlikely required - D6 low. Reporting: complete outcomes reported - D7 low. Authors performed multivariate Cox adjustment for age, conditioning, HCT-CI, DRI but residual confounding from era and conditioning heterogeneity remains substantial. Overall serious.",2026-05-26
149,300,RL,ROBINS-I,serious,moderate,moderate,low,moderate,moderate,moderate,serious,"Retrospective EBMT registry analysis with three non-randomized donor/prophylaxis groups (non-PTCy UD n=1094, PTCy UD n=113, PTCy MMRD n=134). D1 (confounding): serious - substantial imbalance in donor type, TCD use (83% in non-PTCy UD vs 19%/9% in PTCy arms), conditioning intensity, TKI exposure, and CMV serostatus across arms; multivariable adjustment performed but residual confounding likely with such heterogeneous prophylaxis platforms. D2 (selection): moderate - registry-based selection of CML patients 2012-2019; some centers may report selectively. D3 (intervention classification): moderate - PTCy arms heterogeneous (different CNI agents, +/- MMF, +/- MTX, +/- sirolimus); non-PTCy arm heterogeneous (CsA-based 88%, with TCD in 83%). D4 (deviations): low - registry reports actual treatments delivered. D5 (missing data): moderate - HCT-CI missing in 28%, TKI data missing in 26%, treatment after allo-HCT missing in 70%; multiple imputation used for OS sensitivity analysis with similar results. D6 (measurement of outcomes): moderate - GVHD graded by 2 different criteria depending on year; outcomes ascertained from registry-reported data without independent adjudication; explicit statement that infection data inadequate. D7 (selection of reported result): moderate - main outcomes pre-specified but post-hoc subgroup analyses possible. Overall: serious due to severe baseline confounding and heterogeneous prophylaxis composition within arms.",2026-05-26
150,301,RL,ROBINS-I,serious,moderate,moderate,low,low,moderate,low,serious,"Single-center retrospective cohort comparing two donor/conditioning/GVHD-prophylaxis packages. D1 (confounding): SERIOUS - donor matching status assigned the package, so donor type/conditioning/GVHD prophylaxis are confounded together; baseline differences in CR1 proportion (82% vs 70%) and HCT-CI (HCT-CI 0: 37% vs 11%) favor the ETOP arm. D2 (selection): MODERATE - all consecutive patients meeting inclusion criteria, but ETOP arm spans 2010-2020 while FLU arm is entirely 2015-2020, introducing era effects. D3 (intervention classification): MODERATE - package definitions clear but two-step assignment by donor match. D4 (deviations from intended interventions): LOW. D5 (missing data): LOW for survival outcomes, but pre-HCT MRD data missing in 29% (78/269). D6 (outcome measurement): MODERATE - retrospective abstraction; engraftment/GVHD outcomes objectively assessed. D7 (selective reporting): LOW. Infection-specific outcomes (BSI, CMV, IFI) NOT reported despite likely being collected.",2026-05-26
151,302,RL,ROBINS-I,serious,moderate,low,low,low,low,low,serious,"Single-center retrospective cohort. D1 (confounding): serious - non-randomized donor allocation by IPC guideline (UD preferred if available, HRD if UD unavailable); HRD arm initially enriched for higher-risk/advanced disease per authors; significant baseline imbalances in disease type (myeloid 37 vs 49%), lymphoid distribution (HL 22 vs 6%, NHL 28 vs 13%, ALL 3 vs 18%), conditioning intensity (66% NMAC in HRD vs 0% in UD), and graft source (BM 27 vs 5%); multivariate Cox adjustment and match-paired analysis partly mitigate but residual confounding by indication remains substantial. D2 (selection): moderate - all consecutive patients <60 yr undergoing haplo or UD allo-HSCT in same period included; no missing cases reported but historical period dating boundaries not specified in text. D3 (intervention classification): low - donor type/regimen unambiguous. D4 (deviations): low - per-protocol intent. D5 (missing data): low - 209 patients with outcomes reported. D6 (measurement of outcomes): low - standardized definitions (Glucksberg, NIH, EBMT criteria) with competing-risk analysis. D7 (selection of reported result): low - all primary endpoints reported. Overall judgement serious driven by D1 confounding by indication and treatment-platform heterogeneity (PT-Cy+CSA+MMF vs ATG+CSA+/-MMF) confounded with donor type.",2026-05-26
152,304,RL,ROBINS-I,serious,moderate,moderate,low,moderate,low,moderate,serious,"D1 (Confounding) serious: retrospective single-center cohort with marked imbalance between arms - donor distribution (19% HID in ATG-PTCY vs 0% in Other, P=6.15e-7), disease distribution (P=4.12e-3), in vivo TCD use (100% vs 58%, P=2.04e-8), and arm composition (ATG-PTCY arm uniform vs heterogeneous comparator). MVA limited to age, HCTCI, gender, disease, donor, CMV, conditioning (7 covariates). D2 (Selection) moderate: consecutive patients age >=60 transplanted Dec 2013-Jul 2017, but arm allocation determined by era/donor type rather than randomization. D3 (Classification of interventions): moderate - GVHD prophylaxis allocation per institutional protocol; clearly recorded. D4 (Deviations from intended interventions): low - retrospective with standard care. D5 (Missing data): moderate - short median follow-up (12 months) for 2-year endpoint estimation; data on infection outcomes not reported. D7 (Selection of reported result): moderate - infection outcomes (BSI/CMV/IFI) not reported; cGVHD MVA result hidden ('data not shown') when non-significant. Overall: serious risk of bias due to confounding by indication and heterogeneous comparator.",2026-05-26
153,305,RL,ROBINS-I,serious,moderate,moderate,low,moderate,moderate,low,serious,"Retrospective EBMT-LWP registry matched-pair (1:2) analysis comparing ATG vs PTCY in 9/10 MMUD RIC HCT for lymphoproliferative disease. D1 (confounding): serious - retrospective with matching on only 5 variables (age, disease status, F-to-M, source, CMV); important confounders not balanced including ATG dose/agent (not captured), backbone CNI/MMF/MTX combinations differ substantially (PTCy arm 50% CsA+MMF; ATG arm 50% CsA+MTX), and era of transplant strongly imbalanced (ATG 59% 2010-2015 vs PTCy 84% 2016-2021). D2 (selection): moderate - eligible PTCy patients (n=70) reduced to 64 after matching from a pool of 341 ATG patients; matching ratio 1:2 reasonable but introduces selection. D3 (intervention classification): moderate - definitions of PTCY and ATG groups clear, but unbalanced distribution of CNI/MMF/MTX adjuncts (per discussion). D4 (deviations): low - registry-captured exposures. D5 (missing data): moderate - several variables had missing data (HCT-CI, ABO, Rhesus 41-47% missing); follow-up much shorter in PTCy arm (1 yr vs 6 yr ATG, p<0.001) limits long-term outcome assessment. D6 (outcome measurement): moderate - standardized EBMT definitions but no central adjudication of GVHD; Seattle criteria for cGVHD used (not NIH 2014). D7 (selective reporting): low - all pre-specified endpoints reported.",2026-05-26
154,307,RL,ROBINS-I,serious,serious,moderate,low,moderate,low,moderate,serious,"Large multinational EBMT registry retrospective analysis with substantial between-arm imbalance: rATG patients older (58.6 vs 53 yrs), more MAC (52% vs 62.3% PTCy — actually reversed: PTCy more MAC), more TBI in PTCy (24.7% vs 14.5%), and very different GVHD prophylaxis platforms across arms (rATG predominantly CSA+MTX 49.8%, PTCy predominantly TACRO+MMF+SIRO 44.4%). D1 confounding: serious (different conditioning regimens, GVHD platforms, era effects within 2018-2021, center effects only partially addressed by frailty model). D2 selection: serious (non-randomized allocation; PTCy uptake selectively in younger and more recent transplants). D3 classification: moderate (well-defined drug exposures but no ATG product/dose breakdown). D4 missing data: low (EBMT registry, low missingness reported). D5 measurement: moderate (registry-level outcome ascertainment with standard EBMT MED forms). D6 reporting: low. D7 deviations: moderate (no GVHD prophylaxis dose/schedule details). Overall: serious risk of bias from confounding by indication and unbalanced baseline characteristics, though multivariate adjustment performed.",2026-05-26
155,308,RL,ROBINS-I,serious,moderate,low,low,moderate,low,low,serious,"EBMT registry retrospective cohort with non-randomized treatment assignment. D1 (confounding) serious: significant baseline imbalances (age, donor age, DRI, KPS, HCT-CI, TBI use, transplant year) between arms; multivariate Cox adjustment with center frailty performed but unmeasured confounders likely (e.g., physician preference, institutional practice patterns, era of letermovir, CMV monitoring). D2 (selection) moderate: eligibility well-defined but center-level selection of GVHD prophylaxis approach introduces selection bias. D3 (intervention classification) low: rATG vs PTCy classification based on registry-reported variables. D4 (deviations) low: GVHD prophylaxis given as planned per protocol. D5 (missing data) moderate: 25.4% missing rATG dosing, 13.1% missing HCT-CI, 4.5% missing KPS; cause of death unknown for 35 cases. D6 (outcome measurement) low: standardized EBMT registry definitions, MAGIC criteria aGVHD, Shulman cGVHD. D7 (selective reporting) low: protocol-defined endpoints (NRM, OS, PFS, RI, GRFS, GVHD). Overall serious due to baseline confounding inherent to registry comparison of PTCy vs rATG.",2026-05-26
156,311,RL,ROBINS-I,moderate,serious,moderate,low,moderate,moderate,moderate,serious,"Retrospective CIBMTR registry analysis with predefined cohorts by GVHD prophylaxis category. D1 (confounding) moderate: patient/disease/donor distributions substantially differ across the 4 arms (donor type, conditioning intensity, graft source); CD4-based cutoffs are adjusted in multivariable Cox but per-arm comparison of outcomes is not the primary aim. D2 (selection) serious: cohort restricted to patients with available CD4 measurements at both D+100 and D+180 - patients who died before D+100 are excluded by design (immortal time and survivor bias for OS/NRM/PFS at later timepoints). D3 (intervention classification) moderate: GVHD prophylaxis category derived from CIBMTR registry forms; PTCy adjuncts (CNI, MMF), ATG agent/dose, conditioning regimens heterogeneous within each arm. D4 (deviations) low: registry data captures actual treatment received. D5 (missing data) moderate: substantial missing values for ALC subsets, IgG/IgA/IgM, IPSS-R, race; some clinical covariates with 3-5% missingness. D6 (outcome measurement) moderate: aGVHD/cGVHD/infections per CIBMTR forms - PCR/culture criteria not centrally adjudicated; EORTC-MSG fungal definitions not applied. D7 (selective reporting) moderate: per-arm OS/NRM/PFS/cGVHD cumulative incidences not reported separately by GVHD prophylaxis (only aGVHD II-IV and III-IV at D+100); main analyses focus on CD4 cutoff stratification, not on PTCy vs non-PTCy comparisons.",2026-05-26
157,312,RL,ROBINS-I,moderate,NA,moderate,low,moderate,moderate,low,moderate,"Single-arm descriptive 2-center retrospective cohort focused on peri-engraftment CARV epidemiology in Valencia (HCUV+HLF) Dec 2013-Jun 2023. D1 (confounding): moderate - heterogeneous GVHD prophylaxis (PTCy 44%, Tac+Sir 52%, CNI-based 4%), ATG use 13%, donor types and conditioning intensity not balanced; multivariable Cox regression adjusted for key covariates. D2 (NA - no intervention assignment comparison). D3 (intervention classification): moderate - GVHD prophylaxis category captured but specific PTCy regimen details not delineated. D4 (deviations): low - retrospective registry-based. D5 (missing data): moderate - 2 patients had >=2 CARV episodes; period of transplant covers significant CARV epidemiology shifts (COVID-19 pandemic). D6 (outcome measurement): moderate - LRTD ascertainment depended on radiology and BAL availability, with mixed diagnostic platforms (Luminex xTAG vs CLART vs BioFire) across centers and over time potentially introducing detection bias. D7 (reporting): low - prespecified outcomes reported. Overall judgement: moderate. Not eligible for PTCy MA comparator analysis since single descriptive arm without PTCy-vs-non-PTCy contrast.",2026-05-26
158,318,RL,ROBINS-I,serious,moderate,moderate,low,moderate,low,low,serious,"Retrospective EBMT registry analysis comparing MSD (heterogeneous GVHD prophylaxis - only 4.1% PTCy, 37.9% ATG, 7.7% alemtuzumab) vs HD (uniform PTCy). D1 (confounding): serious - donor type assignment non-random; HD recipients had higher risk disease (79% high-risk vs 70%), longer interval diagnosis-to-HCT (12 vs 8 mo), poorer KPS, more CMV seropositivity; despite multivariable adjustment, key confounders (IPSS-R cytogenetics, HCT-CI, donor specific antibodies, kinship) missing. D2 (selection): moderate - inclusion bias possible; not all eligible patients reported to registry. D3 (classification of interventions): moderate - heterogeneous prophylaxis in MSD arm conflates donor effect with prophylaxis effect. D4 (deviations from intended): low - registry-captured prophylaxis used. D5 (missing data): moderate - cytogenetics IPSS-R unavailable; donor age missing for 26.1% MSD/13.7% HD; KPS missing. D6 (outcome measurement): low - standard EBMT outcome ascertainment. D7 (selective reporting): low - prespecified registry endpoints. Overall: serious risk of bias due to unmeasured confounding and prophylaxis heterogeneity in comparator.",2026-05-26
159,320,RL,ROBINS-I,serious,moderate,moderate,low,low,moderate,low,serious,"Single-center retrospective cohort comparison of two sequential calendar eras (2009-2015 CyTBI vs 2016-2021 FluTBI-PTCy) spanning over a decade of changes in supportive care. D1 (confounding): serious - secular trends in NRM reduction independent of intervention; arms differ in age (45 vs 37, p=.01), TBI dose (8.8 Gy in 54% of PTCy arm vs 0% of CyTBI), HCT-CI/age (32% vs 14% >=3, p=.04), and CMV serostatus distribution (p=.05); no propensity score matching or multivariable adjustment for full covariate set. D2 (selection): moderate - intention-to-treat aligned with sequential protocol enrollment. D3 (intervention classification): moderate - clear protocol-defined arms but TBI dose was further age-stratified within PTCy arm. D4 (deviations): low - protocol-based. D5 (missing data): low. D6 (measurement): moderate - 1995 IBMTR aGVHD and 2005 NIH cGVHD criteria used uniformly but ascertainment by treating teams unblinded. D7 (reporting): low - outcomes appear pre-specified. Small sample (n=28 in PTCy arm) limits precision; differential follow-up (82 vs 22 mo) confounds late-event comparisons.",2026-05-26
160,321,RL,ROBINS-I,serious,serious,moderate,low,moderate,low,low,serious,"Single-center retrospective sequential cohort study comparing three GvHD prophylaxis regimens implemented in non-overlapping eras (Cohort-1 CNI+MTX/MMF 2012-2016, Cohort-2 TAC-SIRO 2012-2016 RIC only, Cohort-3 PTCy-TAC 2016-2022). D1 (confounding): SERIOUS - cohorts differ substantially in conditioning intensity, donor type distribution (MSD predominant in Cohort-1, MMUD overrepresented in Cohort-3 [27% vs 5-7%]), age (median 41 vs 61 vs 55), disease risk (rDRI high 31% vs 53% vs 58%), and HCT-CI; sequential era effect cannot be separated from regimen effect. D2 (selection): SERIOUS - eras are consecutive and patient allocation to regimen was based entirely on calendar period of transplant; supportive care, antimicrobial prophylaxis (e.g., letermovir post-2021), and conditioning platforms evolved over the 10-year window. D3 (intervention classification): MODERATE - prophylaxis regimens clearly defined per protocol. D4 (deviations): LOW. D5 (missing data): MODERATE - complete clinical follow-up but limited detail on infection outcomes and steroid exposure. Multivariable Cox model adjusted for HLA mismatch, donor/recipient sex, and prophylaxis was performed but did not adjust for era effects. ROBINS-I overall: SERIOUS.",2026-05-26
161,323,RL,ROBINS-I,serious,low,moderate,low,moderate,low,low,serious,"Retrospective EBMT registry analysis with R/R ALL inclusion. D1 (confounding): serious - haplo recipients more recently transplanted (median 2018 vs 2014), substantial era confounding; donor sex, CMV status, cell source, conditioning intensity differed significantly between arms; PS-matching addresses but does not eliminate. D2 (selection): low - consecutive registry patients meeting criteria. D3 (classification of interventions): moderate - haplo/PTCy includes 7% PTCy+ATG, MUD/ATG includes mixed ATG products/doses (not specified). D4 (deviations): low - retrospective registry. D5 (missing data): moderate - KPS missing 21/249, donor/patient sex missing 13/249, ATG product/dose not specified, prior lines of therapy and TKI use for Ph+ ALL not captured. D6 (outcome measurement): low - standard EBMT outcome definitions. D7 (selection of reported result): low - prespecified primary/secondary endpoints. Overall serious due to era confounding and missing key clinical covariates.",2026-05-26
162,324,RL,ROBINS-I,serious,moderate,serious,moderate,moderate,moderate,low,serious,"Retrospective EBMT registry comparison. D1 (confounding): serious — heterogeneous GVHD prophylaxis within ATG arm (8 distinct regimens including basiliximab, sirolimus, MMF, MTX combinations) and within PTCy arm (3 regimens); differing graft source distribution (PTCy 60% BM vs ATG 46% BM); ATG type/dose heterogeneous (75% Fresenius Grafalon median 20 mg/kg; 25% thymoglobulin median 10 mg/kg); residual confounding in MV likely. D2 (selection): moderate — concurrent registry-reported patients, but periodicity/center variation. D3 (interventions classification): serious — broad grouping of heterogeneous ATG-containing regimens. D4 (deviations): moderate. D5 (missing data): moderate — 41% NA/failed cytogenetics; disease risk features incomplete. D6 (outcome measurement): moderate — standardized EBMT registry definitions but no central adjudication. D7 (selection of reported result): low. Overall serious risk of bias.",2026-05-26
163,325,RL,ROBINS-I,moderate,moderate,low,low,moderate,low,low,moderate,"EBMT registry retrospective comparison of dUCBT (n=165) vs Haplo-PTCY PBSC (n=544) in AML CR1/CR2 patients. D1 confounding: moderate — donor source selection non-random (center-driven); haplo arm transplanted in more recent calendar years (median 2017 vs 2014), more often MAC (60% vs 23%), more often CMV-positive recipients (77% vs 65%); MVA adjusts for age, CR status, cytogenetics, KPS, conditioning, with center random effect, but residual confounding likely (era, evolving supportive care, no infection prophylaxis data). D2 selection: moderate — ATG/Campath/ex vivo TCD excluded which is appropriate, but center heterogeneity and missing chimerism/MRD data. D3 classification: low — registry-collected protocolized variables. D4 deviations: low — observational. D5 missing data: moderate — variable missingness for KPS, cytogenetics, CMV serology, donor age. D6 outcome measurement: low — EBMT-standardized outcomes; aGVHD per standard criteria. D7 reporting: low — pre-specified MVA. Overall moderate.",2026-05-26
164,326,RL,ROBINS-I,moderate,moderate,low,low,low,moderate,low,moderate,"Retrospective EBMT PDWP registry study comparing pediatric AML patients receiving MUD+ATG vs Haplo+PTCy, 2011-2021. D1 (confounding): moderate - matched-pair design with multiple exact and nearest-match variables addressed major prognostic factors but residual unmeasured confounding likely (eligibility for haplo vs MUD may relate to unmeasured urgency, social factors). D2 (selection): moderate - 1 haplo patient could not be matched and was excluded; matched analysis on subset (95/96 haplo, 253/420 MUD). D3 (intervention classification): low - donor type and GVHD prophylaxis well-defined registry variables. D4 (deviations): low - retrospective per-protocol use of registry-defined interventions. D5 (missing data): low - registry data, key variables reported; some missing on cytogenetics (~10% missing, similar in both groups). D6 (outcome measurement): moderate - aGVHD/cGVHD ascertainment depends on individual center reporting in registry, possible misclassification but groups assessed identically. D7 (reporting): low - prespecified primary (LFS) and secondary outcomes all reported. Overall moderate. Short follow-up censored at 2 yrs.",2026-05-26
165,327,RL,ROBINS-I,moderate,low,moderate,low,moderate,low,low,moderate,"Single-center retrospective cohort with consecutive enrollment minimizes selection bias. D1 (confounding): moderate — Fine-Gray multivariable model adjusts for MAC, Cy, UCB, CMV serostatus, Karnofsky scale, but residual confounding likely (donor-type/HLA mismatch not in final model; BKPyV monitoring not standardized). D2 (selection of participants): low — all consecutive allo-HCT 2016-2019. D3 (classification of interventions): moderate — PTCy use clearly recorded; GvHD prophylaxis well documented; but PTCy vs non-PTCy not the design contrast (PTCy is one of many covariates). D4 (deviations from intended interventions): low. D5 (missing data): moderate — BKPyV viremia performed in only 27/41 BKHC cases and 83 non-BKHC; CMV donor serostatus and other covariates well captured. D6 (measurement of outcome): low — BKHC defined per ECIL criteria, prospective clinical surveillance with daily urinary stick. D7 (selection of reported result): low — pre-specified primary/secondary objectives, Fine-Gray with planned forcing of MAC/Cy/UCB. Overall: moderate.",2026-05-26
166,328,RL,ROBINS-I,moderate,moderate,low,low,moderate,low,low,moderate,"Retrospective single-center cohort spanning 2001-2021 (20 years) with substantial era effects (pre-PET vs PET vs LET). Confounding (D1): moderate — PT-Cy use was non-randomized and concentrated in later years (>=2008), so PTCy patients differ systematically from CNI-only patients in transplant era, conditioning, donor type, and CMV monitoring practice; multivariable Cox models adjust for major confounders but residual confounding by indication likely. Selection (D2): moderate — only day 100 survivors included; pre-day-100 deaths excluded which may differentially affect PTCy arm (haplo-heavy). Classification of intervention (D3): low — GVHD prophylaxis regimen documented per medical record. Deviations from intended intervention (D4): low — observational design with standardized FHCC protocols. Missing data (D5): moderate — only patients with late CMV disease had detailed PCR surveillance adherence data; ~80% followed outside FHCC after day 100, leading to potential underestimation of late CMV disease. Outcome measurement (D6): low — CMV disease defined per standard Ljungman international criteria; biopsy-proven. Selection of reported result (D7): low — pre-specified multivariable analyses and sensitivity analyses reported. Overall moderate due to confounding by era and missing surveillance data for ~80% of cohort.",2026-05-26
167,332,RL,ROBINS-I,serious,moderate,moderate,low,moderate,moderate,moderate,serious,"Retrospective registry analysis combining EBMT/CIBMTR cohorts (heterogeneous data sources, definitions, conditioning, GVHD prophylaxis). D1 (confounding): serious - non-randomized comparison of PT-Cy vs non-PT-Cy with substantial baseline imbalance (n=73 vs 17); univariate analysis only with no multivariable adjustment for stem cell source (BM vs PB) which was also significantly associated with outcomes. D2 (selection): moderate - registry-based selection, only patients reported to EBMT/CIBMTR included. D3 (classification): moderate - PT-Cy use clearly classified but conditioning intensity and ATG use have substantial missing data. D4 (deviations): low. D5 (missing data): moderate - 16/96 missing ISS, 33/96 missing donor relationship, 30/96 missing CMV status, 61/96 missing pre-transplant therapy details. D6 (outcome measurement): moderate - heterogeneous ascertainment across registries; no specified GVHD grading system. D7 (selective reporting): moderate.",2026-05-26
168,334,RL,ROBINS-I,moderate,serious,low,low,moderate,moderate,low,serious,"ROBINS-I assessment: D1 (confounding) moderate — era comparison (Period 1 vs Period 2) with simultaneous changes in conditioning intensity (MAC use increased from 0.9% to 38.1%), ATG dose (4.5 to 2 mg/kg), CsA target, supportive care, and multiple other co-interventions; confounding by changing case mix (high/very high DRI 27.0% vs 14.7%) and improvements in care over time hard to fully adjust for. D2 (selection of participants) serious — non-randomized retrospective era comparison; selection into period is fully time-dependent; competing interventions vary between periods. D3 (classification of interventions) low — periods clearly defined by calendar date. D4 (deviations from intended interventions) low — observational. D5 (missing data) moderate — some missing baseline KPS/HCT-CI/DRI values (1-7% per variable); no clarity on whether outcome assessment was complete. D6 (measurement of outcomes) moderate — clinical/standardized outcomes; CMV/EBV monitored weekly; graft failure definition unclear. D7 (selective reporting) low — pre-specified outcomes reported. Overall serious risk of bias due to bundled simultaneous interventions and confounding by indication/era.",2026-05-26
169,335,RL,ROBINS-I,serious,moderate,moderate,low,low,low,low,serious,"Single-center retrospective cohort with progressive institutional adoption of PTCY-TK over the enrollment window (2014-2021), confounded by era (median 18.8 mo follow-up PTCY-TK vs 37.1 mo Other; 63.6% PTCY-TK transplants performed in 2018-2021 vs 24.7% in Other). Donor distribution markedly imbalanced (PTCY-TK 93.4% UD with 46.5% MMUD vs Other 56.0% MSD, only 4.0% MMUD). Multivariate Cox regression adjusts for time period, age, HCT-CI, KPS, DRI, and donor; partially mitigates confounding for GVHD/GRFS endpoints, but residual confounding is plausible (D2). Outcome measurement standardized per institutional protocols (D4-D5). Reporting appears complete with figures, tables, and primary outcomes pre-specified. Selection bias risk moderate-serious because of historical comparator. Overall: serious.",2026-05-27
170,336,RL,ROBINS-I,moderate,moderate,moderate,low,moderate,low,low,moderate,"Retrospective EBMT registry analysis of 404 MDS pts (PTCy n=66 vs heterogeneous 'other' n=338 including 162 ATG-containing). D1 confounding: Moderate - MVA adjusted for age, IPSS-R, TP53, year, conditioning intensity, HCT-CI, KPS, disease status. PTCy group had higher MAC use (52.3% vs 38.2%, p=0.047) and were more recently transplanted (65.2% in 2018-2020 vs 36.1%); residual era confounding likely. Letermovir use not captured. D2 selection: Moderate - inclusion required completed MED-C follow-up forms returned 2023; only 52/many EBMT centers participated; potential selection bias toward better-quality centers. D3 classification of intervention: Moderate - PTCy/other prophylaxis well-defined by registry but adjunct IS heterogeneous (PTCy+1 vs +2 IS agents, varying CNI/MMF); 'Other' arm collapsed across CNI-MTX/MMF (52%) and ATG-containing (48%). D4 deviations: Low. D5 missing data: Moderate - TP53 missing in 281/404 (use of missing indicator); molecular markers missing in 79; cGVHD denominator 65/66 and 336/338; bacterial infection and detailed CMV/EBV timepoint data not captured; ATG dosing/schedule heterogeneity not detailed. D6 outcome measurement: Low - standardized EBMT registry definitions, Glucksberg/MAGIC for aGVHD, Seattle for cGVHD. D7 selective reporting: Low - prespecified outcomes reported with CIs; multivariable Cox models for OS, PFS, NRM, CIR shown in Tables 3-4. Overall moderate.",2026-05-26
171,337,RL,ROBINS-I,moderate,serious,low,low,low,low,low,serious,"Retrospective single-center sequential-era cohort (ATG-based 2011-2015; ATG4.5/PTCy Oct 2015-May 2018; ATG2/PTCy May 2018-2021). D1 (confounding): moderate-to-serious — supportive care evolved over decade (no letermovir initially; antifungal practice may have shifted; CMV preemptive practice). MVA controlled for age, DRI, conditioning intensity, HCT-CI, KPS but did not adjust for era-specific supportive care. D2 (selection): serious — different time periods select different patients; baseline characteristics differed (older age and lower HCT-CI in ATG2/PTCy era). D3 (intervention classification): low — GVHD prophylaxis is well-defined. D4 (deviations): low. D5 (missing data): low — small numbers missing in DRI, KPS, HCT-CI. D6 (measurement of outcomes): low — standardized criteria (Keystone for aGVHD, NIH for cGVHD). D7 (reporting): low. Overall: serious due to era effect confounding and selection.",2026-05-26
172,338,RL,ROBINS-I,moderate,serious,low,low,low,moderate,low,serious,"Retrospective single-center cohort comparing consecutive PTCy/Tac patients (2016-2021 era) with historical controls receiving conventional non-PTCy CNI/MTX or CNI/MMF prophylaxis (2011-2016 era). D1 (confounding): moderate - era effect strongly confounds prophylaxis comparison (supportive care, infection management, donor sourcing all changed between eras); statistical adjustment included time period and known confounders (age, sex, HCT-CI, KPS, DRI, donor type, conditioning intensity). D2 (selection): serious - non-randomized allocation determined solely by transplant date relative to 2016 (MUD) and 2019 (MSD) practice changes; no concurrent controls. D3 (exposure classification): low - prophylaxis regimens unambiguously documented. D4 (deviations): low - protocolized post-transplant management with homogeneous GVHD treatment per institutional pathway. D5 (missing data): low - follow-up censored uniformly at 2 years, near-complete data for primary outcomes. D6 (measurement): moderate - GVHD ascertained by treating physicians (MAGIC and 2014 NIH) without blinded adjudication; CMV PCR threshold-based; BSI documented by blood cultures. D7 (selection of reported result): low - main outcomes prespecified in methods. Overall judgement: serious risk of bias driven primarily by era-based allocation (D2) and residual unmeasured confounding (D1).",2026-05-26
173,340,RL,ROBINS-I,serious,serious,moderate,low,moderate,moderate,low,serious,"Retrospective CIBMTR registry analysis 2013-2017. D1 Confounding: serious — Haplo/PTCy vs MUD/conventional confounded by donor type (impossible to separate PTCy effect from haplo donor effect); paper acknowledges this is fundamental limitation. Significant baseline differences (age, DRI, graft source, AML predominance). D2 Selection: serious — primary analytic cohorts conditioned on developing grade 2-4 aGVHD or cGVHD (collider stratification creates selection bias for downstream outcomes); parent-population CIs OK. D3 Classification of intervention: moderate — GVHD prophylaxis well-defined but ATG dose/agent not detailed. D4 Deviations: low — registry, standard care. D5 Missing data: moderate — small amounts missing for HCT-CI/sex/DRI; cGVHD severity grading not standardized (predates NIH 2014). D6 Outcome measurement: moderate — GVHD assessed clinically; consensus criteria but no central adjudication. D7 Selection of reported result: low — pre-specified hypotheses on GVHD organ patterns/NRM/OS.",2026-05-26
174,341,RL,ROBINS-I,serious,serious,moderate,moderate,moderate,moderate,serious,serious,"D1 (confounding) serious: RIC choice non-randomized, varied by era and physician preference, with documented time bias (Flu-Mel uptake increased after 2018 due to busulfan shortage). Donor type also differs significantly across RIC arms (haplo predominant in TBI and Mel but more balanced in Bu, p=0.001), confounding intensity effect with donor effect. D2 (selection) serious: post-hoc subset selection of 52/450 RIC AML/MDS patients with no documented sampling frame. D7 (reporting) serious: incomplete outcome reporting (no D+100 GVHD, no NRM, no infections, no engraftment data; only crude proportions for adverse events, KM for OS/PFS only). Mixed within-arm PTCy use makes the comparison ambiguous for our PTCy analytic framework. Small sample (especially Bu arm n=7) limits inference.",2026-05-26
175,343,RL,ROBINS-I,moderate,moderate,moderate,low,moderate,low,low,moderate,"EBMT ALWP retrospective registry analysis of 208 adults with ALL undergoing haplo-SCT 2007-2014. D1 (confounding): moderate - retrospective registry; choice of GVHD prophylaxis non-randomized; MV Cox adjusted for major confounders but no PSM. D2 (selection): moderate - centers chose PTCy vs ATG by policy, possible center-level confounding (frailty term tested NS p=0.30). D3 (intervention classification): moderate - GVHD prophylaxis assignment well-defined though ATG type/dose varied (Thymo vs Fresenius). D4 (deviations): low. D5 (missing data): moderate - cytogenetics 142/208; MRD 91/149; ATG type only 66/90; key prognostic data missing. D6 (measurement of outcome): low - standard EBMT-defined outcomes with audited data. D7 (reporting): low - all pre-specified outcomes reported. Overall moderate.",2026-05-26
176,344,RL,ROBINS-I,serious,moderate,moderate,low,moderate,low,low,serious,"EBMT ALWP registry retrospective analysis comparing Haplo (n=250) vs MUD 10/10 (n=2589) in older AML. D1 (confounding): SERIOUS — significant baseline differences in disease status (CR1 38% vs 53%), KPS, time to Tx, donor sex mismatch; propensity score with caliper 0.2 used to mitigate, but residual confounding by indication likely (Haplo arm more recent and used preferentially for active disease). D2 (selection): MODERATE — registry inclusion criteria broad but center-level reporting heterogeneity possible. D3 (intervention classification): MODERATE — Haplo arm itself heterogeneous (65% PT-Cy, 26% ATG); MUD arm 75% ATG. D4 (deviations): LOW — observational, no protocol deviations applicable. D5 (missing data): MODERATE — cytogenetics missing in 33% Haplo and 46% MUD; secondary AML status missing extensively. D6 (outcome measurement): LOW — central reporting with EBMT audits, standard GVHD criteria. D7 (selection of reported result): LOW — outcomes pre-specified. Overall: SERIOUS.",2026-05-26
177,345,RL,ROBINS-I,moderate,serious,moderate,low,moderate,low,low,serious,"EBMT ALWP registry retrospective comparison of MAC vs RIC haplo-SCT for AML >=45y. D1 (confounding): moderate - propensity score weighting and Cox multivariate adjustment used, but key confounders (Karnofsky, age, disease status, secondary AML) differed at baseline; Sorror HCT-CI not available in registry; molecular markers missing. D2 (selection): serious - RIC patients were older (61.3 vs 55.2y) and had different graft sources (60% PBSC RIC vs 47% MAC); strong indication bias for conditioning intensity choice. D3 (intervention classification): moderate - MAC/RIC defined by EBMT Bacigalupo 2009 criteria but center variability in regimen composition (TBF, BF, TBI-based) and PTCy vs ATG vs combination prophylaxis introduces classification heterogeneity. D4 (deviations): low - registry-based outcome ascertainment. D5 (missing data): moderate - molecular markers missing, Sorror HCT-CI absent. Note: this paper's primary comparison is MAC vs RIC; PTCy is a subgroup/covariate. Outcomes for PTCy-only patients within each conditioning arm are NOT separately reported. Strong center effect acknowledged by authors.",2026-05-26
178,346,RL,ROBINS-I,moderate,low,moderate,low,low,low,low,moderate,"Single-center retrospective cohort, 960 consecutive patients. D1 (confounding): moderate - era effects (2015-2021 spans introduction of PTCy-ATG-CsA Oct 2015 and ATG dose reduction May 2018); composite 4-group analysis with multivariate adjustment for donor and ABO, but residual confounding by indication (HD Bu used preferentially for younger/fitter patients with adverse-risk disease) likely. D2 (selection): low - consecutive enrollment. D3 (intervention classification): moderate - PTCy use confounded with ATG, CsA, calendar era, and conditioning intensity (PTCY-ATG-CsA cohort overlaps strongly with HD Bu MAC group). D4 (deviations): low. D5 (missing data): low - 98.6% urine BK PCR coverage in HC patients, but 40.4% BK-NEG cases lacked adenovirus/CMV viral testing. D6 (outcome measurement): low - standardized Bedi grading; charts reviewed. D7 (selection of reported result): low. Paper appropriately acknowledges that only 60 patients received PTCy without ATG, limiting isolation of PTCy effect from ATG. Overall moderate ROB due to inability to disentangle PTCy from concurrent HD Bu use and from ATG/CsA in this institutional cohort.",2026-05-26
179,348,RL,ROBINS-I,serious,moderate,moderate,low,moderate,low,moderate,serious,"ROBINS-I retrospective non-randomized: D1 Confounding SERIOUS - PTCy arm is 9/10 MMUD whereas control is matched related donor; HLA mismatch and donor relation are major effect modifiers for infection/GVHD outcomes, making the PTCy vs no-PTCy contrast deeply confounded with donor type; no adjustment beyond descriptive comparison. D2 Selection MODERATE - all consecutive eligible patients per registry but allocation determined by donor availability/era. D3 Classification of intervention MODERATE - prophylaxis regimens well-described. D4 Deviations LOW - intervention adherence not a concern in retrospective infection ascertainment. D5 Missing data MODERATE - small n (45+45), no patient flow diagram; Table 1 contains a denominator inconsistency (gender row sums to 79 not 90). D6 Outcome measurement LOW - standardized definitions (EORTC/MSG, ECIL, NIH) and twice-weekly CMV PCR / galactomannan monitoring; outcome ascertainment same in both arms. D7 Selection of reported result MODERATE - chi-square p-values reported only; no multivariable adjustment; competing risks not handled. Overall SERIOUS due to baseline confounding between donor type and intervention.",2026-05-26
180,352,RL,ROBINS-I,serious,moderate,moderate,low,moderate,moderate,moderate,serious,"Retrospective registry analysis of three non-randomized donor strata (MSD, Haplo+PTCy, MUD+ATG) with substantial baseline imbalance: median age 12-37 yrs across donor/CR strata, marked imbalance in conditioning intensity (Haplo CR1 only 53.3% MAC vs MSD CR1 85.4%), in pediatric proportion (Haplo CR2+ 66% children, MSD CR2+ 40%), in sex-match distribution, and in CMV serostatus distribution. ATG/PTCy exposure perfectly confounded with donor type and explicitly excluded from multivariable modeling. Authors acknowledge survival bias in CR2+ MUD comparisons due to longer time-to-transplant. Acute GVHD data unavailable (selection/data missingness concern for d4). Multivariable adjustment for age, sex match, HCT-CI, KPS, diagnosis, disease status, donor type, graft source, conditioning is reasonable but limited by missing variables: MRD pre-HCT, time-from-diagnosis-to-HCT, DSA, prophylactic DLI. Outcome ascertainment is registry-based (standard for CIBMTR/Brazilian Registry; reasonable but cGVHD criteria stated only as 'standard criteria' without grading specification). No deviation-from-intended-intervention data. Reporting bias unlikely given comprehensive Table 2 and 3 presentation.",2026-05-26
181,353,RL,ROBINS-I,serious,moderate,moderate,low,moderate,moderate,low,serious,"Retrospective real-life observational study with small N (40), substantial baseline imbalance between arms (donor type significantly differed p=0.001, conditioning regimen p=0.001, stem cell source p=0.05), heterogeneous era spanning 2009-2021 (era confounding likely between PTCy and ATG arms); no propensity score matching or multivariable adjustment for arm assignment beyond univariate/multivariate regression on relapse and GvHD; outcomes reported as crude proportions without competing-risk handling; no formal HR for OS by arm; high missingness on infection outcomes (no CMV/BSI/IFI specifically reported); no information on letermovir era or antifungal regimen. D1 confounding serious due to differential donor/conditioning between arms and era effect; D2 selection moderate (consecutive enrollment but selection by physician choice of prophylaxis); D5 missing data moderate (substantial outcome categories not reported); overall serious.",2026-05-26
182,357,RL,ROBINS-I,moderate,moderate,low,low,moderate,low,low,moderate,"Non-randomized observational cohort study with PT-CY/CSA arm enrolled prospectively from Sept 2017 and MTX/CSA arm largely retrospective from 2015-2017. D1 confounding: moderate, multiple baseline imbalances (age PT-CY older 34 vs 29 yr p<0.001; conditioning regimens differ dramatically with PT-CY arm 100% Flu/Bu vs MTX arm 81% Bu/Cy; CMV donor IgG status differs 75.3% vs 91.1%) partially addressed via multivariate Cox. D2 selection: moderate, sequential calendar-era based assignment creates risk. D3 intervention classification: low, regimens well-defined. D4 deviations: low, single-center protocol-driven care. D5 missing data: moderate, no statement of loss to follow-up or completeness. D6 measurement: low, standard Glucksberg + NIH 2014 criteria. D7 selective reporting: low, all pre-specified outcomes appear reported.",2026-05-26
183,358,RL,ROBINS-I,serious,low,moderate,low,low,low,low,serious,"Comparative analysis of two independently-conducted prospective phase II single-arm studies (JSCT-ATG15 enrolled 2016-2018; JSCT-PTCY19 enrolled 2020-2021) with non-overlapping enrollment windows and structurally different eligibility (JSCT-ATG15 restricted to MAC + HLA-matched only; JSCT-PTCY19 allowed MAC or RIC and HLA-matched or 1-2 allele mismatched). Confounding by indication / era / protocol design is severe (D1). Outcome ascertainment and statistical methods comparable across protocols (D3 moderate). Despite prospective phase II origin of each component, the head-to-head comparison is essentially a retrospective non-randomized cross-protocol analysis; small sample size limits adjusted analyses.",2026-05-26
184,359,RL,ROBINS-I,serious,serious,moderate,moderate,moderate,moderate,moderate,serious,"Non-randomized prospective vs historical-control retrospective comparison with substantial confounding by era (PTCy 2017-2019 vs MTX 2015-2019 with overlap), age (median 34 vs 28 yrs, P=.017), conditioning (uniform Flu/Bu in PTCy arm vs heterogeneous BuCy/BuFlu/TBI-Cy in MTX arm), and disease distribution (more AML in PTCy 70.7% vs MTX 57.3%, more ALL in MTX 13.4% vs PTCy 1.3%). D1 (confounding) and D2 (selection - historical control with retrospective ascertainment) are serious. Small single-country two-center sample. No CMV/letermovir era information. Short median follow-up (12.5 mo PTCy). Outcome ascertainment by clinical criteria appears consistent. Missing creatinine clearance data in 33/75 MTX patients. No documentation of competing risk methodology though CIs reported for aGVHD and cGVHD suggesting CIF used.",2026-05-26
185,361,RL,ROBINS-I,moderate,moderate,low,low,moderate,moderate,low,moderate,"CIBMTR registry retrospective design; D1: confounding present (donor selection, era, center practice) but multivariable Cox adjusted for center effects via score test; D2: selection of participants reasonable, exclusions explicit (UCB, single-mismatch, CD34-selected, ATG/alemtuzumab); D3: intervention classification based on registry GVHD prophylaxis categories — reliable; D4: deviations minimal in observational registry; D5: missing data limited (5% ALC at D+100, 20% at D+180); D6: outcome measurement — infection ascertainment passive (clinical only), institutional viral monitoring NOT collected — risk of differential ascertainment between HaploCy (more aggressive screening expected) vs SibCNI, acknowledged by authors; D7: selection of reported result — pre-specified analysis, low concern. Overall moderate due to ascertainment bias and unmeasured confounders (immunosuppression burden, antiviral prophylaxis).",2026-05-26
186,363,RL,ROBINS-I,serious,serious,moderate,low,moderate,moderate,low,serious,"Single-center retrospective non-randomized cohort. D1 (confounding): serious - PTCy and ATG cohorts treated in different eras (2016-2018 vs 2010-2017), age and conditioning intensity differ significantly; only partial multivariable adjustment. D2 (selection): serious - eras differ; era effects and improvements in supportive care over time could bias PTCy cohort favorably. D3 (classification): moderate - GVHD prophylaxis protocols clearly defined. D4 (deviations): low - retrospective routine care. D5 (missing data): moderate - some chimerism data missing. D6 (measurement): moderate - clinical diagnosis with biopsy confirmation, but ascertainment for infections not blinded. D7 (selective reporting): low - all pre-specified outcomes reported. Limited PTCy sample (n=22) reduces precision.",2026-05-26
187,364,RL,ROBINS-I,moderate,moderate,moderate,low,moderate,moderate,low,moderate,Multicenter retrospective single-arm observational study of 109 ALL pts receiving haplo PTCy across 5 centers (2005-2015). D1 (confounding): moderate - no comparator arm; heterogeneous disease status (CR1/CR2/beyond CR2/PIF) and conditioning (MAC/NMA); univariate/multivariate Cox done but only conditioning intensity significant. D2 (selection): moderate - consecutive pts (good) but 5 centers with potential variation in practice; pediatric and 2nd HSCT pts excluded but 2nd HSCT analyzed separately within paper. D3 (intervention classification): moderate - PTCy uniform but CNI varied (tacrolimus 79% vs cyclosporine 21%); no detailed infection prophylaxis reporting. D4 (deviations from protocol): low - retrospective so no protocol deviations per se. D5 (missing data): moderate - acknowledged missing data for some covariates (denominators don't add to 109 for several variables); GVHD severity not assessed accurately for all per authors' own limitations statement. D6 (measurement of outcomes): moderate - GVHD ascertainment retrospective and authors acknowledge could not accurately assess GVHD severity for all; infection ascertainment unclear. D7 (selection of reported result): low - DFS prespecified primary endpoint; multiple secondary endpoints reported transparently with HRs. Overall: moderate.,2026-05-26
188,366,RL,ROBINS-I,serious,serious,moderate,low,moderate,moderate,low,serious,"Retrospective single-center analysis spanning 1993-2023 with strong confounding by era: ATLG group transplanted predominantly pre-2014 (median 2003), PTCy group post-2014 (median 2020). Substantial differences in age (29 vs 42), donor type distribution, graft source (38% BM ATLG vs 11% PTCy), and conditioning regimen (TBI+Cy/Vp16 vs TBI/Flu). Authors performed PSM (only 31 matched pairs) and multivariate analysis to address confounding. Multicollinearity acknowledged among ATLG-vs-PTCy, conditioning, and year of transplant variables. Outcome definitions standard (NIH cGvHD, Glucksberg-IBMTR aGvHD). Missing data on MRD status and inconsistent MRD assessment over time noted by authors.",2026-05-26
189,368,RL,ROBINS-I,moderate,moderate,low,low,moderate,low,low,moderate,"Retrospective matched-pair analysis of JSHCT/JDCHCT TRUMP registry with 1:3 optimal matching on year of transplant, age, sex, refined DRI, HCT-CI, and conditioning intensity. D1 (confounding): moderate - matched on key variables but unmeasured confounders remain (e.g., MTX dose, center-level practice differences as PTCy was done at 31 trial centers vs 127 UCBT centers - 'trial effect' acknowledged). D2 (selection): moderate - PTCy-haplo group was assembled via separate AMED survey, then matched to TRUMP controls; potential selection bias for fitter/larger male recipients in PTCy. D3 (classification): low - intervention defined by donor type. D4 (deviations): low - registry data. D5 (missing): moderate - infections (BSI/CMV/IFI) not reported; only HLA antibody testing in 94-98%. D6/D7 (measurement, reporting): low - standard outcome definitions, comprehensive reporting of OS/RFS/relapse/NRM/GVHD/engraftment.",2026-05-26
190,371,RL,ROBINS-I,serious,moderate,moderate,low,low,moderate,low,serious,"Retrospective multicenter Chinese CBMTRG registry study comparing G-CSF/ATG (n=176) vs PTCy (n=44) with nested case-pair 1:4 matching on diagnosis, refined DRI, age (+/-5yr), year of HSCT (+/-2yr). D1 (confounding): serious - unbalanced conditioning regimens (BU/Cy vs BU/FLU/Cy variants), graft source (BM+PB vs PB-only), and GVHD prophylaxis backbones differ systematically by arm; residual confounding from era, CMV/EBV monitoring, antifungal/antibacterial prophylaxis not reported. D2 (selection): moderate - case-pair matching addresses some selection bias but PTCy arm is small (n=44) and selected from registry. D3 (classification): moderate - retrospective registry coding. D4 (deviations): low. D5 (missing): low - complete outcomes for engraftment, GVHD, NRM, OS, relapse. D6 (measurement): moderate - GVHD criteria modified Keystone/NIH; no central review. D7 (reporting): low. Authors acknowledge limitations including retrospective nature, small PTCy n, heterogeneous conditioning and GVHD prophylaxis, and lack of CMV/EBV/immune reconstitution data.",2026-05-26
191,374,RL,ROBINS-I,moderate,serious,moderate,low,low,low,moderate,serious,"Retrospective multicenter cohort 2000-2020 covering 20-yr era spanning major changes in donor selection, conditioning, GVHD prophylaxis, supportive care, and lymphoma therapeutics. D1 confounding (moderate): multivariable Cox adjusts for histology, status at allo-HSCT, but era, donor type, HCT-CI not retained; PTCy use confounded with later era and haploidentical donor (haplo received PTCy preferentially). D2 selection (serious): PTCy use almost entirely in haploidentical donor subset; very high baseline imbalance not adjusted for in PTCy vs non-PTCy comparison. D3 classification (moderate): standard GVHD/disease definitions, but composite endpoints (early vs late NRM) defined post-hoc. D4 deviations (low): retrospective registry-style data; no protocol deviations to manage. D5 missing data (low): complete follow-up for survival outcomes, modest missingness on KPS/HCT-CI. D6 measurement (low): standard outcome ascertainment. D7 selective reporting (moderate): no protocol/registration cited; PFS pre-specified primary endpoint per Methods. Overall: serious risk of bias for PTCy vs non-PTCy comparison primarily driven by D2 confounded indication.",2026-05-26
192,375,RL,ROBINS-I,serious,moderate,moderate,low,moderate,moderate,low,serious,"Retrospective single-center comparison of two non-contemporaneous transplant cohorts (cTCR/TCD 2006-2007 vs TCR/PTCY 2009-2011). Major confounding by era and patient selection: TCR/PTCY group had higher proportion of second transplants (44% vs 0%) and older age, suggesting differential indication. No statistical adjustment in primary OS/NRM comparisons (univariate only). Outcome ascertainment standardized via institutional protocol with routine PCR-based viral monitoring, reducing detection bias. Small sample size (n=55) limits statistical power. Authors acknowledge low patient numbers and different observational periods as study limitations.",2026-05-26
193,379,RL,ROBINS-I,moderate,low,moderate,low,low,low,low,moderate,"Retrospective single-center cohort 2007-2018; confounding by indication for GVHD prophylaxis choice (PTCy used more often for unrelated donors, MMF used preferentially with NMA conditioning, MTX with MAC). Multivariate adjustment performed for key covariates (donor age, conditioning, donor relationship, CMV serostatus). Uniform CMV monitoring per institutional protocol; outcome ascertainment robust. PTCy arm small (n=44) limiting precision. No missing data described.",2026-05-26
194,380,RL,RoB2,low,some_concerns,low,low,low,NA,NA,some_concerns,Phase II open-label RCT (NCT03246906). D1: low - randomization 1:1 stratified by HLA-match. D2: some concerns - open-label design (patients and physicians not blinded). D3: low - 5/150 (3%) randomized but not treated; primary analysis on 145 protocol-adherent patients. D4: low - blinded adjudication by Fred Hutch Long-Term Follow-Up service verified by PI. D5: low - prespecified primary endpoint (CRFS) and secondary endpoints in protocol; trial closed early at 145 of target 160 per DSMB due to declining accrual. Overall: some concerns due to open-label design.,2026-05-26
195,382,RL,ROBINS-I,moderate,moderate,low,low,moderate,low,low,moderate,"Large CIBMTR registry (n=2765, 102 centers, 2012-2017). Strengths: uniform CIBMTR data forms, central auditing, broad geographic representation, comparator group available (SibCNI), <5% missing data on pertinent variables. Weaknesses (D1 confounding): retrospective registry; reason for choosing PTCy in MRD vs CNI not captured, with potential indication bias (e.g. center preference, donor preference). D2 (selection): centers without patients in both SibCNI and HaploCy excluded to reduce ascertainment bias; reasonable. D5 (missing data): infection prophylaxis info limited prior to 2017 - cannot adjust for antimicrobial prophylaxis era differences; no MDR data captured. Cox MVA adjusted for multiple confounders incl age, disease risk, neutrophil engraftment, aGVHD as time-dep variable.",2026-05-26
196,383,RL,ROBINS-I,moderate,low,moderate,low,moderate,low,low,moderate,"Retrospective EBMT registry study of adverse-risk AML in CR1, 2017-2022. D1 (confounding): moderate - multivariable Cox with random center effect adjusts for key confounders (age, donor age, conditioning, CMV, gender mismatch) but pre-HCT MRD was missing in 59% and not in model. D2 (selection): low - consecutive registry reporting. D3 (intervention classification): moderate - donor type and GVHD prophylaxis (ATG/PTCy/other) recorded per protocol but PTCy regimen details (dose, schedule, companion IS) not standardized. D4 (deviations): low - registry observational. D5 (missing data): moderate - MRD missing in 1779/3006 (59%), CMV in 55, donor age in 34. D6 (measurement): low - GVHD/relapse standardly captured. D7 (selection of reported result): low - pre-specified endpoints. Overall moderate.",2026-05-26
197,384,RL,ROBINS-I,moderate,low,moderate,low,low,low,low,moderate,"EBMT registry-based retrospective matched-pair analysis with propensity score matching on key covariates (age, year of HCT, donor type, Karnofsky, TCI, FtoM, AML cytogenetics). D1 (confounding): moderate - propensity matching addresses measured covariates but residual confounding likely (no data on early cardiac events, lipids, smoking, hypertension, exact ptCy dosing/timing, antifungal prophylaxis, letermovir use, CMV serostatus). D2 (selection): low - all consecutive ptCy retained; ATG matched 3:1. D3 (intervention classification): moderate - exact ATG agent/dose and ptCy schedule not captured. D4 (deviations): low. D5 (missing data): low - small missing in HCT-CI and cytogenetics. D6/D7 (outcome measurement & reporting): low - standardized EBMT endpoints. Overall moderate.",2026-05-26
198,386,RL,ROBINS-I,serious,serious,moderate,moderate,moderate,serious,moderate,serious,"Single-center retrospective case series of only 5 patients with no comparator group. D1 (confounding): serious - heterogeneous donor types, conditioning regimens, and GVHD prophylaxis across only 5 patients with no adjustment possible. D2 (selection): serious - retrospective convenience sample at one tertiary center in India, eligibility based on physician judgement. D3 (classification of interventions): moderate - regimens clearly described. D4 (deviations): moderate - case-by-case management. D5 (missing data): moderate - small N with complete data per Table 1. D6 (measurement of outcome): serious - outcomes clinically ascertained without blinding, no standardized infection surveillance protocol described, GVHD per NIH criteria. D7 (reporting): moderate - all 5 cases tabulated. Overall serious risk of bias; underpowered for any inference about PTCy effect.",2026-05-26
199,389,RL,ROBINS-I,serious,moderate,moderate,moderate,moderate,serious,moderate,serious,"Single-center retrospective cohort comparing two conditioning regimens. D1 (confounding) serious: regimens chosen non-randomly across 2014-2020 enrollment period, with PTCy arm enrolled later (median follow-up 284d vs 729d), introducing era effect/secular trend confounding; no adjustment for confounders. D2 (selection): patients selected based on regimen received with some imbalances (CR/CR2 distribution, age 46 vs 34 yr median, donor type p=0.023). D3 (classification): regimens clearly defined. D4 (deviations): per-protocol approach. D5 (missing data): low missingness for primary outcomes. D6 (outcome measurement): GVHD assessment unclear if blinded; investigators uniform. D7 (reporting): no protocol referenced. NRM values (75-77% at 1yr) appear inconsistent with OS (62-65%) figures suggesting potential reporting/figure-labeling concerns.",2026-05-26
200,390,RL,ROBINS-I,moderate,moderate,moderate,low,low,low,low,moderate,"Prospective non-randomized comparison with contemporaneous external (across-institution) control. Authors acknowledge limitations: non-randomized design, comparison across three institutions (though all use identical Beijing protocol), residual differences in donor age, HLA matching, ABO matching, and cell doses despite matched-pair sensitivity. Outcomes systematically captured with blinded expert panel for GVHD adjudication (low for measurement). Disease type / DRI distribution comparable. No selective reporting suspected. Confounding by indication is the primary risk (D2-D3).",2026-05-26
201,391,RL,ROBINS-I,moderate,low,moderate,low,moderate,low,low,moderate,"Large CIBMTR registry retrospective comparison with multivariable adjustment for major prognostic factors (age, remission status, MRD, cytogenetics, conditioning, donor/recipient sex/CMV match). D1 (confounding): moderate - multiple adjusted covariates and stepwise selection but residual confounding from non-random donor selection (e.g., center preference, donor availability, ethnicity-driven donor mix). D3 (intervention classification): moderate - GVHD prophylaxis modality heterogeneous within non-haplo arms, ATG use differs substantially (1% haplo vs 5-50% comparators). D5 (missing data): moderate - MRD missing in ~4-9% per arm, race partly unreported. Infection-specific outcomes not captured by registry (only cause-of-death categories), limiting infection inference. Outcome ascertainment via CIBMTR follow-up forms is standardized.",2026-05-26
202,395,RL,ROBINS-I,moderate,serious,moderate,low,low,low,low,serious,"Comparative study pooling prospective mPTCy arm (registered ChiCTR2000038297) with retrospective historical G-CSF/ATG controls from a different era (2012-2021 vs 2019-2023). D1 (confounding): moderate - multivariable adjustment performed but era differences (PBSC graft, supportive care, letermovir availability) only partially controlled. D2 (selection of participants): serious - non-concurrent comparison with potential selection bias from differing eligibility/treatment-era criteria. D3 (intervention classification): moderate - protocols well-defined but era-bound. D4-D7: low - outcomes ascertained uniformly, single-center follow-up, complete data except 4 missing CD34. Follow-up imbalance (866 vs 2511 days) limits long-term outcome (cGVHD/GRFS) interpretation in mPTCy arm.",2026-05-26
203,396,RL,ROBINS-I,moderate,moderate,low,low,low,moderate,low,moderate,"Retrospective multicenter registry analysis with propensity score matching to balance baseline characteristics. D1 (confounding) moderate: PSM used for 4 of 13 measurable covariates but HLA mismatch, MNC, CD34+ cells, and graft resource remained imbalanced after PSM; residual confounding by center, conditioning regimen heterogeneity, and unmeasured variables. D2 (selection): moderate; non-random assignment to treatment groups based on physician/center preference. D3 (classification): low; protocol assignments were prospective. D4 (deviations): low. D5 (missing data): low (only patients with complete records included). D6 (measurement of outcomes): moderate; some outcomes ascertained heterogeneously across centers; no central adjudication described. D7 (selection of reported result): low. Overall: moderate ROB.",2026-05-26
204,397,RL,RoB2,low,some_concerns,low,some_concerns,some_concerns,NA,NA,some_concerns,"D1 (randomization): low — central interactive response technology system used; 2:1 allocation specified; baseline characteristics balanced. D2 (deviations from intended interventions): some_concerns — open-label design without blinding of participants/providers; aGVHD/cGVHD assessment by treating clinicians not blinded (MAGIC/NIH 2014 criteria are clinical). D3 (missing outcome data): low — all 66 randomized patients analyzed; median follow-up 264/257 days, no LTFU reported. D4 (measurement of outcome): some_concerns — GVHD outcomes are subjective clinical assessments; open-label design with unblinded clinicians grading aGVHD/cGVHD. D5 (selection of reported result): some_concerns — trial stopped early at first interim analysis for futility (after 66/196 planned, conditional power 0.025); pre-specified protocol via NCT06108739 but interim stopping affects interpretation. Overall: some_concerns due to open-label design, subjective GVHD endpoints, and early stopping.",2026-05-26
205,399,RL,ROBINS-I,moderate,low,low,low,moderate,moderate,low,moderate,"Registry-based retrospective cohort (TRUMP/JDCHCT). D1 (confounding): moderate - multivariate Cox/Fine-Gray adjusted for age, sex, PS, HCT-CI, cytogenetic risk, conditioning, year, but MRD status and molecular profiles not captured. D2 (selection): low - consecutive registry enrollment with prospective registration covering >99% of Japanese centers. D3 (intervention classification): low - donor source clearly defined. D4 (deviations from intended): low - standard clinical practice; ATG/TCD excluded. D5 (missing data): moderate - cytogenetic risk had 3-5% unevaluable; MRD/molecular profiles missing. D6 (outcome measurement): moderate - GVHD and engraftment subject to ascertainment; standard criteria used; centers report at D+100 and annual follow-up. D7 (selection of reported result): low - pre-specified primary outcome (OS) and secondary outcomes.",NA
207,405,RL,ROBINS-I,NA,NA,NA,NA,NA,NA,NA,NA,Single-arm descriptive paper protocol-excluded; no PTCy vs comparator contrast for RoB assessment. Tracked for PRISMA only.,2026-05-26
208,407,RL,ROBINS-I,moderate,moderate,low,low,low,low,low,moderate,"Retrospective nationwide JSTCT TRUMP registry analysis. D1 confounding: moderate — significant baseline imbalance across arms (age, conditioning intensity, donor-recipient sex, donor HTLV-1 status); authors adjusted for major prognostic factors in multivariable Cox/Fine-Gray models and conducted propensity-score-matched PTCY vs CBT comparison. D2 selection: moderate — limited reporting of donor selection rationale within institutions; PTCY vs MRD/MUD/CBT choice driven by donor availability/protocol selection. D3 classification: low — outcomes defined by standard criteria. D4 deviation: low — observational, no protocol deviations. D5 missing data: low — registry capture, complete follow-up. D6 measurement: low — outcomes standardized via TRUMP. D7 reporting: low — comprehensive outcome reporting per JSTCT working group. Overall moderate.",2026-05-26
209,408,RL,ROBINS-I,serious,moderate,moderate,moderate,moderate,moderate,moderate,serious,"Retrospective multicenter (3 Ankara centers) registry-based comparison of 9/10 MMUD PTCy vs 10/10 MRD MTX/CsA. D1 (confounding): serious — fundamental differences between arms (donor type, prophylaxis, conditioning regimens differ substantively: TBI/Flu in PTCy vs Cy/Bu in 56.7% of control), no multivariable adjustment, no propensity matching. D2 (selection): moderate — both groups enrolled consecutively but different intrinsic indication (MMUD vs MRD). D3 (classification of interventions): moderate — interventions well-defined. D4 (deviations from intended interventions): moderate — heterogeneous prophylaxis combinations within PTCy arm (Tac or CsA, +/- MTX). D5 (missing data): moderate — no CMV, infection, IFI data reported. D6 (measurement of outcomes): moderate — GvHD scored by 2 clinicians per modified Keystone/NIH; objective survival outcomes. D7 (reported result selection): moderate — primary endpoint defined a priori but multiple statistical tests reported. Overall: serious due to confounding and lack of adjustment for major imbalances (donor type, disease risk distribution, conditioning regimen).",2026-05-26
210,410,RL,ROBINS-I,serious,moderate,moderate,low,low,moderate,low,serious,"Prospective PTCy cohort vs historical ATG control at single Russian center. D1 (confounding): serious — historical comparison spans 2010-2013 (ATG) vs 2013-2015 (PTCy), with possible temporal changes in supportive care, donor selection, and HLA-matching distribution (10/10 frequency differs significantly p=0.012). D2 (selection): moderate — both groups derived from same single-center URD population but allocation by era. D3 (intervention classification): moderate — PTCy/tacrolimus/MMF vs ATG/CNI/MTX-or-MMF clear, but ATG dose details and agent (rabbit vs other) not explicitly specified. D4 (deviations): low. D5 (missing outcomes data): low — outcomes appear comprehensively reported. D6 (outcome measurement): moderate — clinical-only ascertainment for IFI, no systematic CMV pre-emptive monitoring threshold reported, follow-up unequal between arms (PTCy 322 d vs ATG 1146 d). D7 (selective reporting): low — primary and secondary endpoints clearly pre-specified per NCT02294552. Multivariable adjustment performed but residual confounding likely.",2026-05-26
211,416,RL,ROBINS-I,moderate,moderate,low,low,moderate,low,low,moderate,"Prospective pilot of PTCy70 (n=41) compared with contemporary (Jan 2021-Jun 2024) non-randomized PTCy100 cohort (n=132) at same single center. D1 (confounding): moderate - groups not balanced for conditioning intensity (PTCy70 had more RIC, p=0.01) and follow-up duration differs substantially (7.1 vs 24.1 mo); multivariable analysis adjusted only for conditioning intensity. D2 (selection): moderate - consecutive AML MUD patients in pilot; comparator drawn from contemporary historical cohort. D3 (intervention classification): low - clear PTCy70 vs PTCy100 dose distinction. D4 (deviations from intended interventions): low - prospective protocol. D5 (missing data): moderate - short follow-up of PTCy70 cohort precludes assessment of chronic GVHD, 2-yr outcomes. D6 (outcome measurement): low - standardized outcome definitions, blinded ascertainment not described but objective endpoints. D7 (selection of reported result): low - prespecified pilot endpoints reported. Overall: moderate ROBINS-I.",2026-05-29
212,417,RL,ROBINS-I,serious,moderate,moderate,low,low,moderate,low,serious,"Retrospective single-center cohort 2013-2018 at Saint-Antoine Paris. Substantial baseline imbalance: PT-Cy group has 86% haplo donors vs 0.5% in no-PT-Cy arm; conditioning intensity differs (more sequential in PT-Cy); higher DRI in PT-Cy. Donor type and PT-Cy use are tightly confounded - authors explicitly note inability to adjust for donor type in multivariable analysis. ATG used in both arms (87% PT-Cy, 99.5% no-PT-Cy) further complicates interpretation. Outcome ascertainment (cardiac events) appears robust with systematic monitoring, but GVHD/survival outcomes assessed by clinical care only. No selection or missing data issues described.",2026-05-29
213,418,RL,ROBINS-I,serious,serious,low,low,moderate,moderate,low,serious,"ROBINS-I retrospective single-center cohort. D1 (confounding): SERIOUS - the two dose groups are temporally non-overlapping (100 mg/kg 2014-2019; 70 mg/kg 2020-2022), and letermovir prophylaxis was given to 85% of the 70 mg/kg arm but 0% of the 100 mg/kg arm. Era-confounded changes in supportive care (letermovir, CMV monitoring, evolving cardiac monitoring intensity) cannot be disentangled from PT-Cy dose. Authors acknowledge this. D2 (selection of participants): SERIOUS - selection criterion (age >=65 OR cardiac comorbidity) was applied only in the reduced-dose era; the standard-dose arm includes patients who would have qualified for reduced dose if the policy had existed earlier, but no propensity matching or formal adjustment performed. D3 (classification of interventions): LOW - PT-Cy total dose is unambiguously documented and contemporaneously coded as part of GVHD prophylaxis protocol. D4 (deviation from intended interventions): LOW - the study reports per-protocol regimens; deviations are not reported. D5 (missing data): MODERATE - HCT-CI missing in 1/33 patient (3%) of 70 mg/kg arm; follow-up duration markedly different (median 17 vs 59 months) - analyses censored at 2 years which partly mitigates differential follow-up but cannot fully address right-censoring bias for late events. D6 (measurement of outcome): MODERATE - GVHD grading is clinical and unblinded; cardiac events were ascertained by routine cardiac monitoring in BOTH arms per authors but the monitoring policy may have evolved. Infection ascertainment by twice-weekly qPCR is uniform. D7 (selection of reported result): LOW - all pre-specified endpoints in Tables 2-4 appear reported. Overall judgement = SERIOUS, driven by D1 (era confounding with letermovir) and D2 (non-temporally-overlapping comparison).",2026-05-29
214,419,RL,ROBINS-I,serious,moderate,moderate,low,moderate,low,moderate,serious,"Single-center phase II prospective trial with historical control comparator (CSA/MTX 2005-2018 vs PTCy 2018-2022). D1 (confounding): serious - era effect (13-year span vs 4-year span), changes in supportive care, donor type imbalance (PTCy cohort has many more MMUD), and acknowledged by authors. D2 (selection): moderate - both cohorts from prospective phase II trials at same institution; eligibility criteria similar but PTCy allowed age up to 60 vs 55 for CSA/MTX. D3 (intervention classification): moderate - prophylaxis regimens clearly defined. D4 (deviations): low - prospective protocol adherence. D5 (missing data): moderate - some missing comorbidity and performance status data in CSA/MTX cohort. D7 (outcome reporting): moderate - GVHD grading system not explicitly stated; cGVHD endpoint operationally defined as 'requiring IST' rather than NIH consensus. Overall: serious risk due to confounding by era and donor-type imbalance, despite multivariable adjustment for some confounders. medRxiv preprint not peer-reviewed.",2026-05-29
215,421,RL,ROBINS-I,serious,serious,moderate,low,moderate,low,moderate,serious,"Single-center retrospective sequential cohort study spanning 1999-2020 with three different consecutive GVHD prophylaxis eras. Confounding (D1) serious: sequential eras differ substantially in patient mix (HCT-CI-age, EBMT score, DRI, donor type, conditioning) with the PTCy-Tac group enriched for high-risk DRI (43%) and mismatched donors (43%); also differ in supportive care and CMV prophylaxis era. Selection (D2) serious: era effect confounded with prophylaxis allocation. Classification of interventions (D3) moderate: prophylaxis regimens well-defined. Deviations from intended (D4) low. Missing data (D5) moderate: limited per-arm reporting of D+100 GVHD outcomes (only overall reported at D+100; per-arm at 200 days). Outcome measurement (D6) low: standard endpoints. Selective reporting (D7) moderate: per-arm CI reporting incomplete for some primary timepoints. Overall risk SERIOUS due to era confounding and incomplete per-timepoint per-arm reporting.",2026-05-29
216,422,RL,ROBINS-I,moderate,moderate,low,low,low,low,low,moderate,Prospective phase 2 non-randomized trial (NCT01010217). Two parallel arms assigned based on donor availability + physician preference (not randomized) creating potential confounding (D1 moderate). Selection: enrolled prospectively per protocol; D2 moderate due to non-random arm assignment. Intervention classification clear (D3 low). Deviations from intended interventions minimal: prespecified protocol amendment for MMF extension after 11 patients showed early aGVHD; reported transparently (D4 low). Missing data: standard transplant cohort follow-up; D5 low. Outcome ascertainment by separate research team using CIBMTR criteria (D6 low). Reported outcomes pre-specified per protocol (D7 low). Overall moderate due to non-randomization and donor-source assignment confounding.,2026-05-29
217,424,RL,ROBINS-I,serious,moderate,moderate,low,moderate,low,low,serious,"Single-center retrospective cohort (n=107) drawn from 552 alloHCTs. D1 (confounding) serious: substantial baseline imbalance — PTCy arm includes 33% haplo (vs 0% in TAC/MTX) and shorter follow-up (19 vs 46 mo); donor type strongly confounds GVHD prophylaxis assignment. D2 (selection): moderate — patient selection criteria are clear but consecutive eligibility within institutional protocol-driven era effect. D3 (classification): moderate — GVHD prophylaxis assignment likely era-driven (PTCy adoption); short follow-up in PTCy may underestimate cGVHD/NRM. D4 (deviations): low. D5 (missing data): moderate — MRD assessed in 45/45+ AML patients but not all; HCT-CI, KPS partly missing. D6/D7 not applicable for ROBINS-I (overall judgement reflected in d6/d7 marked low as placeholder per template). Overall: SERIOUS due to confounding.",2026-05-29
218,425,RL,ROBINS-I,moderate,low,low,low,moderate,moderate,low,moderate,"Single-institutional prospective phase 1/2 trial with planned 3+3 dose deescalation and Simon two-stage phase 2 design; pilot DL1 cohort (n=5) provides directly comparative HD-PTCy data but was not randomized and is small. Confounding (D1) is moderate as the dose-level groups differ in enrollment timing and were sequentially enrolled. Selection (D2) and intervention classification (D3) are low. Deviations (D4) low (per-protocol). Missing data (D5) moderate given small n and per-protocol replacement of patients not evaluable for primary endpoint. Outcome measurement (D6) moderate as some endpoints (BK virus monitoring, immune reconstitution) were unblinded. Selection of reported result (D7) low (registered trial, primary endpoint pre-specified).",2026-05-29
219,426,RL,ROBINS-I,moderate,moderate,low,low,moderate,low,low,moderate,"Retrospective single-center cohort, n=117. D1 confounding: moderate - donor-type comparison is unmatched and unadjusted for important confounders (age, conditioning intensity, era - haplo enrolled 2013 onward while non-haplo enrolled later). D2 selection: moderate - consecutive enrollment but variable follow-up and different median follow-up by group (851 vs 526 days). D3 classification of interventions: low - well-documented uniform PTCy/tacrolimus regimen across all donor types. D4 deviations: low - protocol-driven supportive care. D5 missing data: moderate - some outcomes (CMV subgroups by serostatus) reported but denominators not always specified. D6 measurement of outcomes: low - infection definitions are clear and microbiologically/clinically defined; CMV by routine PCR screening; aGvHD/cGvHD by published consensus criteria. D7 selection of reported result: low - prespecified primary objective (IRM by donor type). Overall moderate risk of bias.",2026-05-29
220,430,RL,ROBINS-I,serious,serious,moderate,low,moderate,moderate,low,serious,"Prospective single-center cohort study (n=36) comparing PTCy vs ATG in unrelated donor HSCT, with treatment allocation determined either by randomization within concurrent RCT (NCT03818334) OR clinician choice - leading to serious risk of confounding (d1). Selection bias (d2) is serious because allocation mechanism is mixed (RCT + clinical preference) and not all consecutive patients randomly assigned. Classification of intervention (d3): moderate since PTCy/ATG protocols are clearly defined. Deviations from intended interventions (d4): low. Missing data (d5): moderate (small N, possible loss to follow-up not described). Measurement of outcomes (d6): moderate (immune reconstitution outcomes by flow cytometry, clinical endpoints by chart review with no blinding). Reporting bias (d7): low (predefined outcomes). Primary focus is on immune reconstitution, with limited clinical outcome data; small sample size (16 vs 20) limits inferential statistics for clinical endpoints.",2026-05-29
221,431,RL,ROBINS-I,serious,moderate,low,low,low,low,low,serious,"Retrospective single-center cohort with non-randomized assignment to ATG vs ATG/PTCy based on staff physician preference (some implemented ATG/PTCy for research purposes, others adhered to conventional ATG practice) - serious concern for confounding (D1). Significant temporal imbalance: ATG/PTCy concentrated in 2017-2020 (68.8%) while ATG concentrated in 2020-2023 (71.7%, P=0.001), creating era-confounded comparison. Conditioning intensity (MAC 28.1% vs 10.9%, P=0.098) and other characteristics generally well-balanced. Multivariate Cox adjusted for age, diagnosis, mEBMT, conditioning, CD34, HSCT timing. Disease ascertainment standardized using uniform conditioning and prophylaxis platforms. GVHD graded by MAGIC criteria. Outcomes complete with 38-mo median FU.",2026-05-29
222,432,RL,RoB2,some_concerns,high,low,low,some_concerns,NA,NA,high,"RoB2 assessment for this RCT (NCT03680092). D1 (randomization): computer-generated 1:1 randomization with stratification by donor type and conditioning intensity (RANDI2 software); allocation concealment not explicitly described - some concerns. D2 (deviations from intended interventions): open-label, single-center trial; trial was amended midway after FDA approval of Aba in Dec 2021 with only PTCy+Aba arm enrolling thereafter, leading to imbalanced final n (25 vs 15) and very different cohort composition (more advanced disease in PTCy+Aba arm); 2 SOC patients excluded due to insurance issues - HIGH risk of bias for assignment effects given midstudy change. D3 (missing outcome data): minimal loss to follow-up, all patients followed 1 year - low. D4 (measurement of outcome): GVHD graded by NIH consensus and Glucksberg criteria; primary endpoint clinical but open-label assessment - low (objective endpoints). D5 (selection of reported result): trial registered prospectively (NCT03680092) and met its prespecified primary endpoint; protocol amendment was transparent - some concerns due to small sample and amendment. Overall HIGH risk of bias driven by midstudy amendment causing imbalanced arms and inability to fully account for unbalanced disease risk; randomization was not preserved for the entire enrolled cohort.",2026-05-29
223,433,RL,ROBINS-I,serious,moderate,moderate,low,moderate,moderate,low,serious,"Single-center prospective study with non-randomized historical control (2015-2019) vs prospective PTCy arms (2019-2024). Bias due to confounding (D1) is serious because control group has significantly different baseline (younger, more lymphoma, more MAC; no letermovir prophylaxis in control group whereas 30/63 in study). Selection (D2) moderate (consecutive treated patients but non-contemporary groups). Classification of interventions (D3) moderate as 2 PTCy doses were sequentially escalated (15 then 25 mg/kg). Missing data (D5) moderate (D+100 chimerism only in 41/63 study, 23/31 control). Measurement (D6) moderate; reporting (D7) low (all primary endpoints reported). Overall judgement serious due to historical comparator confounding.",2026-05-29
224,436,RL,ROBINS-I,moderate,serious,moderate,low,moderate,low,moderate,serious,"Retrospective single-center study with sequential cohorts: PTCY arm enrolled 08/2014-05/2017, PTCY+ATG arm enrolled 05/2017-03/2019 with concomitant change of conditioning regimen (Baltimore-based vs CloB2A1). D2 (deviations from intended interventions) and bias due to time-period confounding are serious because the PTCY arm received Baltimore-based RIC (mostly clo-Baltimore) while PTCY+ATG received CloB2A1, making it impossible to disentangle the effect of ATG addition from the effect of the changed conditioning. Outcome ascertainment is clinical with standard definitions but follow-up duration differs by 19 months between arms. Small sample size (n=58 total), no multivariable adjustment for outcomes. Disease risk index and most baseline characteristics were balanced but CD3+ T cell graft dose differed significantly between arms (higher in PTCY+ATG).",2026-05-29
225,437,RL,ROBINS-I,serious,moderate,moderate,moderate,moderate,moderate,moderate,serious,"Single-center retrospective cohort, n=33 total (very small). D1 (confounding): serious - regimen choice based on era/clinical judgement and groups differ in median follow-up (15 vs 26 mo) and disease composition (AML 43.8% vs 76.5%, ALL 31.3% vs 5.9%). No multivariable adjustment for confounders. D2 (selection): moderate - all eligible patients in time window enrolled. D3 (classification of interventions): moderate - regimen well-defined. D4 (deviations): moderate. D5 (missing data): moderate - excluded patients with missing outcome documentation. D6 (measurement of outcomes): moderate - aGVHD/cGVHD adjudication subjective, no blinding. D7 (selection of reported result): moderate. Overall: serious risk of bias due to small sample, confounding by indication, and lack of adjustment.",2026-05-29
226,438,RL,ROBINS-I,moderate,low,low,low,moderate,low,moderate,moderate,"Prospective non-randomized equivalence trial (NCT02294552), single center (Pavlov St Petersburg). Assignment to arms based on available donor type/HLA match, not random — confounding by indication is intrinsic (D1 moderate). Selection (D2) and intervention classification (D3) low. Outcomes assessed per pre-specified protocol with standardized criteria (D4 low). Some deviations: salvage prevalence differs by arm (16/23/29%), conditioning intensity also differs across arms (D5 moderate). Missing data unlikely (D6 low). Outcome measurement standardized across arms. Reporting follows protocol; some discrepancy between figure 13.1% NRM and text 17% for MMG (D7 moderate).",2026-05-29
227,442,RL,ROBINS-I,serious,moderate,moderate,low,moderate,moderate,low,serious,"Single-center prospective observational study from Osaka City University. D1 (confounding): serious - allocation to graft type driven by donor availability and patient/clinician choice; substantial baseline imbalances in disease risk (PTCy-haplo arm had 49% high + 21% very high DRI vs 18% high + 6% very high in MRD), conditioning intensity (97% RIC in PTCy-haplo vs 41% RIC in MRD), and graft source (100% PBSC vs 76% PBSC+24% BM in MRD); no adjustment for confounding in primary group comparisons. D2 (selection): moderate - patients excluded post-enrollment for early relapse/graft failure/withdrawal (11/121) but this is uniform across groups. D3 (intervention classification): moderate - regimens well-described but reduced-dose PTCy 25 mg/kg x 2 is non-standard. D4 (deviations): low - prospective consent and uniform supportive care manual. D5 (missing data): moderate - small subgroups (especially MRD n=17) limit power. D6 (measurement): moderate - GVHD diagnosed clinically with histology when possible (standard). D7 (selective reporting): low - all pre-specified outcomes reported. Overall: serious.",2026-05-29
228,445,RL,ROBINS-I,moderate,low,low,low,low,low,low,moderate,"ROBINS-I applied (no concurrent comparator arm; single-arm phase 2 trial PHYLOS). D1 (confounding): moderate - no comparator arm so unmeasured confounding cannot be assessed against an internal control; pre-specified eligibility criteria (AML CR1/CR2 or MDS, 18-65y, no MSD/MUD available) provide some standardization but selection by absence of suitable matched donor introduces structural confounding for indirect comparisons. D2 (selection): low - prospective consecutive enrollment across 26 GITMO centers (81 screened, 77 evaluable), eligibility well-defined, EUROCT registered. D3 (intervention classification): low - PTCy + CSA/Tac + MMF protocol uniformly delivered to all enrolled patients per protocol. D4 (deviations from intended interventions): low - uniform MAC (Bu4Flu) conditioning and PTCy 50 mg/kg D+3/+4; CSA vs Tac choice institutional but both CNI. D5 (missing data): low - 77/77 evaluable for primary endpoint; CMV serostatus missing in 9 (11.7%) - minor. D6 (measurement of outcomes): low - Glucksberg criteria for aGVHD, NIH consensus for cGVHD, EBMT/standard definitions; safety per CTCAE 4.03; protocol pre-specified primary endpoint. D7 (selection of the reported result): low - primary endpoint and secondary endpoints reported as pre-specified per protocol; CONSORT-like figure with all enrolled patients tracked. Overall judgement: moderate (driven by single-arm design preventing internal causal comparison and inherent selection of patients lacking matched donors). This study is excluded from PTCy MA outcome pooling per single-arm exclusion rule but ROBINS-I is recorded for completeness.",2026-05-29
229,446,RL,ROBINS-I,serious,moderate,low,low,low,moderate,low,serious,"Retrospective single-center sequential cohort comparison of standard-dose PTCy (n=59, 2017 onwards) vs reduced-dose PTCy (n=48, after March 2018 selectively, all from September 2023). D1 (confounding): serious - allocation was non-random based on clinical criteria (cardiac comorbidity, low CD34, MF) until Sep 2023, leading to substantial baseline imbalance (reduced-dose arm older, more MF, more advanced disease, more MUDs). No multivariable adjustment shown for treatment effect estimates. D2 (selection): moderate - sequential consecutive enrollment, but selection criteria for reduced-dose arm shifted mid-study. D3 (measurement of intervention): low - both regimens clearly defined. D4 (deviations from intended interventions): low. D5 (missing data): low - 107 consecutive patients. D6 (outcome measurement): moderate - retrospective ascertainment, no blinding, but standardized definitions used. D7 (selective reporting): low. Overall: serious due to confounding by indication.",2026-05-29
230,447,RL,ROBINS-I,moderate,serious,moderate,low,moderate,moderate,moderate,serious,"Retrospective registry-based study from EBMT ALWP. D1 (confounding): moderate - significant imbalance between groups in donor type, age, conditioning intensity, graft source, ATG use; multivariate adjustment attempts to handle key confounders but residual confounding likely. D2 (selection): serious - patients selected from registry; allocation to PT-Cy alone vs +1IS vs +2IS strongly center-driven and confounded with donor type (group 1 dominated by MSD/BM/no ATG; group 3 dominated by UD/PBSC/ATG). D3 (intervention classification): moderate - GVHD prophylaxis well-defined as 3 categories but ATG dose/agent heterogeneous and unbalanced. D4 (deviations): low. D5 (missing data): moderate - some KPS/CMV missing; outcomes reasonably complete. D6 (measurement of outcome): moderate - registry-reported GVHD grading subject to interobserver variability across 150 centers. D7 (selective reporting): moderate. Overall serious risk of bias for the within-PTCy comparison primarily due to severe confounding by donor type, graft source, and ATG use.",2026-05-29
231,450,RL,ROBINS-I,moderate,moderate,low,low,moderate,low,low,moderate,"Retrospective EBMT registry analysis. D1 confounding: moderate - significant baseline imbalances by donor type (age, secondary AML, conditioning, BM/PB, in vivo TCD, GVHD prophylaxis composition); MVA performed and frailty (center) effect included but residual confounding likely (PTCy combination drugs and TCD strongly correlated with donor type and could not be evaluated). D2 selection bias: moderate - registry-based, voluntary EBMT reporting. D3 classification of intervention: low - all received PTCy. D4 deviations: low. D5 missing data: moderate - cytogenetic risk missing in 410/1239 (33%), CMV missing 48, PerformanceStatus missing 59. D6/D7: low.",2026-05-29
232,453,RL,ROBINS-I,moderate,moderate,low,low,moderate,low,low,moderate,"EBMT ALWP retrospective registry study. D1 (confounding): moderate - groups not randomized, important difference in calendar year/era (2017 vs 2015) and follow-up; conditioning intensity and CIS combinations differ at trend level; Cox model with center frailty adjusts for major variables but unmeasured confounders include ATG pharmacokinetics, MRD status, time of CIS withdrawal. D2 (selection): moderate - inclusion based on registry availability of detailed GvHD prophylaxis data which may not be at random. D3 (intervention classification): low - PTCy vs PTCy+ATG is objective. D4 (deviations from intended interventions): low. D5 (missing data): moderate - some variables (HCT-CI 78/62 missing; ATG formulation 41 missing) but key outcomes available. D6 (outcome measurement): low - standard EBMT criteria. D7 (selection of reported result): low - prespecified outcomes. Overall moderate.",2026-05-29
233,454,RL,ROBINS-I,serious,moderate,serious,moderate,moderate,moderate,moderate,serious,"Small case series (n=11) compared to a historical control cohort (n=57) from the same center receiving standard-dose PTCy. Selection of intermediate-dose for vulnerable patients (advanced age, splenomegaly, cardiac comorbidity, fungal infection, prior HSCT, MSD) introduces confounding by indication (D1: serious). Time period 2023-2024 differs from historical cohort with attendant differences in supportive care/letermovir era (D3: serious). Outcomes ascertained by chart review; engraftment definitions standard. Few outcomes reported and very small N produce wide uncertainty.",2026-05-29
234,455,RL,ROBINS-I,serious,moderate,moderate,low,moderate,moderate,low,serious,"Prospective single-center cohort with two comparator groups (contemporary matched-pair and historical). D1 (confounding): serious — historical control cohort (C) introduces calendar-time confounding (2014-2015 vs 2015-2016); matched-pair cohort (B) controlled for 5 variables (age, sex, disease, disease status, HLA disparity) but residual confounding likely (e.g., donor type within haplo, conditioning details). Cohort A uses maternal/collateral donors which are themselves high-GVHD-risk donors, while Cohort B uses other haplo relatives — donor type itself differs systematically. D2 (selection): moderate — Cohort A was prospectively enrolled; Cohorts B and C selected retrospectively. D3 (intervention classification): moderate — PTCy administration well-defined but timing/dose unusual (14.5 mg/kg x 2, not standard 50 mg/kg). D4 (deviations): low — all 40 study patients completed prescribed therapy. D5 (missing data): moderate — short follow-up in Cohorts A and B (303, 342 days median) limits assessment of long-term outcomes. D6 (outcome measurement): moderate — aGVHD diagnosis adjudicated by 5 blinded experts (strength); cGVHD per NIH 2014 criteria. D7 (selective reporting): low — predefined endpoints (NCT02412423). Overall: serious risk of bias due to non-randomized comparisons with potential donor-type and era confounding.",2026-05-29
235,456,RL,ROBINS-I,serious,moderate,moderate,low,moderate,moderate,moderate,serious,"Single-arm prospective phase II trial with historical control group from same institution. D1 (confounding): serious - PTCy and historical groups differ substantially in conditioning regimen (Flu-Bu4 vs Bu-Cy, P<0.001), donor distribution (more MSD/haplo in PTCy, more MUD in historical, P<0.001), and time period (post-2013 vs pre-2013); no propensity matching or multivariable adjustment. D2 (selection): moderate - patients selected sequentially based on eligibility criteria, but historical control selection unclear. D3 (intervention classification): moderate - protocolized GVHD prophylaxis but historical group received mixed regimens (CsA+MTX+MMF for MSD; CsA+MTX+MMF+ATG for MUD). D4 (deviations): low - prospective protocol-driven trial. D5 (missing data): moderate - 31 patients with median follow-up only 18 months (historical 39 months), some outcomes immature. D6 (outcome measurement): moderate - standard GVHD/CMV definitions but unblinded. D7 (selective reporting): moderate - primary endpoint reported but limited infection outcome reporting (no IFI/BSI). Overall: serious risk of bias due to historical comparator, small sample, era effects.",2026-05-29
236,457,RL,ROBINS-I,serious,serious,moderate,moderate,low,low,low,serious,"Single-center retrospective non-randomized comparison with historical controls (2015-2020 vs 2020-2021). D1 (confounding) serious: era differences (introduction of newer conditioning Flu-Bu-Mel vs Flu-Bu, post-HSCT maintenance with low-dose decitabine only in PTCy-ATG group), age difference (PTCy-ATG older, P=0.024), disease distribution differences. D2 (selection): serious - landmark analysis from D+100 excludes early NRM (4/77) and PGF (2/77) from PTCy-ATG but landmark also applied to controls; selection of historical comparator from different time era introduces selection bias. D3 (classification of interventions): moderate - regimens well defined per protocol. D4 (deviations): moderate - no detail on protocol adherence. D5 (missing data): low - all enrolled patients reported. D6 (measurement of outcome): low - NIH 2014 cGVHD criteria applied. D7 (selection of reported result): low - primary endpoints clearly defined.",2026-05-29
237,460,RL,ROBINS-I,serious,moderate,moderate,low,moderate,NA,NA,serious,"Single-center retrospective cohort with non-contemporaneous arms (standard ATG enrolled 2014-2018; low dose ATG/PTCy enrolled June 2017 onward). Disease risk differences (more AML-CR1 in PTCy group, more MDS-MLD in ATG group). Follow-up imbalance (12.5 vs 23 months). Limited covariate adjustment described. Outcomes objectively assessed but selective reporting concern given some outcomes only narratively described. PBSC+UCB co-infusion adds complexity.",2026-05-29
238,461,RL,ROBINS-I,serious,moderate,moderate,low,moderate,low,moderate,serious,"Single-center retrospective matched-pair pilot. D1 (confounding): serious - propensity-score matched on disease type/status, HLA matching, donor age, conditioning intensity, CD3+ count but key unmeasured confounders include letermovir use (15/21 vs 0/42), prophylactic G-CSF (10/21 vs 0/42), and substantial era effect (study group 2019-2021 vs control 2015-2018). D2 (selection): moderate - all consecutive eligible patients receiving PT-Cy+ATLG enrolled prospectively; controls drawn from prior era with same inclusion criterion. D3 (intervention classification): moderate - protocol clearly defined per institutional practice. D4 (deviations): low. D5 (missing data): moderate - shorter median FU in study group (538d vs 1450d) limits long-term outcomes. D6 (outcome measurement): low - standard NIH/IBMTR criteria. D7 (selective reporting): moderate - no pre-registered SAP visible. Overall serious due to era confounding and letermovir/G-CSF imbalance.",2026-05-29
239,462,RL,RoB2,low,some_concerns,low,low,low,NA,NA,some_concerns,"RCT (ChiCTR2200058591) with simple 1:1 randomization across 4 centers; allocation concealment and blinding not specified. D2 (deviations from intended intervention): some concerns because the two arms differ in multiple co-interventions beyond GVHD prophylaxis (conditioning regimen: FBA vs modified BuCy/ATG; graft source: PBSC alone vs G-BM+PBSC mixture; rituximab on d+5 in PTCy/ATG arm only; MTX in standard arm only). Authors acknowledge these as 'confounding factors'. D1 (randomization): low. D3 (missing data): low (no loss to follow-up). D4 (outcome measurement): low. D5 (selection of reported result): low for primary endpoint, defined a priori in protocol.",2026-05-29
240,464,RL,RoB2,low,some_concerns,low,some_concerns,low,NA,NA,some_concerns,"D1 (randomization): centralized 24-hour internet-based randomization with allocation concealment described - low risk. D2 (deviations from intended interventions): masking described as research staff, clinical teams, and patients were masked to randomization and treatment allocation, but given the markedly different protocols (PTCy + low-dose ATG + CsA/MMF vs ATG + CsA/MMF/MTX) full masking of clinical teams is implausible - some concerns. D3 (missing outcome data): no loss to follow-up, complete analysis of all 104 - low risk. D4 (measurement of outcome): aGVHD/cGVHD per Glucksberg/NIH 2014; outcomes assessor blinding not stated and asymmetric rituximab use confounds EBV reactivation - some concerns. D5 (selection of reported result): primary endpoint pre-specified, sample size justified, trial registered (ChiCTR2200056979) - low risk. Overall: some concerns, primarily from implausibility of blinding given highly different regimens (PTCy and MTX administration) and asymmetric rituximab prophylaxis between arms acknowledged as limitation by authors.",2026-05-29
241,465,RL,RoB2,some_concerns,some_concerns,low,some_concerns,some_concerns,NA,NA,some_concerns,"RoB2 assessment for the Zu 2023 multicenter RCT (ChiCTR2200056979): D1 (randomization process) some_concerns — patients randomized 1:1 but allocation concealment, sequence generation method, and baseline imbalance handling not described (notably HLA allele-mismatch imbalance 48.8% vs 30.0%, P=0.047, was not addressed by stratification). D2 (deviations from intended interventions) some_concerns — open-label design; PTCy-ATG arm received prophylactic rituximab while quadruplet ATG arm did not, introducing a co-intervention imbalance that confounds EBV outcomes. D3 (missing outcome data) low — 160/162 enrolled with completeness suggested by CONSORT-like reporting in supplementary figure. D4 (measurement of outcome) some_concerns — outcomes mostly objective (engraftment, viral reactivation by PCR), but GVHD grading and adjudication blinding not specified. D5 (selection of reported result) some_concerns — pre-specified outcomes not fully described in the manuscript (correspondence format limits Methods detail); ChiCTR registry referenced but pre-specified primary endpoint not stated in main text. Overall: some_concerns.",2026-05-29
