study_id,cohort_id,first_author,pub_year,journal,doi,pmid,paperpile_filename,title,country,region,study_design,single_or_multicenter,n_centers,enrollment_start_year,enrollment_end_year,era_category,follow_up_median_months,follow_up_min_months,follow_up_max_months,primary_for_cohort,cohort_overlap_status,overlap_with_study_ids,language,full_text_obtainable,author_contact_attempted,author_response_received,extractor_initials,verifier_initials,extraction_date,verification_date,extraction_notes
2,1002,Bolanos-Meade J,2023,New England Journal of Medicine,10.1056/NEJMoa2215943,NR,Bolaños-Meade et al. 2023 - Post-Transplantation Cyclophosphamide-Based Graft-versus-Host Disease Prophylaxis.pdf,Post-Transplantation Cyclophosphamide-Based Graft-versus-Host Disease Prophylaxis,United States,,RCT,multi,37,2019,2021,post_2018,12,0.2,12,Y,none,,English,Y,N,,RL,PEND,2026-05-26,PEND,"Phase 3 RCT (BMT CTN 1703). NCT03959241. Primary endpoint 1-yr GRFS. Enrollment Jun 25 2019 - Jun 18 2021. 431 randomized (214 exp + 217 std); 420 received transplant (208 exp + 212 std). Median follow-up 12 mo for survivors. Supplementary appendix referenced extensively (S1-S16) for details on conditioning regimens used, infections, GVHD organ involvement, chimerism - those details may be appendix-only and not extractable from main PDF."
4,1001,Goldsmith SR,2021,Blood,10.1182/blood.2020009362,NR,Goldsmith et al. 2021 - Posttransplant Cyclophosphamide Is Associated with Increased Cytomegalovirus Infection - A CIBMTR Analysis.pdf,Posttransplant cyclophosphamide is associated with increased cytomegalovirus infection: a CIBMTR analysis,USA,,registry,registry,100,2012,2017,mixed,NR,NR,NR,partial,overlap_superset_of,8,English,Y,N,,RL,PEND,2026-05-26,PEND,"CIBMTR comprehensive report form analysis. primary_for_cohort=partial — primary for CMV outcomes (per protocol override, IFI outcomes are assigned to Papanicolaou 2024, study_id 8). Follow-up reported only as median follow-up of survivors per arm (HaploCy 25 mo, SibCy 25 mo, SibCNI 37 mo); used per-arm fields. n_centers = 100 (HaploCy/SibCNI cohorts each reported across 100 centers; SibCy across 77). Region coded NA (USA-predominant CIBMTR analysis); paper does not specify non-US sites."
5,1004,Khimani F,2021,Transplantation and Cellular Therapy,10.1016/j.jtct.2021.07.023,NR,Khimani F et al. 2021 - Increased Infections and Delayed CD4(+) T Cell b ... Compared to Conventional GVHD Prophylaxis in Allogeneic Transpla[...].pdf,Increased Infections and Delayed CD4+ T Cell but Faster B Cell Immune Reconstitution after Post-Transplantation Cyclophosphamide Compared to Conventional GVHD Prophylaxis in Allogeneic Transplantation,United States,,retrospective_cohort,single,1,2012,2018,mixed,NR,NR,NR,Y,none,,English,Y,N,,RL,PEND,2026-05-26,PEND,"Single-center Moffitt retrospective cohort with 4 GVHD prophylaxis groups: haplo-PTCy (n=75), MUD-PTCy (n=38), Tac/MTX (n=89), Tac/Sir (n=381). Paper does not focus on GVHD outcomes; no aGVHD/cGVHD/SR-GVHD rates extractable. Infection density reported as events per 1000 person-days over 0-365, 0-100, and 101-365 day intervals (Poisson submodel path). The paper reports bacterial, viral, and fungal infection densities but does NOT specifically report bloodstream infections (BSI); 'bacterial infections' is used as proxy for BSI category with this caveat flagged. CMV/BK/HHV6/EBV reported as proportional incidence within entire study cohort (Table 4). NRM, OS, RFS, relapse reported at 2-year as KM/CIF percentages without arm-level event counts (Figures 3-5). Immune reconstitution flow cytometry data (CD4, CD8, NK, CD19) excluded as not in extraction schema."
6,1005,Meyer T,2025,Bone Marrow Transplantation,10.1038/s41409-024-02474-1,NR,"Meyer T et al. 2025 - Immunological reconstitution and infections after ... plantation cyclophosphamide, ATLG and non-ATLG based GvHD prophylaxis.pdf","Immunological reconstitution and infections after alloHCT - a comparison between post-transplantation cyclophosphamide, ATLG and non-ATLG based GvHD prophylaxis",Germany,EU,retrospective_cohort,single,1,2015,2022,mixed,NR,NR,NR,Y,none,,English,Y,N,,RL,PEND,2026-05-26,PEND,"Single-center Freiburg study enrolling 2015-2022, spans the letermovir approval era (2017). Authors explicitly state that more PTCY patients likely received letermovir than MM/ATLG patients due to centre practice switch over time. Mold-active antifungal prophylaxis details NR. Cohort split into 4 groups, of which 3 are relevant comparators: MRD/NoATLG (no ATLG, no PTCy = non-ATLG comparator), MUD/ATLG Grafalon 30 mg/kg (high-dose rabbit ATLG comparator), MM/ATLG Grafalon 30 mg/kg (high-dose rabbit ATLG, mismatched). Follow-up duration not explicitly stated as median; KM curves shown out to ~500-550 days."
7,1007,Moiseev IS,2016,Biology of Blood and Marrow Transplantation,10.1016/j.bbmt.2016.03.004,NR,"Moiseev IS et al. 2016 - Graft-versus-Host Disease Prophylaxis in Unrelated Donor Bone Marrow Transplantation - Calcineurin Inhibitors, Methotrexate, vs Post-Transplantation Cyclophosphamide, Tacrolimus, and Mycophenolate Mofetil.pdf","Graft-versus-Host Disease Prophylaxis in Unrelated Peripheral Blood Stem Cell Transplantation with Post-Transplantation Cyclophosphamide, Tacrolimus, and Mycophenolate Mofetil",Russia,EU,prospective_cohort,single,1,2010,2015,pre_2018,12,1,64,Y,none,,English,Y,N,,RL,PEND,2026-05-26,PEND,"IMPORTANT DISCREPANCY WITH PROMPT: (1) Subagent prompt described this paper as an RCT with BM graft; the actual paper is a single-arm prospective trial (NCT02294552, PTCy arm, n=86) compared against a HISTORICAL control of 125 consecutive ATG patients (2010-2013) - NOT a randomized trial. Used study_design='prospective_cohort' and rob_tool='ROBINS-I' to reflect actual design. (2) Graft source is PBSC (not BM) - the abstract and methods explicitly state 'unrelated PBSC transplantation'. Set graft_predominant='PBSC'. Follow-up medians differ between arms: PTCy 12 mo (4-30), ATG 17 mo (1-64); reported the wider range as min/max."
8,1001,Papanicolaou GA,2024,Transplantation and Cellular Therapy,10.1016/j.jtct.2023.09.017,NR,Papanicolaou GA et al. 2024 - Incidence and Impact of Fungal Infections ... aploidentical Hematopoietic Cell Transplantation - A Center for [...].pdf,Incidence and Impact of Fungal Infections in Post-Transplantation Cyclophosphamide-Based Graft-versus-Host Disease Prophylaxis and Haploidentical Hematopoietic Cell Transplantation: A Center for International Blood and Marrow Transplant Research Analysis,USA,,registry,registry,NR,2012,2017,mixed,NR,2,75,partial,overlap_subset_of,4,English,Y,N,,RL,PEND,2026-05-26,PEND,"Same CIBMTR cohort as Goldsmith 2021 (cohort_id 1001). N=757 HaploCy, 403 SibCy, 1605 SibCNI. Primary publication for IFI outcomes (D+180). Follow-up median per cohort: HaploCy 25mo, SibCy 25mo, SibCNI 37mo (range 2-75)."
9,1003,Salas,2022,Transplantation and Cellular Therapy,10.1016/j.jtct.2022.09.001,NR,Salas MQ et al. 2022 - Bacterial Bloodstream Infections in Patients Undergoing Allogeneic Hematopoietic Cell Transplantation With Post-Transplantation Cyclophosphamide.pdf,Bacterial Bloodstream Infections in Patients Undergoing Allogeneic Hematopoietic Cell Transplantation With Post-Transplantation Cyclophosphamide,Spain,EU,retrospective_cohort,single,1,2014,2021,mixed,25.9,NR,NR,partial,partial_overlap,Other Salas Barcelona publications (not in this 10-paper pilot),English,Y,N,,RL,PEND,2026-05-26,PEND,"Single-center Hospital Clinic Barcelona retrospective cohort. Primary for BSI outcomes only (primary_for_cohort=partial). Median follow-up 25.9 mo (IQR 8.7-51.8) overall; PTCy arm 19.8 mo (IQR 9.4-45.7), non-PTCy 37.0 mo (IQR 7.9-60.5). Outcome data partly censored at 2 years due to follow-up imbalance."
10,1008,Shaffer BC,2024,Journal of Clinical Oncology,10.1200/JCO.24.00184,NR,Shaffer et al. 2024 - Post-Transplant Cyclophosphamide–Based Graft-Versu ... ity in Outcomes Between Use of Matched or Mismatched Unrelated Donors.pdf,Post-Transplant Cyclophosphamide-Based Graft-Versus-Host Disease Prophylaxis Attenuates Disparity in Outcomes Between Use of Matched or Mismatched Unrelated Donors,United States,,registry,registry,153,2017,2021,post_2018,36.6,3,77.8,Y,none,,English,Y,N,,RL,PEND,2026-05-26,PEND,CIBMTR registry analysis 2017-2021. 4 groups reported but only 2 PTCy arms emitted as study arms here per pilot scope (within-PTCy donor-type comparison). HRs extracted relative to MUD-CNI as reference per Fig 4 forest plot.
11,1009,Abadir,2024,Transplantation and Cellular Therapy,10.1016/j.jtct.2023.11.018,NR,"Abadir et al. 2024 - Peripheral blood haploidentical allogeneic stem cel ... c syndromes demonstrates long term survival, results from Austra[...].pdf","Peripheral Blood Haploidentical Allogeneic Stem Cell Transplantation in Older Adults with Acute Myeloid Leukemia and Myelodysplastic Syndromes Demonstrates Long Term Survival, Results from Australia and New Zealand Transplant and Cellular Therapies",Australia/New Zealand,Oceania,single_arm_descriptive_excluded,multi,11,2010,2020,mixed,12.4,NR,NR,Y,none,,English,Y,N,,RL,PEND,2026-05-26,PEND,"Single-arm descriptive registry study of PB haplo-HSCT with PTCy in older AML/MDS patients. No comparator arm and no era stratification reported in the paper (paper does NOT split outcomes by enrollment period despite the user prompt header suggesting '2 different periods' — that filename phrasing appears mismatched to actual content). Per spec, marked single_arm_descriptive_excluded; outcomes not extracted. Median follow-up was 377 days (~12.4 months); discussion text also mentions 734 days as overall follow-up reference, but Results section reports 377 days as median follow-up. Arms and outcomes intentionally empty."
12,1002,Abedin S,2025,Blood Advances,10.1182/bloodadvances.2025015964,NR,Abedin S et al. 2025 - Impact of posttransplant cyclophosphamide-based G ... phylaxis in patients 70 years and older - an update from BMT CTN 1703.pdf,Impact of posttransplant cyclophosphamide-based GVHD prophylaxis in patients 70 years and older: an update from BMT CTN 1703,USA,,RCT,multi,37,2019,2021,post_2018,NR,NR,NR,N,overlap_subset_of,"2,13",English,Y,N,,RL,PEND,2026-05-26,PEND,"Post-hoc subgroup analysis of BMT CTN 1703 RCT (NCT03959241) restricted to 96 patients aged >=70 years (PTCy n=43, Tac/MTX n=53). Bolanos-Meade 2023 NEJM is primary publication for cohort 1002; this is subgroup paper, primary_for_cohort=N. Reports adjusted Cox-model estimates (adjusted for donor type, DRI, HCT-CI, KPS, conditioning, planned maintenance). No follow-up median reported in this paper. 1-year outcomes reported via adjusted cumulative incidence (Gray/Aalen-Johansen-type) for GVHD/relapse/NRM, adjusted survival probabilities for OS/GRFS/RFS/GFS."
14,1010,Abid MB,2020,Biology of Blood and Marrow Transplantation,10.1016/j.bbmt.2020.06.006,NR,Abid MB et al. 2020 - Severity of Cytokine Release Syndrome and Its Association with Infections after T Cell-Replete Haploidentical Related Donor Transplantation.pdf,Severity of Cytokine Release Syndrome and Its Association with Infections after T Cell-Replete Haploidentical Related Donor Transplantation,USA,,single_arm_descriptive_excluded,single,1,2012,2018,mixed,NR,NR,6,Y,none,,English,Y,N,,RL,PEND,2026-05-26,PEND,"Single-arm descriptive study: all 78 patients received uniform PTCy-Tac-MMF haploHCT. Stratification is by CRS severity (grade 0-1 vs grade 2 vs grade 3), NOT by GVHD prophylaxis platform. No non-PTCy comparator arm. Per spec, study_design = single_arm_descriptive_excluded; outcomes NOT extracted (protocol-excluded but tracked for PRISMA). Follow-up censored at day +180 (6 months)."
16,1004,Adoncecchi G,2025,Cancers,10.3390/cancers17020310,NR,Adoncecchi G et al. 2025 - Comparison of Outcomes of Haploidentical Peri ... ith Post-Transplant Cyclophosphamide in Older Versus Younger Patients.pdf,Comparison of Outcomes of Haploidentical Peripheral Blood Stem Cell Transplantation with Post-Transplant Cyclophosphamide in Older Versus Younger Patients,USA,,single_arm_descriptive_excluded,single,1,2014,2019,mixed,11,NR,NR,N,overlap_subset_of,Khimani 2021 (Moffitt cohort 1004 primary),English,Y,N,,RL,PEND,2026-05-26,PEND,"Paper compares haplo PBSCT+PTCy outcomes in older (>=60) vs younger (<60) patients at Moffitt Cancer Center. Both groups received the same regimen (haplo PBSCT + PTCy), so this is NOT a within-PTCy donor variants (Comparison 3) comparison nor any other eligible PTCy-vs-comparator comparison. Comparator is a demographic variable (age), not a treatment variable. Per spec rule for single_arm_descriptive_excluded (no comparator arm, no PTCy contrast) - tracked for PRISMA but no outcomes extracted. Note: prompt referenced a haplo-vs-MUD title but only the older-vs-younger Adoncecchi 2025 paper exists in the Paperpile corpus. Cohort = Moffitt (1004); Khimani 2021 is primary for cohort. This paper is a subset (haplo PBSCT only, n=121) with enrollment 2014-2019 (overlaps cohort enrollment window 2012-2018; extended through 2019)."
19,1011,Ahmed S,2019,Biology of Blood and Marrow Transplantation,10.1016/j.bbmt.2019.05.025,NR,Ahmed S et al. 2019 - Lower Graft-versus-Host Disease and Relapse Risk in Post-Transplant Cyclophosphamide-Based Haploidentical versus Matched Sibling Donor Reduced-Intensity Conditioning Transplant for Hodgkin Lymphoma.pdf,Lower Graft-versus-Host Disease and Relapse Risk in Post-Transplant Cyclophosphamide-Based Haploidentical versus Matched Sibling Donor Reduced-Intensity Conditioning Transplant for Hodgkin Lymphoma,multinational,multinational,registry,registry,175,2008,2016,pre_2018,NR,2,109,Y,partial_overlap,Kanate 2016 Blood; Ghosh 2016 JCO (CIBMTR lymphoma 2008-2013 subsets),English,Y,N,,RL,PEND,2026-05-26,PEND,"CIBMTR registry, cHL only, 131 MSD centers + 44 haplo centers. Median FU 52 mo (MSD) and 37 mo (haplo). Only haplo arm uses PTCy; MSD arm is CNI-based (no PTCy)."
20,1012,Ahn J,2025,Transplantation and Cellular Therapy,10.1016/j.jtct.2025.05.017,NR,Ahn J et al. 2025 - Feasibility of a Total Body Irradiation-Augmented Re ... antation Cyclophosphamide Combination for Haploidentical Donor T[...].pdf,Feasibility of a Total Body Irradiation-Augmented Reduced-Toxicity Conditioning Regimen with an Antithymocyte Globulin/Post-Transplantation Cyclophosphamide Combination for Haploidentical Donor Transplantation in Adult Acute Lymphoblastic Leukemia,Korea,Asia,retrospective_cohort,single,1,2017,2023,mixed,14.1,NR,NR,Y,partial_overlap,21,English,Y,N,,RL,PEND,2026-05-26,PEND,"Retrospective comparative cohort study: FMTBI+ATG/PTCy (n=26) vs FB+ATG historical control (n=52). All haplo HCT in adult ALL. The comparator arm (FB) received ATG-only GVHD prophylaxis (no PTCy), so this IS a PTCy vs non-PTCy comparison and is eligible for the MA. Note: total cohort follow-up was 36.3 months; FMTBI group follow-up was only 14.1 months (recorded here as median). Likely overlaps with Ahn J 2024 BMT (study_id 21) — same single-center cohort. Conditioning intensity score (TCI) was 2.5 (reduced toxicity) for both arms."
24,1013,Alanazi W,2021,Acta Haematologica,10.1159/000507536,NR,Alanazi W et al. 2021 - Post-Transplant Cyclophosphamide Combined with A ... topoietic Cell Transplantation in High-Risk Acute Myeloid Leukem[...].pdf,Post-Transplant Cyclophosphamide Combined with Anti-Thymocyte Globulin as Graft-versus-Host Disease Prophylaxis for Allogeneic Hematopoietic Cell Transplantation in High-Risk Acute Myeloid Leukemia and Myelodysplastic Syndrome,Canada,,retrospective_cohort,single,1,2014,2017,pre_2018,29,14,56,Y,partial_overlap,"Possible overlap with Prem 2019, Deotare 2018, Law 2018, Salas 2019 (all Princess Margaret).",English,Y,N,,RL,PEND,2026-05-26,PEND,"Retrospective single-center comparison of ATG+PTCy vs heterogeneous other prophylaxis (alemtuzumab+CsA, MMF+CsA, MTX+CsA, ATG+CsA+MTX, ATG-only). Comparator arm is heterogeneous; some other-arm patients also received ATG (5 ATG+CsA+MTX and 1 ATG 7.5 mg/kg = 6/90). Includes 120 AML + 39 MDS."
26,1014,Alousi,2015,Biology of Blood and Marrow Transplantation,10.1016/j.bbmt.2015.01.026,NR,Alousi AM et al. 2015 - Phase II Trial of Graft-versus-Host Disease Prop ... ty Busulfan - Fludarabine Conditioning for Hematological Malignancies.pdf,Phase II Trial of Graft-versus-Host Disease Prophylaxis with Post-Transplantation Cyclophosphamide after Reduced-Intensity Busulfan/Fludarabine Conditioning for Hematological Malignancies,USA,,prospective_cohort,single,1,2008,2011,pre_2018,32,24,43,Y,none,,English,Y,N,,RL,PEND,2026-05-26,PEND,Phase II single-arm trial of PTCy as sole GVHD prophylaxis after RIC Bu/Flu (n=49). Paper includes contemporaneous matched cohort analysis using institutional database controls receiving Tac/MTX (n=37 matched controls vs n=37 matched PTCy subset). Both arms extracted. Note: matched analysis uses 37/49 PTCy patients; full N=49 PTCy data also reported for safety endpoints. Used 'matched subset' (n=37) for PTCy arm characteristics to enable apples-to-apples HR comparison with Tac/MTX (n=37). Trial used Bu/Flu RIC; Tac/MTX controls used Bu/Flu (n=15) or Flu/Mel (n=22).
32,1015,Arora S,2026,Indian Journal of Hematology and Blood Transfusion,10.1007/s12288-025-02013-y,NR,Arora S et al. 2026 - Use of Post-Transplant Cyclophosphamide in Matched ... Hematopoietic Stem Cell Transplant for Benign Hematological Disorders.pdf,Use of Post-Transplant Cyclophosphamide in Matched Related and Unrelated Donor Hematopoietic Stem Cell Transplant for Benign Hematological Disorders,India,Asia,single_arm_descriptive_excluded,single,1,2022,2024,post_2018,15.5,2.8,26.5,Y,none,,English,Y,N,,RL,PEND,2026-05-26,PEND,"Single-arm descriptive pediatric series (N=16) of PTCy + CsA + MMF in matched related/unrelated PBSC HSCT for benign hematological disorders (thalassemia, SAA, CDA). NO comparator arm. Protocol-excluded per spec (study_design = single_arm_descriptive_excluded). Tracked for PRISMA. Median follow-up 473 days (range 85-808). 1-yr EFS 81.25%, 1-yr OS 93.7%. Acute GVHD grade I-II in 3 patients (20%); no chronic GVHD; no grade III-IV aGVHD reported. CMV reactivation 8/16. Conditioning: RTC/RIC regimens with ATG + thiotepa/treosulfan/cyclophosphamide + low-dose TBI. No outcomes rows or arms rows extracted per single_arm_descriptive_excluded rule."
35,1016,Arslan,2024,Blood Advances,10.1182/bloodadvances.2024013719,NR,Arslan et al. 2024 - Outcomes of haploidentical transplants with PT-CY vs 10 - 10 MUD transplants with ATG in Germany.pdf,Outcomes of haploidentical transplants with PT-CY vs 10/10 MUD transplants with ATG in Germany,Germany,EU,registry,registry,55,2010,2020,mixed,NR,NR,NR,Y,partial_overlap,33,English,Y,N,,RL,PEND,2026-05-26,PEND,"DRST (German Registry for Stem Cell Transplantation), subset of EBMT database. Compares Haplo+PTCy (n=487) vs 10/10 MUD+ATG (n=7050). All hematologic malignancies (not myeloid-only as prompt suggested). MUD arm receives ATG by definition; Haplo arm receives PT-CY. CNI+MMF predominant in Haplo (89.5%); CNI+MTX predominant in MUD (35.9%) with CNI+MMF also used (51.4%). Possible overlap with Arslan 2023 (study 33) - same DRST registry."
37,1017,Ashouri K,2024,Transplantation Proceedings,10.1016/j.transproceed.2024.08.004,NR,Ashouri K. et al. 2024 - Graft Versus Host Disease Prophylaxis in Matche ... tation Cyclophosphamide Combinations Versus Methotrexate - Tacrolimus.pdf,Graft Versus Host Disease Prophylaxis in Matched Donor Stem Cell Transplantation: Post-transplantation Cyclophosphamide Combinations Versus Methotrexate/Tacrolimus,USA,,retrospective_cohort,single,1,2015,2023,mixed,NR,NR,NR,Y,none,,English,Y,N,,RL,PEND,2026-05-26,PEND,Full paper in Transplantation Proceedings. Mixed MSD/MUD population (not pure MRD). Three arms; PTCy-alone arm small (n=9). Abstract says enrollment 2015-2023; Methods text says 2015-2022.
39,1018,Aydin M,2023,British Journal of Haematology,10.1111/bjh.19031,NR,Aydin M et al. 2023 - ATG versus PTCy in matched unrelated donor haematopoietic stem cell transplantations with non-myeloablative conditioning.pdf,ATG versus PTCy in matched unrelated donor haematopoietic stem cell transplantations with non-myeloablative conditioning,Netherlands,EU,retrospective_cohort,single,2,2014,2021,mixed,NR,12,103,partial,partial_overlap,40,English,Y,N,,RL,PEND,2026-05-26,PEND,Two Amsterdam centers (AMC + VUMC) which subsequently merged into one center; treated as single-center. Median follow-up: ATG 46 months (15-103); PTCy 36 months (12-92). All NMC. All 10/10 MUD. GvHD graded by updated Seattle criteria. Primary outcome was aGVHD II-IV; chronic GvHD reported as moderate/severe at 3 years.
43,1019,Bailen,2021,Annals of Hematology,10.1007/s00277-020-04317-7,NR,Bailén R et al. 2021 - Post-transplant cyclophosphamide for GVHD prophylaxis compared to ATG-based prophylaxis in unrelated donor transplantation.pdf,Post-transplant cyclophosphamide for GVHD prophylaxis compared to ATG-based prophylaxis in unrelated donor transplantation,Spain,EU,retrospective_cohort,multi,4,2010,2018,mixed,NR,6,125,Y,partial_overlap,42;44,English,Y,N,,RL,PEND,2026-05-26,PEND,"Median follow-up reported per arm: ATG 78 mo (range 12-125), PTCy 26 mo (range 6-65). Multicenter GETH study covering 4 Spanish centers (Madrid, Malaga, Barcelona/Badalona, Valencia). Likely cohort overlap with Bailen 2019 (Madrid single-center) and Bailen 2022 (GETH AML). PTCy group enrolled 2013-2018; ATG group 2010-2018."
44,1020,Bailen R,2022,Transplantation and Cellular Therapy,10.1016/j.jtct.2022.01.020,NR,Bailén R et al. 2022 - Post-Transplantation Cyclophosphamide After HLA Identical Compared to Haploidentical Donor Transplant in Acute Myeloid Leukemia - A Study on Behalf of GETH-TC.pdf,Post-Transplantation Cyclophosphamide After HLA Identical Compared to Haploidentical Donor Transplant in Acute Myeloid Leukemia: A Study on Behalf of GETH-TC,Spain,EU,retrospective_cohort,multi,20,2013,2019,mixed,27 (MSD/MUD); 62.5 (haplo),6,104,Y,none,NR,English,Y,N,,RL,PEND,2026-05-26,PEND,GETH-TC AML cohort. Both arms received PTCy; comparison is donor type (HLA-id MSD/MUD vs haplo) within-PTCy. Comparison 3 eligible. MSD/MUD arm has heterogeneous PTCy schedules and adjunct IS.
45,1021,Baker M,2016,Biology of Blood and Marrow Transplantation,10.1016/j.bbmt.2016.08.003,NR,Baker M et al. 2016 - Comparative Outcomes after Haploidentical or Unrelated Donor Bone Marrow or Blood Stem Cell Transplantation in Adult Patients with Hematological Malignancies.pdf,Comparative Outcomes after Haploidentical or Unrelated Donor Bone Marrow or Blood Stem Cell Transplantation in Adult Patients with Hematological Malignancies,USA,,retrospective_cohort,single,1,2009,2014,pre_2018,33.6,NR,NR,Y,none,,English,Y,N,,RL,PEND,2026-05-26,PEND,Median FU 1024 days for surviving patients converted to ~33.6 months. HAPLO arm = PTCy (Flu/Cy/TBI conditioning); URD arm = CNI-based with ATG-containing conditioning in most patients (4/59 received Cy/TBI without ATG). aGVHD reported at 6 months (D+180) not D+100 — recorded at D+180 with is_primary_timepoint=N since paper does not provide D+100 estimates.
46,NEW_Balletto_2024,Balletto E,2024,Transplant Infectious Disease,10.1111/tid.14215,NR,"Balletto E. et al. 2024 - Adenovirus infection in adult patients undergo ... ic stem cell transplant - Incidence, clinical management, and outcome.pdf","Adenovirus infection in adult patients undergoing allogeneic hematopoietic stem cell transplant: Incidence, clinical management, and outcome",Italy,EU,single_arm_descriptive_excluded,single,1,2014,2019,mixed,25.7,0.3,81.8,,none,,English,Y,N,,RL,PEND,2026-05-26,PEND,"Single-center retrospective cohort of 445 adult allo-HSCT recipients at San Martino Hospital, Genoa, Italy, 2014-2019. Adenovirus-focused study. Cohort composition: 73% PTCy-based GvHD prophylaxis (327/445), 27% MTX+CsA (118/445); 76% haploidentical donor, 88% MAC, 9% received ATG. The paper does NOT stratify ADV incidence or outcomes by GvHD prophylaxis (PTCy vs MTX+CsA). PTCy appeared as a covariate in risk-factor analysis (univariable SHR 1.46, 95% CI 0.67-3.20, p=.345 for any ADVi), but no arm-stratified ADV incidence, viremia, disease, or mortality data are reported. Protocol-excluded as single-arm descriptive (no PTCy contrast). Tracked for PRISMA only. Follow-up median 782 days (IQR 10-2490) converted to months."
47,NEW_Bansal_2021,Bansal R,2021,Transplant Infectious Disease,10.1111/tid.13487,NR,"Bansal R et al. 2021 - Extended letermovir administration, beyond day 10 ... ective for CMV prophylaxis in patients with graft versus host disease.pdf","Extended letermovir administration, beyond day 100, is effective for CMV prophylaxis in patients with graft versus host disease",USA,,single_arm_descriptive_excluded,single,1,2018,2020,post_2018,6.9,3.7,27.2,,none,,English,Y,N,,RL,PEND,2026-05-26,PEND,"Single-center retrospective case series (Columbia/NewYork-Presbyterian) of 20 CMV-seropositive AHCT recipients with GVHD who received extended letermovir prophylaxis beyond day 100. Mixed cohort: donor types include MRD 7 (35%), MUD 7 (35%), haplo 5 (25%), MMUD 1 (5%). GVHD prophylaxis was Tac/MTX 9 (45%), Tac/MMF/PTCy 6 (30%), Alemtuzumab/Sirolimus 3 (15%), Tac/MMF 2 (10%). No comparator arm and no formal PTCy vs non-PTCy contrast for protocol outcomes (only descriptive comparison of CD4 counts and CMV viremia rates between PTCy and non-PTCy subgroups, with very small subgroup sizes; not eligible for Comparison 1, 2, or 3). PTCy n=6 only, and PTCy patients are a subset selected on having GVHD AND extended letermovir, making any contrast incompatible with protocol comparisons. Excluded as single_arm_descriptive_excluded per spec; outcome extraction skipped."
48,1022,Baranwal,2025,Transplantation and Cellular Therapy,10.1016/j.jtct.2025.05.006,NR,Baranwal et al. 2025 - Comparison of Chimerism Kinetics and Associated Outcomes in PTCy-Based GVHD Prophylaxis.pdf,Comparison of Chimerism Kinetics and Associated Outcomes in Patients Receiving Post-Transplant Cyclophosphamide Versus Methotrexate based GVHD Prophylaxis Following Allogeneic Hematopoietic Cell Transplant,USA,,retrospective_cohort,single,1,2018,2023,post_2018,33.6,NR,NR,Y,none,,English,Y,N,,RL,PEND,2026-05-26,PEND,"Chimerism kinetics study. PTCy vs MTX comparison exists but limited infection/GVHD outcomes reported. Primary outcomes reported: OS, RFS, chimerism. No BSI, CMV, IFI, IRM, GVHD rates reported. Median FU 2.8 yr (95% CI 2.5-3.0)."
49,1023,Barkhordar M,2021,International Journal of Hematology-Oncology and Stem Cell Research,NR,NR,"Barkhordar M et al. 2021 - Selection of Suitable Alternative Donor in th ... en Haploidentical, 10 - 10 and 9 - 10 Unrelated Donor Transplantation.pdf","Selection of Suitable Alternative Donor in the Absence of Matched Sibling Donor: A Retrospective Single-Center Study to Compare between Haploidentical, 10/10 and 9/10 Unrelated Donor Transplantation",Iran,Asia,retrospective_cohort,single,1,2010,2019,mixed,31.83,6.05,57.62,Y,partial_overlap,50;51,English,Y,N,,RL,PEND,2026-05-26,PEND,"Prompt initially described a haplo vs 10/10 URD vs UCB comparison, but the actual paper compares haplo vs 10/10 MUD vs 9/10 MMUD vs 9/10 MMRD — there is NO cord blood arm. Extracted as 4-arm study. Authors explicitly state that exact time of GvHD onset was not determined in some cases, so cumulative incidence of acute/chronic GvHD at D+100 / 1-yr could not be calculated — GvHD figures in Table 1 are crude proportions over entire follow-up (not D+100 CI). Therefore aGVHD II-IV at D+100 is recorded as crude_proportion with timepoint=other and flagged."
50,1023,Barkhordar M,2022,Frontiers in Immunology,10.3389/fimmu.2022.921293,NR,Barkhordar M et al. 2022 - Modified combination of anti-thymocyte globulin and post-transplant cyclophosphamide as GVHD prophylaxis in haploidentical and HLA-matched related transplantation protocol in haploidentical setting.pdf,Modified combination of anti-thymocyte globulin (ATG) and post-transplant cyclophosphamide (PTCy) as compared with standard ATG protocol in haploidentical peripheral blood stem cell transplantation for acute leukemia,Iran,Asia,retrospective_cohort,single,1,2008,2020,mixed,64.32,NR,NR,partial,none,NR,English,Y,N,,RL,PEND,2026-05-26,PEND,"Median follow-up 5.36 years overall (64.32 months); ATG/PTCy arm 4.5 yrs (95%CI 3.5-5.1), ATG arm 8.2 yrs (95%CI 5.9-9.5). Reverse KM. Both arms ATG-containing; PTCy arm vs ATG-only comparator. Title mentions HLA-matched related but per Methods all patients are haplo-PBSCT recipients."
51,1023,Barkhordar,2022,Frontiers in Immunology,10.3389/fimmu.2022.921293,NR,Barkhordar M et al. 2022 - Modified combination of anti-thymocyte globul ... tocol in haploidentical peripheral blood stem cell transplantati[...].pdf,Modified combination of anti-thymocyte globulin (ATG) and post-transplant cyclophosphamide (PTCy) as compared with standard ATG protocol in haploidentical peripheral blood stem cell transplantation for acute leukemia,Iran,Asia,retrospective_cohort,single,1,2008,2020,mixed,64.3,NR,NR,partial,partial_overlap,"49,50",English,Y,N,,RL,PEND,2026-05-26,PEND,"Median follow-up 5.36 years for entire population (=64.3 months). ATG/PTCy arm median FU 4.5 y (54 mo); ATG arm median FU 8.2 y (98.4 mo). Two-arm comparative retrospective study; ATG/PTCy arm is PTCy_arm, standard-ATG arm is comparator_arm (non-PTCy)."
52,1024,Baron F,2024,American Journal of Hematology,10.1002/ajh.27466,NR,Baron F et al. 2024 - Higher survival following transplantation with a m ... -host disease prophylaxis than with double unit umbilical cord b[...].pdf,Higher survival following transplantation with a mismatched unrelated donor with posttransplant cyclophosphamide-based graft-versus-host disease prophylaxis than with double unit umbilical cord blood in patients with acute myeloid leukemia in first complete remission: A study from the Acute Leukemia Working Party of the European Society for Blood and Marrow Transplantation,multinational,multinational,registry,registry,NR,2013,2021,mixed,NR,NR,NR,partial,partial_overlap,NR,English,Y,N,,RL,PEND,2026-05-26,PEND,"EBMT ALWP retrospective registry study. Inclusion: adults, AML in CR1, dCBT or UD 9/10 PBSC + PTCy, transplant 2013-2021, no in vivo T-cell depletion (ATG/alemtuzumab excluded). Follow-up reported per arm: UD9/10 median 24.9 mo (IQR 24.0-29.9); dCBT median 57.6 mo (IQR 44.3-66.3); overall not reported separately."
55,1025,Bashey ZA,2018,Bone Marrow Transplantation,10.1038/s41409-018-0126-4,NR,Bashey ZA et al. 2018 - Comparison of outcomes following transplantation with T-replete HLA-haploidentical donors using post-transplantation cyclophosphamide to matched related and unrelated donors for patients with AML and MDS aged 60 years or older.pdf,Comparison of outcomes following transplantation with T-replete HLA-haploidentical donors using post-transplant cyclophosphamide to matched related and unrelated donors for patients with AML and MDS aged 60 years or older,United States,,retrospective_cohort,single,1,2005,2015,pre_2018,27,5,116,Y,none,,English,Y,N,,RL,PEND,2026-05-26,PEND,"Single-center retrospective cohort, Northside Hospital Atlanta. N=127 (MRD 37, MUD 57, HID 33). 3-arm comparison: haplo+PTCy vs MRD (Tac/MTX) vs MUD (Tac/MTX). Comparison 1 eligible (PTCy arm vs CNI-based comparator arms). Follow-up median 27 mo (range 5-116) for survivors; arm-specific medians: MRD 34, MUD 26, HID 17. AML/MDS aged >=60 only. Outpatient-based program. ATG 4.5 mg/kg rabbit Thymoglobulin only added to 9/10-matched MUD subset (2 of 57 MUD patients) - minor sub-arm. UCB excluded. T-replete grafts only. MAC used in only 6% HID vs 30-32% MRD/MUD. BM graft 52% in HID vs 0/21% in MRD/MUD."
57,1024,Battipaglia,2019,Bone Marrow Transplantation,10.1038/s41409-019-0459-7,NR,Battipaglia G et al. 2019 - Unmanipulated haploidentical versus HLA-matched sibling allogeneic hematopoietic stem cell transplantation for acute myeloid leukemia in complete remission - a retrospective study from the Acute Leukemia Working Party of the EBMT.pdf,Unmanipulated haploidentical versus HLA-matched sibling allogeneic hematopoietic stem cell transplantation in relapsed/refractory acute myeloid leukemia: a retrospective study on behalf of the ALWP of the EBMT,multinational,multinational,registry,registry,NR,2007,2015,pre_2018,17.5,1,119,partial,partial_overlap,NR,English,Y,N,,RL,PEND,2026-05-26,PEND,"Paperpile filename refers to 'complete remission' but actual paper title is R/R AML; filename appears to be a Paperpile metadata error. Paper covers R/R AML (relapsed/refractory). Haplo group is heterogeneous: PTCy n=278 (71%), in vivo TCD n=95 (24%), both n=16 (4%). Subgroup analysis (Table 5) compares Haplo-PTCy vs MSD and Haplo-ATG vs MSD separately. Median follow-up 17.5 mo for whole population; Haplo 22mo, MSD 16mo."
60,1024,Battipaglia G,2019,Blood,10.1182/blood.2019000487,NR,Battipaglia et al. 2019 - Post-Transplant Cyclophosphamide versus Antithymocyte Globulin in HLA-Mismatched unrelated Donors transplantation.pdf,Posttransplant cyclophosphamide vs antithymocyte globulin in HLA-mismatched unrelated donor transplantation,multinational,EU,registry,registry,NR,2011,2017,mixed,NR,2,83,partial,partial_overlap,NR,English,Y,N,,RL,PEND,2026-05-26,PEND,"EBMT ALWP retrospective registry; propensity-score matched-pair analysis 1:2 (PTCy 93 : ATG 179). Median FU PTCy=14 mo (2-56), ATG=27 mo (2-83). All 9/10 MMUD AML adults 2011-2017. First paper emitting TBD_1010 EBMT_ALWP cohort row."
61,1024,Battipaglia G,2020,Cancer,10.1002/cncr.33255,NR,Battipaglia et al. 2020 - Post-transplantation cyclophosphamide versus antithymocyte globulin in patients with acute myeloid leukemia in first complete remission undergoing allogeneic stem cell transplantation from HLA-identical sibling donors.pdf,Post-transplantation Cyclophosphamide Versus Antithymocyte Globulin in Patients with Acute Myeloid Leukemia Undergoing Allogeneic Stem Cell Transplantation From HLA-Identical Sibling Donors: A Retrospective Analysis From the Acute Leukemia Working Party of the European Society for Blood and Marrow Transplantation,multinational,multinational,registry,registry,NR,2008,2018,mixed,22,1,126,partial,partial_overlap,NR,English,Y,N,,RL,PEND,2026-05-26,PEND,EBMT ALWP registry. Note: assignment prompt described this as 10/10 MUD paper but the actual PDF is HLA-identical SIBLING (MSD) donors AML CR1 PTCy vs ATG. Cohort 1024 EBMT_ALWP retained. The MMUD paper is Battipaglia 2019 Blood (separate).
62,1024,Battipaglia G,2022,Research Square (preprint),10.21203/rs.3.rs-1427080/v1,NR,Battipaglia et al. 2022 - Impact of the addition of antithymocyte globulin to post-transplantation cyclophosphamide in haploidentical transplantation with peripheral blood compared to post-transplantation cyclophosphamide alone in acute myelogenous leukemia.pdf,Impact of the addition of antithymocyte globulin to post-transplant cyclophosphamide in haploidentical transplantation with peripheral blood compared to post-transplant cyclophosphamide alone in acute myeloid leukemia: a retrospective study on behalf of the Acute Leukemia Working Party of the EBMT,multinational,multinational,retrospective_cohort,registry,NR,2011,2019,mixed,19 (PTCy) / 15 (ATG+PTCy),4,36,partial,partial_overlap,NR,English,Y,N,,RL,PEND,2026-05-26,PEND,"EBMT ALWP registry study of haplo-PBSC AML in CR1/CR2 (abstract says first or second CR, methods says first CR; ambiguity noted). Comparison 3 (within-PTCy: ATG+PTCy vs PTCy-alone). Preprint on Research Square; no journal version identified at extraction. PTCy and ATG schedule by center policy (not standardized). All patients received CsA+MMF."
63,1024,Bazarbachi,2024,Cancer,10.1002/cncr.35365,NR,Bazarbachi AH et al. 2024 - Posttransplant cyclophosphamide versus anti... dentical transplantation for adult acute myeloid leukemia - A re[...].pdf,Posttransplant cyclophosphamide versus anti-thymocyte globulin versus combination for graft-versus-host disease prevention in haploidentical transplantation for adult acute myeloid leukemia: A report from the European Society for Blood and Marrow Transplantation Acute Leukemia Working Party,multinational,multinational,registry,registry,260,2007,2021,mixed,31.8,29.8,33.7,partial,partial_overlap,NR,English,Y,N,,RL,PEND,2026-05-26,PEND,"EBMT ALWP registry study; AML in CR1/CR2 undergoing haplo-SCT 2007-2021. NOTE: prompt described this as MDS paper, but actual PDF (and only Bazarbachi 2024 file in Paperpile) is the AML haplo paper - extracted accordingly. Three GVHD prophylaxis arms: PTCy (n=2999), ATG (n=358), PTCy+ATG (n=292). Comparison 2 (PTCy vs ATG haplo) applies. Combination arm is exploratory third arm. Median FU IQR reported in months 29.8-33.7 (used as min/max proxy). primary_for_cohort=partial because EBMT_ALWP (1024) has multiple papers covering different donor/disease strata."
65,1026,Berger M,2022,Transplantology,10.3390/transplantology3010006,NR,Berger et al. 2022 - HSCT with Mismatched Unrelated Donors (MMUD) - A Comparison of Different Platforms for GvHD Prophylaxis.pdf,HSCT with Mismatched Unrelated Donors (MMUD): A Comparison of Different Platforms for GvHD Prophylaxis,Italy,EU,retrospective_cohort,multi,2,2011,2019,mixed,14.9,0.3,85.4,Y,none,,English,Y,N,,RL,PEND,2026-05-26,PEND,"Two-arm comparison ATG (CSA+MTX+ATG) vs PT-Cy (Tacrolimus+MMF+PTCy) in MMUD. All PBSC; predominantly MAC; Seattle GvHD grading. Acute GvHD reported at D+100, chronic GvHD at 3y. NCT04598789."
66,1027,Berro M,2021,Bone Marrow Transplantation,10.1038/s41409-020-01146-0,NR,Berro M et al. 2021 - Post-transplant cyclophosphamide demonstrates lowe ... l compared with antithymocyte globulin in unrelated donor hemato[...].pdf,Post-transplant cyclophosphamide demonstrates lower non-relapse mortality and better graft-versus-host disease/relapse-free survival compared with antithymocyte globulin in unrelated donor hematopoietic stem cell transplantation. A single-center experience,Argentina,SA,retrospective_cohort,single,1,2012,2019,mixed,27.6,NR,NR,Y,none,,English,Y,N,,RL,PEND,2026-05-26,PEND,"Correspondence/letter format but with Methods and Results sections (not a conference abstract). UD transplant cohort (not specifically older adults; mean age 36.9 yrs). Cohort overall stats: 70% HLA 10/10, 80% MAC, 96% PBSC, 52% acute leukemia, 21% MDS, 38% HCT-CI int/high, 23% DRI high/very high. PTCy patients significantly older than ATG (40.7 vs 33.1 yrs, p=0.01); other baseline characteristics not significantly different. Median follow-up 2.3 years (=27.6 months) for whole cohort."
67,1028,Bhatia,2026,Leukemia Research,10.1016/j.leukres.2025.108145,NR,Bhatia I et al. 2026 - Outcomes of adults older than 70 years of age undergoing allogeneic stem cell transplantation in the era of routine post transplant cyclophosphamide-based GVHD prophylaxis.pdf,Outcomes of adults older than 70 years of age undergoing allogeneic stem cell transplantation,USA,,retrospective_cohort,single,1,2010,2023,mixed,NR,NR,NR,Y,overlap_superset_of,68,English,Y,N,,RL,PEND,2026-05-26,PEND,"Journal version (2026) of Bhatia 2024 ASCO abstract (study_id 68). Same UMass Chan single-center cohort age >=70, N=61 total. Conditioning regimen and prophylaxis details now reported in full; follow-up duration not explicitly reported but max patient follow-up extends to 2773 days (~7.6 yrs) based on median survival ranges. PTCy n=41 enrolled May 2014-Mar 2023; non-Cy n=20 enrolled Mar 2010-Sep 2018 (predominantly 2010-2012). aGvHD reported using Glucksberg criteria; cGvHD per NIH consensus criteria."
71,1029,Blaise D,2016,Biology of Blood and Marrow Transplantation,10.1016/j.bbmt.2015.08.029,NR,Blaise et al. 2016 - Haploidentical T cell-replete transplantation with post-transplantation cyclophosphamide for patients in or above the sixth decade of age compared with allogeneic transplantation from human leukocyte antigen-matched related and unrelated donors.pdf,Haploidentical T Cell-Replete Transplantation with Post-Transplantation Cyclophosphamide for Patients in or above the Sixth Decade of Age Compared with Allogeneic Hematopoietic Stem Cell Transplantation from an Human Leukocyte Antigen-Matched Related or Unrelated Donor,France,EU,retrospective_cohort,single,1,2011,2013,pre_2018,23,6,43,Y,none,NR,English,Y,N,,RL,PEND,2026-05-26,PEND,"Single-center Marseille IPC cohort. 3-arm comparison: haplo+PTCy (n=31) vs MRD+ATG (n=47) vs UD+ATG (n=63, includes 13 MMUD). PTCy in haplo arm only; comparators use ATG-based prophylaxis. Median follow-up 23 mo (Haplo 22, MRD 24, UD 24)."
72,1030,Bolanos-Meade J,2019,Lancet Haematology,10.1016/S2352-3026(18)30221-7,NR,"Bolaños-Meade J et al. 2019 - Three prophylaxis regimens (tacrolimus, mycophenolate mofetil, and cyclophosphamide; tacrolimus, methotrexate, and bortezomib; or tacrolimus, methotrexate, and maraviroc) versus tacrolimus and methotrexate for prevention of graft-versus-host disease with reduced-intensity conditioning allogeneic haematopoietic cell transplantation - a randomised phase 2 trial.pdf","Three prophylaxis regimens (tacrolimus, mycophenolate mofetil, and cyclophosphamide; tacrolimus, methotrexate, and bortezomib; or tacrolimus, methotrexate, and maraviroc) versus tacrolimus and methotrexate for prevention of graft-versus-host disease with reduced-intensity conditioning allogeneic haematopoietic cell transplantation: a randomised phase 2 trial",USA,,RCT,multi,31,2014,2016,pre_2018,NR,NR,NR,Y,none,,English,Y,N,,RL,PEND,2026-05-26,PEND,BMT CTN 1203 phase 2 RCT with 3 randomized arms vs non-randomized contemporary CIBMTR-based TAC/MTX control. Predecessor to BMT CTN 1703. RoB2 applied since this is an RCT (per spec); note non-randomized control arm raises bias concerns. 31 US trial centers + 32 US control centers.
75,1006,Bordat J,2026,Haematologica,10.3324/haematol.2024.287157,NR,Bordat J et al. 2026 - Post-transplant cyclophosphamide improves survival over antithymocyte globulin in HLA-mismatched unrelated donor stem cell transplantation.pdf,Post-transplant cyclophosphamide improves survival compared to antithymocyte globulin in HLA-mismatched unrelated donor stem cell transplantation,France,EU,retrospective_cohort,single,1,2010,2024,mixed,52.4,NR,NR,Y,overlap_superset_of,Bordat_2024_abstract_excluded,English,Y,N,,RL,PEND,2026-05-26,PEND,"Saint-Louis Hospital Paris single-center retrospective cohort of MMUD alloHSCT recipients (single allele mismatch at A/B/C/DRB1/DQB1), Jan 2010-Feb 2024. N=155: PTCY 41, HD-ATG 93 (ATG-T 10 mg/kg N=66 or ATG-F 60 mg/kg N=27), LD-ATG 21 (ATG-T 5 mg/kg N=19 or ATG-F 30 mg/kg N=2). Journal version of the Bordat MMUD cohort (Bordat 2024 abstract excluded). Median follow-up: 19.4 mo PTCY, 91.4 mo HD-ATG, 73.0 mo LD-ATG (P<0.01) - significant era confounding noted by authors."
77,1024,Brissot E,2019,Haematologica,10.3324/haematol.2017.187450,NR,Brissot E et al. 2019 - Haploidentical versus unrelated allogeneic stem cell transplantation for relapsed/refractory acute myeloid leukemia - a report on 1578 patients from the Acute Leukemia Working Party of the EBMT.pdf,Haploidentical versus unrelated allogeneic stem cell transplantation for relapsed/refractory acute myeloid leukemia: a report on 1578 patients from the Acute Leukemia Working Party of the EBMT,multinational,multinational,registry,registry,218,2007,2014,pre_2018,NR,NR,NR,partial,partial_overlap,other EBMT ALWP publications,English,Y,N,,RL,PEND,2026-05-26,PEND,"EBMT ALWP registry; R/R AML active disease 2007-2014. 3 arms: Haplo PTCy (199), UD 10/10 (1111), UD 9/10 (383). Total 1693 HSCT (abstract says 1578; numbers in tables sum to 1693). Median FU varied by arm: 16 mo Haplo, 18.1 mo UD 10/10, 22.9 mo UD 9/10. No infection data reported."
78,1024,Brissot,2020,Journal of Hematology & Oncology,10.1186/s13045-020-00923-0,NR,Brissot E et al. 2020 - Post-transplant cyclophosphamide versus antithymocyte globulin in patients with acute myeloid leukemia in first complete remission undergoing allogeneic stem cell transplantation from 10/10 HLA-matched unrelated donors.pdf,Post-transplant cyclophosphamide versus antithymocyte globulin in patients with acute myeloid leukemia in first complete remission undergoing allogeneic stem cell transplantation from 10/10 HLA-matched unrelated donors,multinational,multinational,registry,registry,NR,2010,2017,mixed,NR,NR,NR,partial,partial_overlap,61,English,Y,N,,RL,PEND,2026-05-26,PEND,"EBMT ALWP registry analysis of 10/10 HLA-MUD AML CR1 patients comparing PTCy (n=174) vs ATG (n=1452) for GVHD prophylaxis, transplants 2010-2017. Distinct paper from Battipaglia 2020 (study 61) which addressed HLA-identical sibling donor stratum same registry; non-overlapping donor strata so both papers are primary for their stratum. Median FU PTCy 20.5 mo (IQR 6.9-32.6) vs ATG 33.2 mo (IQR 17.6-52.7). ATG brand exclusively Thymoglobuline at 5 mg/kg total dose."
79,1024,Brissot E,2024,Blood Cancer Journal,10.1038/s41408-024-00990-3,NR,Brissot E et al. 2024 - Post-transplant cyclophosphamide versus anti-thymocyte globulin after reduced intensity peripheral blood allogeneic cell transplantation in recipients of matched sibling or 10/10 HLA matched unrelated donors.pdf,"Post-transplant cyclophosphamide versus anti-thymocyte globulin after reduced intensity peripheral blood allogeneic cell transplantation in recipients of matched sibling or 10/10 HLA matched unrelated donors: final analysis of a randomized, open-label, multicenter, phase 2 trial",France,EU,RCT,multi,11,2017,2019,post_2018,56,NR,NR,N,partial_overlap,NR,English,Y,N,,RL,PEND,2026-05-26,PEND,"Phase 2 RCT, NCT02876679, 11 French centers. Comparison 2 (PTCy vs ATG in MSD/MUD RIC). Per user directive assigned to cohort_id 1024 (EBMT_ALWP), though this is technically a French national multicenter RCT (not strictly EBMT registry). Median follow-up reported as 56 months (PTCy) and 55 months (ATG); used 56 as overall. Analyzed cohort: PTCy n=44, ATG n=37 (8 ATG patients did not undergo HSCT — 6 relapsed pre-transplant, 2 donors became unavailable). Median age 64 years."
80,1031,Broers AEC,2022,Blood Advances,10.1182/bloodadvances.2021005847,NR,Broers et al. 2022 - Posttransplant cyclophosphamide for prevention of graft-versus-host disease - results of the prospective randomized HOVON-96 trial.pdf,Posttransplant cyclophosphamide for prevention of graft-versus-host disease: results of the prospective randomized HOVON-96 trial,Netherlands,EU,RCT,multi,6,2013,2018,mixed,56.4,16.1,75.6,Y,none,,English,Y,N,,RL,PEND,2026-05-26,PEND,"HOVON-96 RCT. Randomized 1:2 CsA/MPA (n=52) vs PT-Cy/CsA (n=99 transplanted; 160 randomized, 151 transplanted, 9 not transplanted/excluded). Modified intention-to-treat. NCT/trial registry: NL2128 (Dutch trial registry). Funded by Dutch Cancer Society 2008-4331 and Novartis."
83,1032,Bykova TA,2018,Cellular Therapy and Transplantation,10.18620/ctt-1866-8836-2018-7-1-28-35,NR,Bykova et al. 2018 - Acute GvHD prophylaxis with posttransplant cyclopho ... opoietic stem cell transplantation (HSCT) for non-malignant disorders.pdf,Acute GvHD prophylaxis with posttransplant cyclophosphamide after hematopoietic stem cell transplantation (HSCT) for non-malignant disorders,Russia,EU,retrospective_cohort,single,1,2005,2018,pre_2018,NR,NR,27,Y,none,84,English,Y,N,,RL,PEND,2026-05-26,PEND,"Pediatric/young adult non-malignant disorders cohort (hemoglobinopathies, BM failure syndromes, metabolic diseases, PID) from R. Gorbacheva Memorial Institute, St. Petersburg. ATYPICAL for PTCy MA which focuses on hematologic malignancies. Mixed donor types (MRD/MUD/MMUD/haplo) within each arm. Same institution as cohort 1007 but distinct non-overlapping patient population (pediatric non-malignant 2005-2018 vs adult AML/ALL RCT 2013-2015). 118 HSCT in 97 patients; arm counts are HSCT-level (89 standard prophylaxis HSCT vs 29 PTCy HSCT). Outcomes reported as KM/CIF over 2-year follow-up; no D+30 or D+100 specific timepoints reported. No NRM/cGVHD/infection data. Study 84 likely near-duplicate (per assignment note). Follow-up max derived from x-axes of figures (800 days = ~27 months)."
86,1033,Camargo JF,2021,Transplantation and Cellular Therapy,10.1016/j.jtct.2021.09.006,NR,Camargo JF et al. 2021 - Lower Incidence of Cytomegalovirus Reactivation ... ation Cyclophosphamide HLA-Mismatched Unrelated Donor Transplantation.pdf,Lower Incidence of Cytomegalovirus Reactivation Following Post-Transplantation Cyclophosphamide HLA-Mismatched Unrelated Donor Transplantation,USA,,retrospective_cohort,single,1,2015,2019,mixed,7.5,NR,NR,partial,partial_overlap,85,English,Y,N,,RL,PEND,2026-05-26,PEND,"Median follow-up reported as 228 days overall (PTCy MMUD 228, ATG MMUD 259, PTCy haplo 217 days post-HCT). 228/30 ~= 7.5 months. CMV-focused study; outcomes restricted to CMV viremia, cs-CMVi, ALC kinetics, NRM, IRM, GVHD. Sirolimus was preferred over tacrolimus in PTCy MMUD group."
88,1034,Cao J,2022,Research Square (preprint),10.21203/rs.3.rs-1392834/v1,NR,Cao J et al. 2023 - Fludarabine and antithymocyte globulin-based conditioning combined with post-transplant cyclophosphamide and short-course cyclosporine A for haploidentical allogeneic hematopoietic stem cell transplantation.pdf,Fludarabine and antithymocyte globulin-based conditioning regimen combined with post-transplantation cyclophosphamide for haploidentical allogeneic hematopoietic stem cell transplantation in patients with high-risk acute myeloid leukemia and myelodysplastic syndrome,China,Asia,retrospective_cohort,single,1,2014,2020,mixed,20,2,68,Y,none,,English,Y,N,,RL,PEND,2026-05-26,PEND,"Research Square preprint (posted Mar 2022). Title in Paperpile filename says 2023 but DOI/posted date is 2022. Both arms haplo-HSCT; comparison is ATG-PTCy vs ATG-only as GVHD prophylaxis. Modified ATG-PTCy arm is PTCy_arm (eligible for comparison_1); ATG arm is comparator_arm. Slight differences in conditioning between arms (Flu added to ATG-PTCy arm, different ATG dose 7.5 vs 10 mg/kg, graft source PBSC-only vs BM+PBSC) confound the GVHD prophylaxis comparison; document in extraction_notes."
89,1013,Carreira,2022,Transplantation and Cellular Therapy,10.1016/j.jtct.2021.10.008,NR,Carreira AS et al. 2022 - Bloodstream Infections and Outcomes Following Allogeneic Hematopoietic Cell Transplantation - A Single-Center Study.pdf,Bloodstream Infections and Outcomes Following Allogeneic Hematopoietic Cell Transplantation: A Single-Center Study,Canada,,retrospective_cohort,single,1,2015,2019,mixed,NR,NR,NR,partial,partial_overlap,"Princess Margaret Toronto cluster (Michelis 2014-2017 AML/MDS subset, Salas 2020 BMT PTCy-ATG-CsA)",English,Y,N,,RL,PEND,2026-05-26,PEND,"Single-center PMH Toronto, 2015-2019, N=651. Primary focus BSI epidemiology and risk factors. GVHD prophylaxis stratified into 4 groups: PTCy-ATG-CsA (n=434), ATG-based (n=121), PTCy-based (n=13), Other (n=83). BSI outcomes reported at overall cohort level (D+30 CI 32.3%, D+100 CI 44.7%), NOT stratified by GVHD prophylaxis arm. Arm-level effects reported as multivariable HRs only. Cohort overlaps with Princess Margaret Toronto cohort 1013 (Michelis 2014-2017 subset of AML/MDS high-risk pts) but broader: all diagnoses, larger n (651 vs 159), wider date range. Treated as partial overlap with cohort 1013."
94,1035,Chalandon Y,2024,Blood Advances,10.1182/bloodadvances.2024013468,NR,Chalandon et al. 2024 - Unrelated donor transplantation with posttransplant cyclophosphamide vs ATG for myelodysplastic neoplasms.pdf,Unrelated donor transplantation with posttransplant cyclophosphamide vs ATG for myelodysplastic neoplasms,multinational,multinational,registry,registry,92,2012,2019,mixed,52.8,NR,NR,Y,none,,English,Y,N,,RL,PEND,2026-05-26,PEND,"PROMPT MISMATCH: prompt specified Chalandon 2024 AML paper with cohort_id 1024 EBMT_ALWP and Comparison 2 (PTCy vs ATG MUD AML); however, the only Chalandon 2024 paper in the corpus matching 'Unrelated donor transplantation with posttransplant cyclophosphamide vs antithymocyte globulin' is the MDS paper (Blood Advances 2024;8(18):4792-4802), an EBMT CMWP study (NOT ALWP). Population is MDS (not AML), so comparison_2_eligible=N. Donor mix is MUD 70% + MMUD 30%. Reverse Kaplan-Meier median follow-up = 4.4 years (95% CI 4.2-4.8); converted to 52.8 months. ATG subtypes (Thymoglobulin 53.5%, Grafalon 46.4%) reported for 569/751 ATG patients only."
97,1036,Chiurlo M,2025,Bone Marrow Transplantation,10.1038/s41409-025-02605-2,NR,Chiurlo M et al. 2025 - Risk stratification and impact of donor type on ... nt with post-transplant cyclophosphamide and mould-active prophylaxis.pdf,Risk stratification and impact of donor type on breakthrough invasive fungal infections in haematopoietic cell transplant with post-transplant cyclophosphamide and mould-active prophylaxis,Italy,EU,retrospective_cohort,single,1,2015,2022,mixed,NR,NR,NR,Y,none,,English,Y,N,,RL,PEND,2026-05-26,PEND,Within-PTCy donor-type comparison study (Comparison 3). Outcomes reported only at whole-cohort or high-risk vs non-high-risk stratification; per-donor-arm outcomes NOT separately reported. Donor comparison conveyed via Fine-Gray sHR (MRD/MUD vs MMRD/MMUD) in PT-Cy first-transplant subset (n=353); haplo grouped with mismatched in unreported analysis but is largest donor stratum (30.7%). Follow-up time not explicitly stated; figures end at ~12.5 months.
99,1037,Chiusolo,2026,American Journal of Hematology,10.1002/ajh.70244,NR,Chiusolo et al. 2026 - PTCy or ATG for Matched Transplantation in Myelofibrosis.pdf,PTCy or ATG for Matched Transplantation in Myelofibrosis,multinational,multinational,retrospective_cohort,multi,NR,2010,2024,mixed,NR,NR,NR,Y,partial_overlap,Rathje_2024_BMT;Robin_2019_Haematologica;Kim_2025_AJH;Oechsler_2024_BMT,English,Y,N,,RL,PEND,2026-05-26,PEND,"Correspondence (full Methods/Results, not an abstract). Follow-up reported in YEARS: ATG median 4.8 yrs, PTCy median 3.7 yrs (p=0.12). Converted to months: ATG ~57.6 mo, PTCy ~44.4 mo. Cohort-level median not reported; using ATG median 57.6 mo as the primary follow-up_median_months in arm-level capture. Number of centers not explicitly stated; author affiliations suggest >=10 contributing centers. Supplemental Table 1 contains baseline characteristics; not extractable from main text."
100,1038,Chorao,2024,Transplantation and Cellular Therapy,10.1016/j.jtct.2024.01.082,NR,Chorão et al. 2024 - Cytomegalovirus reactivations in allogeneic hematop ... and haploidentical donors with post-transplantation cyclophosphamide.pdf,Cytomegalovirus Reactivations in Allogeneic Hematopoietic Stem Cell Transplantation from HLA-Matched and Haploidentical Donors with Post-Transplantation Cyclophosphamide,Spain,EU,retrospective_cohort,single,1,2017,2022,post_2018,39,NR,NR,Y,none,NR,English,Y,N,,RL,PEND,2026-05-26,PEND,Single-center Valencia Spain CMV-focused study. All three arms receive PTCy + sirolimus + MMF as GVHD prophylaxis (uniform regimen). No ATG used per Methods. Pre-letermovir era — patients receiving letermovir prophylaxis explicitly excluded. Cohort_label assigned per prompt instruction (Chorao_Portuguese_single_center) though actual institution is Spanish.
101,Chorao_Portuguese_single_center,Chorao,2026,Transplantation and Cellular Therapy,10.1016/j.jtct.2025.09.019,NR,Chorão et al. 2026 - Bacterial bloodstream infections after hematopoietic cell transplantation with post-transplant cyclophosphamide.pdf,Bacterial Bloodstream Infections After Hematopoietic Cell Transplantation With Post-Transplant Cyclophosphamide,Spain,EU,single_arm_descriptive_excluded,single,1,2017,2023,mixed,45,NR,NR,partial,partial_overlap,100,English,Y,N,,RL,PEND,2026-05-26,PEND,"Same Chorão Hospital La Fe Valencia (Spain) single-center cohort as study 100; cohort_label per prompt is 'Chorao_Portuguese_single_center' (note: institution actually Spanish, not Portuguese — first author Chorão is Portuguese-named). Primary publication for BSI outcomes in this cohort. N=456 adult HCT recipients 2017-2023, all received uniform PTCy + sirolimus + MMF GVHD prophylaxis across MSD (40%), MUD (34%), and haploidentical (26%) donors. SINGLE-ARM DESCRIPTIVE — no comparator arm, no PTCy vs non-PTCy contrast. Per spec, protocol-excluded from outcome extraction but tracked for PRISMA. Median age 55 (18-72), 63% acute leukemia, 38% MAC/62% RIC, 94% PBSC. Quinolone prophylaxis (ciprofloxacin or levofloxacin) during neutropenia. Key BSI findings (not extracted as outcomes per single-arm exclusion): 2-year CI BSI 28% (95%CI 24-32); 30-d 20%; median time to first BSI 11 d; 60% gram-negative; haploidentical donor independent risk factor for early BSI; aGVHD II-IV independent risk factor for BSI after d+30. Cohort row NOT emitted here — to be emitted by study 100 (primary cohort definition paper)."
104,1039,Cooper DL,2021,Bone Marrow Transplantation,10.1038/s41409-020-01144-2,NR,"Cooper DL et al. 2021 - Incorporation of posttransplant cyclophosphamide ... ll allogeneic transplants - a retrospective, single institution study.pdf","Incorporation of posttransplant cyclophosphamide as part of standard immunoprophylaxis for all allogeneic transplants: a retrospective, single institution study",USA,,retrospective_cohort,single,1,2014,2018,mixed,35.9,NR,NR,Y,none,,English,Y,N,,RL,PEND,2026-05-26,PEND,"Era stratification: PTCy arm (Apr 2016-Apr 2018, median FU 1092d=35.9mo) vs SIP arm (Jan 2014-Apr 2016, median FU 1796d=59.0mo). SIP arm excludes high-DRI patients (25 removed from original 66) to balance disease risk; PTCy arm includes all DRIs. SIP arm contains heterogeneous ATG/alemtuzumab use (42.5%). Only MSD/MUD/7-8 MUD - no haplo, no UCB."
105,1040,Curtis DJ,2025,New England Journal of Medicine,10.1056/NEJMoa2503189,NR,Curtis et al. 2025 - Graft-versus-Host Disease Prophylaxis with Cyclophosphamide and Cyclosporin.pdf,Graft-versus-Host Disease Prophylaxis with Cyclophosphamide and Cyclosporin,Australia/New Zealand,Oceania,RCT,multi,10,2019,2024,post_2018,36.1,13,NR,Y,none,,English,Y,N,,RL,PEND,2026-05-26,PEND,ALLG BM12 CAST phase 3 RCT. PTCy-CSA vs CSA-MTX. MSD only. PBSC. Mixed MAC/RIC. No ATG. Letermovir not available during enrollment - institutions used preemptive monitoring or high-dose acyclovir/low-dose valgan/ganciclovir prophylaxis. Median potential follow-up 36.1 mo (IQR 26.5-43.5). Min follow-up 13 mo for event-free patients.
107,1041,Dachy,2023,Bone Marrow Transplantation,10.1038/s41409-023-02033-0,NR,Dachy et al. 2023 - GVHD prophylaxis with post-transplant cyclophosphami ... nt reduction compared to antithymocyte globulin in 10 - 10 HLA-m[...].pdf,GVHD prophylaxis with post-transplant cyclophosphamide results in lower incidence of GVHD and allows faster immunosuppressive treatment reduction compared to antithymocyte globulin in 10/10 HLA-matched unrelated allogeneic hematopoietic cell transplantation,France,EU,retrospective_cohort,single,1,2014,2021,mixed,NR,NR,NR,Y,partial_overlap,Possible partial overlap with IPC publications by Nykolyszyn 2020 and Pagliardini 2019 (different donor strata).,English,Y,N,,RL,PEND,2026-05-26,PEND,"Brief Comment article (3 pages main text). Follow-up reported per-arm: PT-Cy median 19 mo (95%CI 17-24), ATG median 52 mo (95%CI 47-60). Baseline characteristics in Supplementary Table 1 (not extracted in PDF). Conditioning differs: PT-Cy 100% TBF (NMAC 70%, RIC 17%, MAC 13%); ATG 100% FB2 (RIC). Affiliations all French (Institut Paoli-Calmettes, Marseille); Belgian Hematology Society acknowledged in acknowledgements only, not authoring institution."
108,1013,Desai N,2024,European Journal of Haematology,10.1111/ejh.14258,NR,Desai N et al. 2024 - Letermovir as secondary prophylaxis of cytomegalovirus reactivation post-allogeneic hematopoietic stem cell transplantation - real world data.pdf,Letermovir as secondary prophylaxis of cytomegalovirus infection after allogeneic hematopoietic cell transplantation: A single center experience,Canada,,single_arm_descriptive_excluded,single,1,2020,2023,post_2018,9.4,1,24.9,N,partial_overlap,NR,English,Y,N,,RL,PEND,2026-05-26,PEND,"Single-arm descriptive study of letermovir secondary prophylaxis at Princess Margaret Cancer Centre (April 2020-May 2023) in 39 high-risk patients who had at least one treated CMV episode post-HCT. 82% received ATG, 69% received ATG+PTCy combo (in vivo dual T-cell depletion), 31% haploidentical. No PTCy vs non-PTCy comparator arm structure. The only contrast (Figure 2) is letermovir secondary prophylaxis vs primary-prophylaxis-only patients with breakthrough CMV who did not receive secondary prophylaxis — not a PTCy vs non-PTCy comparison. Protocol-excluded as single-arm descriptive (no PTCy contrast). Tracked for PRISMA. Cohort linked to Princess Margaret Toronto (cohort_id 1013), though enrollment window (2020-2023) is later than Michelis 2018 (2014-2017); likely a separate but overlapping institutional cohort."
109,1042,Desai N,2025,Transplantation and Cellular Therapy,10.1016/j.jtct.2025.07.010,NR,Desai N et al. 2025 - Effect of Anti-Thymocyte Globulin and Post-Transpl ... e Recipient Matched Unrelated Donor Allogeneic Stem Cell Transpl[...].pdf,Effect of Anti-Thymocyte Globulin and Post-Transplant Cyclophosphamide on Graft-Versus-Host Disease Outcomes in Female Donor-to-Male Recipient Matched Unrelated Donor Allogeneic Stem Cell Transplantation for Acute Leukemia,Canada/USA,,retrospective_cohort,multi,NR,2015,2023,mixed,28.4,NR,NR,Y,partial_overlap,1013;1008,English,Y,N,,RL,PEND,2026-05-26,PEND,"Title in prompt incorrectly referenced 'CMV Reactivation' - actual paper title is about GVHD outcomes in F->M MUD HSCT. Paper compares PMH ATG-PTCy-CNI vs CIBMTR CNI-MTX/MMF. Primary outcomes are GVHD (acute and chronic), not CMV. Follow-up: PMH median 28.4 mo (IQR 10-55), CIBMTR median 36.6 mo (IQR 24-48). Median ATG dose 2.5 mg/kg."
110,1043,Desai N,2025,European Journal of Haematology,10.1111/ejh.14430,NR,Desai N et al. 2025 - Outcomes of Allogeneic Hematopoietic Stem Cell Transplantation for Myelodysplastic - Myeloproliferative Overlap Neoplasms.pdf,Outcomes of Allogeneic Hematopoietic Stem Cell Transplantation for Myelodysplastic/Myeloproliferative Overlap Neoplasms,Canada,,retrospective_cohort,single,1,2010,2023,mixed,44.4,NR,NR,Y,none,NR,English,Y,N,,RL,PEND,2026-05-26,PEND,Single-center retrospective MDS/MPN overlap cohort (n=75) from Princess Margaret Toronto. PTCy stratification reported throughout (PTCy n=53 vs Others n=22). UHN center adopted PTCy as standard from 2015. ATG+PTCy in 44/53 PTCy patients.
111,1044,Desai N,2025,Blood Advances,10.1182/bloodadvances.2024014781,NR,Desai N et al. 2025 - PTCy-based graft-versus-host disease prophylaxis for matched sibling donor allogeneic hematopoietic cell transplantation.pdf,PTCy-based graft-versus-host disease prophylaxis for matched sibling donor allogeneic hematopoietic cell transplantation,Canada,,retrospective_cohort,single,1,2010,2023,mixed,54,NR,NR,Y,partial_overlap,1013;1042;1043,English,Y,N,,RL,PEND,2026-05-26,PEND,"Median FU 54 mo (IQR 25-96) for survivors. Group-specific FU: Group I 39 mo (9-98), Group II 25 mo (13-36), Group III 46 mo (8-61), Group IV 15 mo (9-28). PTCy backbone standardized after Oct 2015. ATG dose mostly 2 mg/kg total but 56 patients (47 with PTCy) Aug 2016-Jul 2018 got 4.5 mg/kg total. Letermovir prophylaxis used in only 15 patients (3.6%, all in group II per Table 1)."
112,1008,Desai N,2026,British Journal of Haematology,10.1111/bjh.70269,NR,Desai N et al. 2026 - Impact of graft-versus-host disease prophylaxis st ... onor allogeneic haematopoietic cell transplantation - A propensi[...].pdf,Impact of graft-versus-host disease prophylaxis strategies on GvHD-free/relapse-free survival in young adults undergoing unrelated donor allogeneic haematopoietic cell transplantation: A propensity score-matched analysis,USA,,retrospective_cohort,registry,NR,2017,2021,post_2018,NR,NR,NR,partial,overlap_subset_of,"Shaffer 2024 (CIBMTR P-5891 dataset, parent publication)",English,Y,N,,RL,PEND,2026-05-26,PEND,"Secondary analysis of publicly available CIBMTR dataset (P-5891, Shaffer et al. JCO 2024) restricted to young adults aged 18-39. MUD/MMUD HSCT for AML/ALL/MDS. N=1387 across 3 arms (PTCy-CNI-MMF n=306, CNI-MTX/MMF n=686, CNI-MTX/MMF+ATG n=395). Subset of CIBMTR cohort 1008 (CIBMTR_MUD_MMUD_Shaffer). Note: prompt mentioned MRD but paper is MUD/MMUD young adult subset."
118,1024,Dholaria,2021,J Hematol Oncol,10.1186/s13045-021-01086-2,NR,Dholaria B et al. 2021 - Allogeneic hematopoietic cell transplantation with cord blood versus mismatched unrelated donor with post-transplant cyclophosphamide in acute myeloid leukemia.pdf,Allogeneic hematopoietic cell transplantation with cord blood versus mismatched unrelated donor with post-transplant cyclophosphamide in acute myeloid leukemia,multinational,multinational,registry,registry,NR,2010,2019,mixed,NR,NR,NR,partial,partial_overlap,NR,English,Y,N,,RL,PEND,2026-05-26,PEND,"EBMT ALWP retrospective registry study (cohort_id 1024). Two arms: CBT without PTCy (N=902) vs single-allele 9/10 MMUD with PTCy (N=280) in adults with AML, 2010-2019. Follow-up median 19.1 mo (MMUD) vs 46.8 mo (CBT). Only the MMUD arm is a PTCy arm; CBT is the comparator. 26% of MMUD received ATG in addition to PTCy (dual TCD). Conference abstract from 2020 ASH (not the extraction subject). Acute GVHD reported at 6 months (D+180) not D+100. Primary publication for MMUD-PTCy vs CBT outcomes within the EBMT ALWP cluster."
119,1045,Doppelhammer,2019,Annals of Hematology,10.1007/s00277-019-03593-2,NR,Doppelhammer M et al. 2019 - Comparable outcome after haploidentical and HLA-matched allogeneic stem cell transplantation for high-risk acute myeloid leukemia following sequential conditioning.pdf,Comparable outcome after haploidentical and HLA-matched allogeneic stem cell transplantation for high-risk acute myeloid leukemia following sequential conditioning-a matched pair analysis,Germany,EU,retrospective_cohort,multi,2,2009,2016,pre_2018,35,4,95,Y,none,,English,Y,N,,RL,PEND,2026-05-26,PEND,"Matched-pair analysis (1:1) on disease stage, ELN genetics, age (+/-5y). Two LMU-affiliated centers. Sequential conditioning (FLAMSA-RIC) standard at both centers regardless of donor. Haplo received either clofarabine-based or FLAMSA-based cytoreduction; HLA-matched uniformly FLAMSA. ATG used only in HLA-matched arm; PTCy used only in haplo arm."
120,1046,Dreger,2019,Blood Advances,10.1182/bloodadvances.2018027748,NR,Dreger P et al. 2019 - PTCy-based haploidentical vs matched related or unrelated donor reduced-intensity conditioning transplant for DLBCL.pdf,PTCy-based haploidentical vs matched related or unrelated donor reduced-intensity conditioning transplant for DLBCL,multinational,multinational,retrospective_cohort,registry,206,2008,2015,pre_2018,49,2,100,Y,none,,English,Y,N,,RL,PEND,2026-05-26,PEND,"Joint EBMT LWP + CIBMTR Lymphoma WC retrospective registry study of NMC/RIC alloHCT in DLBCL 2008-2015. Four arms: haplo-PTCy (n=132), MSD (n=525), MUD TCD+ (n=403, with ATG/alemtuzumab), MUD TCD- (n=378). All non-PTCy arms received CNI-based prophylaxis. Median follow-up of survivors 4.1 years (range 1.0-6.1) overall; per-arm ranges given in Table 1 (49 mo haplo, 48 mo MSD, 49 mo MUD TCD+, 39 mo MUD TCD-). N_centers reported in Table 1: 24+86+45+51=206. Patient-level overlap of MUD TCD+ arm (some EBMT centers used alemtuzumab/ATG) not enumerated separately. Region marked multinational (EU + NA: CIBMTR US/Canada + EBMT primarily European)."
122,1047,Dybko J,2023,International Journal of Molecular Sciences,10.3390/ijms24065764,NR,Dybko J et al. 2023 - The Benefits of the Post-Transplant Cyclophosphami ... ched Unrelated Donor Setting in Allogeneic Stem Cells Transplantation.pdf,The Benefits of the Post-Transplant Cyclophosphamide in Both Haploidentical and Mismatched Unrelated Donor Setting in Allogeneic Stem Cells Transplantation,Poland,EU,retrospective_cohort,multi,3,2015,2019,mixed,NR,NR,NR,partial,partial_overlap,"123,124",English,Y,N,,RL,PEND,2026-05-26,PEND,"Paper self-describes as 'single-centered, retrospective study' but Methods state 'transplanted between 2015 and 2019 in three different Polish Centres' (Wroclaw, Gliwice, Poznan); treated as multicenter. Outcome timepoints reported are mostly cumulative through 5-year OS analysis; no D+100 or 1-year specific timepoints reported for CMV/aGvHD/cGvHD - reported as overall study-period crude proportions. CMV reactivation timing reported as median ~34-38 days post-transplant. User-provided PDF title in prompt conflated 'Evaluating the Impact...CMV Reactivation' (the 2023 Dybko systematic review title, jcm12247765) with 'PALG Real-World Analysis' subtitle (which actually belongs to the Dybko 2024 PALG paper, jcm13123569). Extracted the 2023 IJMS 'Benefits of PTCy' paper as the closest matching primary research paper that compares PTCy vs ATG with CMV outcomes; cohort_label PALG_Polish_registry assigned per prompt."
123,1047,Dybko J,2023,Int J Mol Sci,10.3390/ijms24065764,NR,Dybko J et al. 2023 - The Benefits of the Post-Transplant Cyclophosphami ... ched Unrelated Donor Setting in Allogeneic Stem Cells Transplantation.pdf,The Benefits of the Post-Transplant Cyclophosphamide in Both Haploidentical and Mismatched Unrelated Donor Setting in Allogeneic Stem Cells Transplantation,Poland,EU,retrospective_cohort,multi,3,2015,2019,mixed,NR,NR,NR,partial,partial_overlap,122,English,Y,N,,RL,PEND,2026-05-26,PEND,"Single-center described in abstract but Methods (4.1) state 3 Polish centres. Three-arm structure (haplo-PTCy, MMUD-PTCy, MMUD-ATG) is analyzed by collapsing into 2 immunosuppression groups for primary comparison. Survival OR=8.31 reported for MMUD-PTCy vs MMUD-ATG. PALG Polish registry sibling of Dybko 2024 study_id 122."
124,1047,Dybko J,2024,Journal of Clinical Medicine,10.3390/jcm13123569,NR,Dybko et al. 2024 - Optimizing Outcomes in Mismatched Unrelated Donor Allogeneic Hematopoietic Stem Cell Transplantation - The Role of Post-Transplant Cyclophosphamide in Graft versus Host Disease Prevention.pdf,Optimizing Outcomes in Mismatched Unrelated Donor Allogeneic Transplantation: Post-Transplant Cyclophosphamide's Dual Impact on Graft versus Host Disease Incidence and Overall Survival: Retrospective Analysis on Behalf of Polish Adult Leukemia Group,Poland,EU,retrospective_cohort,multi,3,2015,2019,mixed,8.5,3,83.6,partial,partial_overlap,"122,123",English,Y,N,,RL,PEND,2026-05-26,PEND,"Same PALG Polish cohort as study_ids 122 and 123 (Dybko 2023 IJMS). Three arms: PTCy-haplo (n=114), PTCy-MMUD (n=23), ATG-MMUD (n=37). All PBSC. Follow-up median 8.5 months (alive at end of study); broader for full cohort. cohort_id 'NEW_PALG_Polish_registry' will be reassigned by consolidator."
133,1048,Esquirol A,2020,Annals of Hematology,10.1007/s00277-019-03870-0,NR,Esquirol A et al. 2020 - When an HLA identical donor is not available in adults with hematological neoplasms - single-center comparison of single-unit cord blood transplantation and haploidentical-related PBSC transplantation.pdf,When an HLA identical donor is not available in adults with hematological neoplasms: single-center comparison of single-unit cord blood transplantation and haploidentical-related PBSC transplantation with PTCy using a standardized conditioning platform (thiotepa-busulfan-fludarabine),Spain,EU,retrospective_cohort,single,1,2005,2017,pre_2018,NR,1,151,Y,partial_overlap,134,English,Y,N,,RL,PEND,2026-05-26,PEND,"Median follow-up reported separately per arm (25 mo Haplo, 83 mo UCBT). Outcomes censored at 4 yr (50 mo). HaploHCT n=30, UCBT n=47. Conditioning TBF in both arms. UCBT used ATG + CSA/prednisone or MMF; HaploHCT used PTCy + tacrolimus."
134,1049,Esquirol A,2021,Bone Marrow Transplantation,10.1038/s41409-021-01328-4,NR,Esquirol A et al. 2021 - Severe infections and infection-related mortality in a large series of haploidentical hematopoietic stem cell transplantation with post-transplant cyclophosphamide.pdf,Severe infections and infection-related mortality in a large series of haploidentical hematopoietic stem cell transplantation with post-transplant cyclophosphamide,Spain,EU,retrospective_cohort,multi,6,2013,2018,mixed,37,12,82,Y,partial_overlap,"1019,1020",English,Y,N,,RL,PEND,2026-05-26,PEND,"Single-arm haplo-PTCy descriptive cohort (no comparator). Spanish GETH 6-center retrospective. Focus on severe infections, IRM. Median follow-up 37 mo (survivors); range stated as 1-82 in table but 12-82 in text for survivors."
136,1050,Fox ML,2024,Bone Marrow Transplantation,10.1038/s41409-024-02322-2,NR,Fox ML et al. 2024 - Post-transplant cyclophosphamide compared to siroli ... sity conditioning transplants for patients with lymphoid malignancies.pdf,Post-transplant cyclophosphamide compared to sirolimus/tacrolimus in reduced intensity conditioning transplants for patients with lymphoid malignancies,Spain,EU,retrospective_cohort,multi,8,2012,2020,mixed,NR,NR,NR,Y,none,NR,English,Y,N,,RL,PEND,2026-05-26,PEND,"Spanish GETH-TC multicenter retrospective study, lymphoid malignancies (NHL/HL/MM), RIC. PTCY (n=82) vs SIR/TAC (n=89). Haplo and UCB excluded. Median follow-up reported separately by arm: 23 mo (PTCY) vs 78.6 mo (SIR/TAC). Comparison: PTCy vs non-PTCy CNI/Sir-based, primarily MRD/MUD context; Comparison 2 eligible (not haplo). Primary endpoint GRFS."
137,1051,Fox ML,2026,Transplantation and Cellular Therapy,10.1016/j.jtct.2026.01.013,NR,Fox ML et al. 2026 - Haploidentical Donor versus Mismatched Unrelated Donor in Reduced-Intensity Conditioning Allogeneic Stem Cell Transplantation.pdf,Haploidentical Donor versus Mismatched Unrelated Donor in Reduced-Intensity Conditioning Stem Cell Transplantation: A GETH-TC Study,Spain,EU,retrospective_cohort,multi,12,2012,2022,mixed,47.7,NR,NR,Y,partial_overlap,"possible overlap with cohort 1019 (Bailen GETH MUD/mMUD), cohort 1020 (GETH-TC AML PTCy), and possibly study 136 (Vall d'Hebron); adjudicate at consolidation",English,Y,N,,RL,PEND,2026-05-26,PEND,"GETH-TC/EBMT 12-center retrospective comparing HAPLO (n=330), MMUD-PTCy (n=49), MMUD-OTHERS (n=74). Note that two MMUD-OTHERS sample sizes appear in paper: N=74 in Table 1 baseline but N=79 in Table 3 outcomes; Methods text states 'A total of 330 HAPLO, 49 MMUD-PTCy, and 76 MMUD-OTHERS HSCTs'. Used N=74 for arm n_patients per Table 1 baseline characteristics; outcome denominators use 79 per Table 3 (extraction uses Table 1 baseline). Possible Vall d'Hebron subset overlap with study 136."
140,1052,Fuchs EJ,2021,Blood,10.1182/blood.2020007535,NR,Fuchs E.J. et al. 2021 - Double unrelated umbilical cord blood vs HLA-haploidentical bone marrow transplantation - the BMT CTN 1101 trial.pdf,Double unrelated umbilical cord blood vs HLA-haploidentical bone marrow transplantation: the BMT CTN 1101 trial,USA,,RCT,multi,33,2012,2018,pre_2018,24,NR,NR,Y,none,,English,Y,N,,RL,PEND,2026-05-26,PEND,"ITT analysis: 186 randomized to dUCB / 182 to haplo-BM. Outcome denominators per ITT (Fig 6, KM/CIF curves). For Fig 3-5 (engraftment/GVHD) outcomes the paper reports n=175 (dUCB) and n=167 (haplo) at-risk patients (those actually transplanted on assigned arm); we used these as denominator_n for engraftment and GVHD outcomes as per source figure. Median follow-up among survivors 24 months (IQR 23-25) both arms."
141,1053,Galli E,2022,Supportive Care in Cancer,10.1007/s00520-022-06916-8,NR,Galli E et al. 2022 - Hemorrhagic cystitis in allogeneic stem cell transplantation - a role for age and prostatic hyperplasia.pdf,Hemorrhagic cystitis in allogeneic stem cell transplantation: a role for age and prostatic hyperplasia,Italy,EU,retrospective_cohort,single,1,2017,2020,post_2018,NR,NR,NR,Y,none,,English,Y,N,,RL,PEND,2026-05-26,PEND,"Single-center Gemelli Rome retrospective cohort. PTCy vs MTX triple prophylaxis (both with CsA+MMF). Conditioning predominantly TT-Bu-Flu (76% MAC). Primary endpoint is hemorrhagic cystitis. Most reported outcomes stratified by HC status, not by arm; per-arm extraction limited to HC incidence and overall denominators. aGVHD II-IV and NRM reported but not separately by GVHD-prophylaxis arm."
142,1016,Gantner,2026,Bone Marrow Transplantation,10.1038/s41409-026-02827-y,NR,Gantner et al. 2026 - Haploidentical transplantation with post-transplan ... 10-MUD transplantation with ATG in patients with myeloid malignancies.pdf,Haploidentical transplantation with post-transplant cyclophosphamide is not inferior to 9/10-MUD transplantation with ATG in patients with myeloid malignancies,Germany,EU,registry,multi,48,2009,2020,mixed,NR,NR,NR,partial,partial_overlap,33,English,Y,N,,RL,PEND,2026-05-26,PEND,"PROMPT MISMATCH: Subagent prompt described an SAA paper (Gantner 2026 - SAA haplo+PTCy vs 10/10 MUD); the actual Gantner 2026 PDF in the corpus is myeloid malignancies (AML/MDS) haplo+PTCy vs 9/10-MUD+ATG, German DRST registry, 1413 patients across 48 centers 2009-2020. Comparator is 9/10-MUD (NOT 10/10 MUD), so comparison_2_eligible (MMUD) applies, not comparison_1. Cohort 1016 (DRST_German_registry) per description compares haplo vs 10/10 MUD; this paper covers haplo vs 9/10 MUD stratum of same DRST registry - flagged as partial_overlap with study 33 (Arslan 2023 DRST). Consolidator may want to split cohort 1016 into stratum-specific cohorts or expand the description."
144,1054,Gao M,2025,Annals of Hematology,10.1007/s00277-024-06051-w,NR,Gao M. et al. 2025 - Similar outcomes between HLA-haploid and matched sibling donor transplant in severe aplastic anemia and refractory cytopenia.pdf,"Similar outcomes between HLA-haploid and matched sibling donor hematopoietic stem cell transplantation: a multicenter, retrospective study and severe aplastic anemia transplant-specific prognostic scoring system",China,Asia,retrospective_cohort,multi,4,2016,2020,post_2018,26.5,2,117,Y,partial_overlap,NR,English,Y,N,,RL,PEND,2026-05-26,PEND,"SAA-only disease-specific study. Two arms: MSD-HSCT (n=39) and haplo-HSCT (n=117). GVHD prophylaxis is heterogeneous within each arm: ATG-based, PT-CY-based, ATG+MSCs. Only 4/39 (10.3%) of MSD arm and 31/117 (26.5%) of haplo arm received PT-CY-based prophylaxis. Outcomes are NOT stratified by GVHD prophylaxis subtype — only by donor type. This is a haplo vs MSD comparison in SAA with mixed PTCy/ATG prophylaxis."
146,1055,Garcia-Horton A,2026,Transplantation and Cellular Therapy,10.1016/j.jtct.2026.03.025,NR,Garcia-Horton et al. 2026 - GVHD prophylaxis with ATG and PTCy versus PT ... d regimens in haploidentical stem cell transplantation - A CTTC study.pdf,GVHD Prophylaxis With ATG and PTCy Versus PTCy-Based Regimens in Haploidentical Stem Cell Transplantation: A CTTC Study,Canada,,retrospective_cohort,multi,11,2016,2023,mixed,NR,NR,NR,Y,partial_overlap,"PMHCC ATG-PTCy arm may overlap with Law 2018, Salas 2021, and PMH cohorts 1013/1042/1043",English,Y,N,,RL,PEND,2026-05-26,PEND,"Canadian CTTC registry, 11 centers. ATG-PTCy entirely from PMHCC; PTCy-only from other centers. Comparison 3 within-PTCy variant (ATG-PTCy vs PTCy). Follow-up duration not explicitly stated in main text."
147,1056,Ge S,2025,Current Oncology,10.3390/curroncol32020118,NR,Ge S et al. 2025 - Outcomes of Allogeneic Stem Cell Transplant in Patients with Relapsed - Refractory Hodgkin Lymphoma.pdf,Outcomes of Allogeneic Stem Cell Transplant in Patients with Relapsed/Refractory Hodgkin Lymphoma,Canada,,single_arm_descriptive_excluded,single,1,2016,2024,mixed,NR,NR,NR,Y,none,,English,Y,N,,RL,PEND,2026-05-26,PEND,"Single-arm descriptive paper (no comparator arm, no PTCy stratification — paper reports 21 R/R HL alloSCT patients as a single cohort with subgroup analysis by prior PD-1 inhibitor exposure, NOT by GVHD prophylaxis). 18/21 (86%) received PTCy/tacro/MMF; 3/21 (14%) received ATG/CNI/MMF, but no comparative outcomes are reported between these groups. Protocol-excluded per single_arm_descriptive_excluded but tracked for PRISMA. PROMPT MISMATCH: prompt described this paper as 'R/R AML — sequential conditioning' but the actual PDF is for R/R Hodgkin Lymphoma with NMA Flu/Cy/TBI 200 conditioning (not sequential). No sequential conditioning reported. No outcome rows extracted per single_arm_descriptive_excluded rule."
151,1024,Giebel S,2023,Cancer,10.1002/cncr.35004,NR,Giebel et al. 2023 - Cancer - 2023 - Giebel - Posttransplant cyclophosphamide versus antithymocyte globulin in patients with acute lymphoblastic.pdf,Posttransplant cyclophosphamide versus antithymocyte globulin in patients with acute lymphoblastic leukemia treated with allogeneic hematopoietic cell transplantation from matched unrelated donors: A study from the Acute Leukemia Working Party of the European Society for Blood and Marrow Transplantation,multinational,multinational,registry,registry,NR,2015,2020,mixed,NR,NR,NR,partial,partial_overlap,EBMT_ALWP_cluster,English,Y,N,,RL,PEND,2026-05-26,PEND,"EBMT ALWP registry study of ALL CR1 patients undergoing 10/10 MUD allo-HCT, 2015-2020. NOTE: Prompt indicated 'R/R ALL' but the paper actually covers ALL in first complete remission (CR1), not relapsed/refractory ALL. The PDF in Paperpile labeled 'relapsed/refractory ALL' is the same Cancer 2023 paper (DOI 10.1002/cncr.35004) which is ALL CR1. Median follow-up: PTCy 19mo, ATG 24mo. Primary endpoint LFS. PTCy group n=117, ATG group n=779."
152,1057,Gimenez E,2025,Transplant Infectious Disease,10.1111/tid.70089,NR,Gimenez E. et al. 2025 - Adenovirus Burden in Allogeneic Hematopoietic S ... onitoring Versus Symptoms-Based Testing-A Cost-Effectiveness Analysis.pdf,Adenovirus Burden in Allogeneic Hematopoietic Stem Cell Transplantation: Monitoring Versus Symptoms-Based Testing—A Cost-Effectiveness Analysis,Spain,EU,single_arm_descriptive_excluded,single,1,2020,2024,post_2018,12,6,12,Y,none,,English,Y,N,,RL,PEND,2026-05-26,PEND,"Single-arm descriptive — 97% of cohort received PTCy (Pt-Cy/Sir-MMF n=123 [94%] + Pt-Cy/CsA-MMF n=4 [3%]) without a non-PTCy comparator. The two analytic arms in this paper (monitoring n=77 vs symptom-based testing n=54) differ only in AdV surveillance strategy, not in GVHD prophylaxis or transplant treatment. Both arms are predominantly PTCy. Paper excluded from outcome extraction per spec rule for single_arm_descriptive cohorts with no PTCy contrast. Tracked for PRISMA. Cohort is from Hospital Clinic Universitario de Valencia (INCLIVA / Piñana / Solano / Navarro group) — distinct from Hospital Universitari i Politecnic La Fe Valencia in cohorts 1019 and 1038."
155,1058,Girmenia C,2025,Open Forum Infectious Diseases,10.1093/ofid/ofaf233,NR,Girmenia C. et al. 2025 - The Changing Impact of Human Cytomegalovirus S ... splantation - An Italian Prospective Multicenter Survey in the E[...].pdf,The Changing Impact of Human Cytomegalovirus Serology and Infection on Patient Outcome After Allogeneic Hematopoietic Stem Cell Transplantation: An Italian Prospective Multicenter Survey in the Era of Letermovir Prophylaxis,Italy,EU,single_arm_descriptive_excluded,multi,42,2021,2022,post_2018,12,NR,NR,Y,none,,English,Y,N,,RL,PEND,2026-05-26,PEND,"EXCLUDED from PTCy contrast extraction: paper stratifies the 1310-patient cohort by letermovir prophylaxis (LET-PP yes n=879 vs no n=431), not by PTCy vs non-PTCy. PTCy is used in 525/1310 (40.9%) overall (395 in LET-PP arm, 130 in non-LET-PP arm) and is included as a covariate in univariate/multivariate Cox/Fine-Gray models but PTCy was NOT statistically significant for CS-HCMV-i risk in either LET-PP stratum (HR 1.25, P=.19 in LET-PP; HR 1.25, P=.40 in no LET-PP) and outcomes are NOT reported separately for PTCy vs non-PTCy arms. No PTCy vs comparator contrast is constructable from reported data. Per spec, single-arm descriptive without PTCy contrast -> study_design=single_arm_descriptive_excluded, skip outcome extraction; tracked for PRISMA. Key cohort-level findings: CS-HCMV-i CI at D+100 = 3.8% (LET-PP) vs 14% (no LET-PP); at D+180 = 16% (LET-PP) vs 17% (no LET-PP). 1-year OS = 81.1% overall (80.9% LET-PP, 81.4% no LET-PP). HCMV end-organ disease 10/1310 (0.8%)."
158,1001,Goldsmith SR,2016,Haematologica,10.3324/haematol.2016.149880,NR,"Goldsmith SR et al. 2016 - Cytomegalovirus viremia, disease, and impact ... atopoietic cell transplantation with post-transplant cyclophosphamide.pdf","Cytomegalovirus viremia, disease, and impact on relapse in T-cell replete peripheral blood haploidentical hematopoietic cell transplantation with post-transplant cyclophosphamide",USA,,retrospective_cohort,single,1,NR,NR,pre_2018,7.2,0.2,58.4,N,partial_overlap,"4,8",English,Y,N,,RL,PEND,2026-05-26,PEND,"Letter to the Editor (Haematologica 2016;101:e465-e468). Single-center retrospective study at Washington University, St. Louis, of 138 haplo-HCT recipients with PBSC graft and PTCy. Per skill bundle instructions, assigned to CIBMTR HaploCy cluster (cohort 1001) as precursor/overlapping with Goldsmith 2021 (study 4, primary for CMV) and study 8. Cohort stratified by post-transplant CMV viremia (yes n=80 vs no n=58); both arms received same PTCy-based regimen; this is a single-arm PTCy study with stratification by CMV viremia, not by GVHD prophylaxis. Median follow-up 220 days for all patients (441 days for alive). Enrollment years not explicitly given but era inferred pre-2018."
162,1059,Gronvold BL,2024,eJHaem,10.1002/jha2.842,NR,Gronvold B.L. et al. 2024 - Allogeneic stem cell transplant recipients surviving at least 2 years without relapse - outcome and risk factors.pdf,Allogeneic stem cell transplant recipients surviving at least 2 years without relapse: outcome and risk factors,Norway,EU,single_arm_descriptive_excluded,single,1,2005,2019,mixed,74.4,24,193.2,Y,none,,English,Y,N,,RL,PEND,2026-05-26,PEND,"Single-center Norwegian (Oslo) retrospective cohort of 421 2-year survivors from 1000 transplanted 2005-2019. PTCy used in only 17/421 patients (4%, haploidentical donors with CsA+MMF). NO PTCy-vs-comparator stratification reported. Outcomes (OS, NRM, relapse, cause-of-death analysis) reported only for entire cohort with multivariate risk factor analyses; PTCy is not analyzed as a covariate in the published models (GVHD prophylaxis category was tested in univariate but not significant in MVA per text). Paper is protocol-excluded as single_arm_descriptive: no PTCy contrast structure, mixed GVHD prophylaxis predominantly CsA+MTX. Tracked for PRISMA. Outcomes block intentionally empty per spec."
163,1060,Grosso,2020,Biology of Blood and Marrow Transplantation,10.1016/j.bbmt.2020.06.021,NR,Grosso D et al. 2020 - Low Nonrelapse Mortality after HLA-Matched Relate ... versus-Host Disease Prophylaxis and the Potential Impact of Non-[...].pdf,Low Nonrelapse Mortality after HLA-Matched Related 2-Step Hematopoietic Stem Cell Transplantation Using Cyclophosphamide for Graft-versus-Host Disease Prophylaxis and the Potential Impact of Non-Cyclophosphamide-Exposed T Cells on Outcomes,USA,,single_arm_descriptive_excluded,single,1,2008,2018,mixed,63,12,132,Y,none,,English,Y,N,,RL,PEND,2026-05-26,PEND,"Single-arm prospective phase II trial (NCT01315132). No comparator arm. Per spec, single_arm_descriptive_excluded - tracked for PRISMA but no outcome extraction. Prompt suggested RIC but the paper explicitly describes a myeloablative regimen with 12 Gy TBI. PTCy dose is 60 mg/kg/day x 2 (non-standard); given as bidirectional tolerization between two graft components (after step 1 DLI, before step 2 CD34-selected graft). Outcomes summary from paper: 1yr OS 89.1%, 5yr OS 65.8%; 1yr NRM 4.3%, 5yr NRM 4.3% (only 2 NRM events at d+38 and d+187); aGVHD II-IV CI 13% at 1yr/5yr (4 grade II, 2 grade III, no grade IV); cGVHD CI 9% at 1/2/5yr; CI relapse 23.9% 1yr, 45.7% 5yr; CMV reactivation 22% at d+100 (10/46), no CMV disease; BK 3/46, HHV-6 2/46, no EBV/adenovirus, no infectious deaths."
166,1061,Guo W,2026,Leukemia & Lymphoma,10.1080/10428194.2026.2645932,NR,Guo W et al. 2026 - Reduced-dose anti-thymocyte globulin combined with post-transplant cyclophosphamide for GVHD prophylaxis in haploidentical stem cell transplantation.pdf,Reduced-dose anti-thymocyte globulin combined with post-transplant cyclophosphamide versus standard ATG for graft-versus-host disease prophylaxis in haploidentical hematopoietic stem cell transplantation: a focus on chronic GVHD reduction,China,Asia,retrospective_cohort,single,1,2019,2024,post_2018,38.5,3,82,Y,none,,English,Y,N,,RL,PEND,2026-05-26,PEND,"Two-arm retrospective haplo-HSCT study from Luoyang Central Hospital. Primary outcome cGVHD. ATG-PTCy uses reduced-dose ATG 7.5 mg/kg plus reduced-dose PTCy 20 mg/kg/d x 2 (total 40 mg/kg, lower than standard 50 mg/kg x 2). Comparator is standard ATG 10 mg/kg without PTCy."
167,1062,Haebe S,2023,Cancers (Basel),10.3390/cancers15215246,NR,Haebe S et al. 2023 - PTCY-Based Haploidentical Donor Transplantation ve ... Patients with Refractory or Relapsed Lymphoma-A Matched-Pair Analysis.pdf,PTCY-Based Haploidentical Donor Transplantation versus HLA-Matched Related and Unrelated Donor Transplantations in Patients with Refractory or Relapsed Lymphoma-A Matched-Pair Analysis,Germany,EU,retrospective_cohort,single,1,2000,2017,pre_2018,126,NR,NR,Y,none,,English,Y,N,,RL,PEND,2026-05-26,PEND,"Matched-pair design (16x3=48 patients) from LMU Munich, r/r NHL, median FU >10 yrs. Note paper title in prompt referenced Hodgkin lymphoma but actual paper is non-Hodgkin lymphoma (NHL). Sequential clofarabine-based conditioning before RIC Flu/Mel in haplo arm. Median year of transplant: MRD 2006, URD 2008, haplo 2012."
168,1063,Hamadani M,2022,Blood Advances,10.1182/bloodadvances.2021005899,NR,Hamadani M et al. 2022 - Outcome of allogeneic transplantation for mature T-cell lymphomas - impact of donor source and disease characteristics.pdf,Outcome of allogeneic transplantation for mature T-cell lymphomas: impact of donor source and disease characteristics,multinational,multinational,registry,registry,NR,2008,2018,mixed,38,1,134,Y,partial_overlap,"prior EBMT ALCL allo-HCT analysis (Le Gouill et al, ref 34, n=23 overlap); prior CIBMTR AITL allo-HCT analysis (ref 35, n=144 overlap)",English,Y,N,,RL,PEND,2026-05-26,PEND,EBMT+CIBMTR collaborative registry. PTCy is structural to haplo arm only (haplo-HCT recipients were limited to those receiving PTCy-based GVHD prophylaxis with or without CNI and MMF). MSD/MUD arms used CNI-based prophylaxis without PTCy; MUD TCD+ used in vivo TCD with ATG or alemtuzumab. 3-year follow-up completeness 79.2%. Median follow-up of survivors 38 months (range 1-134).
170,1064,Harada K,2025,Transplantation and Cellular Therapy,10.1016/j.jtct.2024.11.011,NR,Harada K et al. 2025 - Comparison of Nonrelapse Mortality After Haploidentical Hematopoietic Cell Transplantation With Post-Transplant Cyclophosphamide Versus Single Unit Cord Blood Transplantation.pdf,Comparison of Nonrelapse Mortality After Haploidentical Hematopoietic Stem Cell Transplantation With Posttransplant Cyclophosphamide Versus Single Umbilical Cord Blood Transplantation in Hematologic Disease,Japan,Asia,registry,registry,NR,2014,2020,mixed,33,NR,NR,Y,partial_overlap,171,English,Y,N,,RL,PEND,2026-05-26,PEND,"Japanese JDCHCT TRUMP2 registry. Study 171 (Harada 2023 ASH abstract) is preliminary version of same cohort. Median follow-up 1006 days (~33 months) for survivors. PTCy-haplo arm: 93.8% PBSC, 6.2% BM. UCB arms are single-unit UCBT split by median CD34+ cell count (0.84 x 10^5/kg). Three-arm comparison; PTCy-haplo is reference arm for both UCB-H and UCB-L."
178,1065,Huntley D,2020,Transplant Infectious Disease,10.1111/tid.13206,NR,"Huntley D et al. 2020 - Incidence, features, and outcomes of cytomegalov ... stem cell transplantation with post-transplantation cyclophosphamide.pdf","Incidence, features, and outcomes of cytomegalovirus DNAemia in unmanipulated haploidentical allogeneic hematopoietic stem cell transplantation with post-transplantation cyclophosphamide",Spain,EU,retrospective_cohort,multi,4,2012,2018,mixed,NR,NR,NR,Y,partial_overlap,potentially overlaps with cohort 1049 GETH_Esquirol haplo cohort,English,Y,N,,RL,PEND,2026-05-26,PEND,"Multicenter Spanish retrospective study; 4 hospitals contributed haplo PTCy (HCUV, HRUM, HCUS, HGUGM); historical non-PTCy controls from HCUV+HRUM only. Patients all followed through D+365 except 8 (median follow-up 294 days). CMV is primary outcome; OM and NRM analyzed at D+180 and D+365."
180,1066,Iqbal M,2023,Transplantation and Cellular Therapy,10.1016/j.jtct.2023.02.001,NR,Iqbal M et al. 2023 - A Calcineurin Inhibitor Free Graft Versus Host Dis ... and Matched Unrelated Donor Allogeneic Hematopoietic Cell Transplant.pdf,A Calcineurin Inhibitor Free Graft Versus Host Disease Prophylaxis for Patients Undergoing Matched Related and Matched Unrelated Donor Allogeneic Hematopoietic Cell Transplant,USA,,retrospective_cohort,single,1,2018,2021,post_2018,13.2,0,21.6,Y,none,,English,Y,N,,RL,PEND,2026-05-26,PEND,"Single-center Mayo Jacksonville. Two-arm comparative: PTCy-Siro (CNI-free, n=29) vs Tac-MTX (standard, n=87). Both arms eligible for comparison structure. Median FU 1.1 yr (0-1.8 yr) converted to months."
183,1067,Jamy O,2022,Transplantation and Cellular Therapy,10.1016/j.jtct.2022.01.011,NR,Jamy O et al. 2022 - Risk of Cytomegalovirus Infection with Post-Transpl ... ide in Haploidentical and HLA-Matched Unrelated Donor Transplantation.pdf,Risk of Cytomegalovirus Infection with Post-Transplantation Cyclophosphamide in Haploidentical and HLA-Matched Unrelated Donor Transplantation,USA,,retrospective_cohort,single,1,2012,2016,pre_2018,NR,NR,NR,Y,partial_overlap,Jamy 2021 Am J Hematol (ref 9),English,Y,N,,RL,PEND,2026-05-26,PEND,"Three-arm comparison: CNI (no PTCy) vs 1-dose PTCy MRD/MUD vs 2-dose PTCy haplo. 2-yr OS, NRM and relapse reported but no median follow-up duration given. CMV qPCR threshold >500 IU/mL."
184,1068,Jia Y,2025,Annals of Hematology,10.1007/s00277-025-06305-1,NR,Jia Y et al. 2025 - Improved survival in older patients with myeloid mal ... th low-dose anti-thymocyte globin (ATG) - post-cyclophosphamide [...].pdf,Improved survival in older patients with myeloid malignancies undergoing haploidentical peripheral blood stem cell transplantation with low-dose anti-thymocyte globin (ATG)/post-cyclophosphamide (PTCy)-based regimen for graft-versus-host disease prophylaxis,China,Asia,retrospective_cohort,single,1,2016,2023,mixed,29.8,3.4,89.7,Y,partial_overlap,Shanghai General prior publications (Yang 2019 BMT; Xu 2021 BMT; Li 2023 Front Immunol) on younger patients with same low-dose ATG/PTCy regimen,English,Y,N,,RL,PEND,2026-05-26,PEND,"Comparison is donor-type (haplo vs MUD/MSD), not GVHD-prophylaxis. Both arms use PTCy in part: Haplo arm 87/87 (100%) received low-dose ATG/PTCy; MUD/MSD arm 18/40 (45%) received low-dose ATG/PTCy and 22/40 (55%) received ATG+MTX (no PTCy). Treated Haplo as PTCy_arm and MUD/MSD as heterogeneous comparator_arm. Authors acknowledge heterogeneous MUD/MSD prophylaxis as a limitation."
185,1069,Jimenez Jimenez,2022,Blood Advances,10.1182/bloodadvances.2022007596,NR,Jimenez et al. 2022 - Improved GRFS after posttransplant cyclophosphamide-based vs ATG-based HLA-mismatched unrelated donor transplant.pdf,Improved GRFS after posttransplant cyclophosphamide-based vs ATG-based HLA-mismatched unrelated donor transplant,USA,,retrospective_cohort,multi,2,2010,2020,mixed,NR,3.7,106,Y,partial_overlap,Shaw 2021 JCO 15-MMUD (ref 12) — 30 PTCy subjects from NCT02793544,English,Y,N,,RL,PEND,2026-05-26,PEND,"Two-center retrospective. PTCy n=82 vs ATG n=46. MMUD defined as >=1 mismatch at HLA-A/B/C/DRB1; HLA-DQB1 excluded as locus. Follow-up median reported separately by arm: ATG 45.7 mo, PTCy 27 mo (overall median not reported). Comparison 2 (PTCy vs ATG MMUD)."
187,1070,Jo T,2024,British Journal of Haematology,10.1111/bjh.19372,NR,Jo T et al. 2024 - First complete remission favours haploidentical haematopoietic stem cell transplantation with post-transplant cyclophosphamide over cord blood transplantation in acute lymphoblastic leukaemia.pdf,First complete remission favours haploidentical haematopoietic stem cell transplantation with post-transplant cyclophosphamide over cord blood transplantation in acute lymphoblastic leukaemia,Japan,Asia,registry,registry,NR,2013,2021,mixed,NR,NR,NR,Y,partial_overlap,Sugita 2022 BMT; Wada 2022 Transplantation,English,Y,N,,RL,PEND,2026-05-26,PEND,"Short Report; JSTCT/TRUMP nationwide Japanese registry; adult ALL; ALL disease (not AML as referenced in prompt). Primary outcomes data largely in Supplementary figures/tables (S1-S10); main text reports 3-yr OS, DFS, relapse CI, NRM CI for whole cohort and CR1 subgroup. Detailed timepoint-stratified D+100/D+180 cumulative incidences of viral/fungal/bacterial infections and GVHD outcomes are in supplementary figures (Figure S3 panels C-I, Figure S4 panels A-D) not viewable here; numerical values not extractable without supplement."
192,1071,Kahraman,2026,Cancers,10.3390/cancers18030386,NR,Kahraman S and Ozdemir E 2026 - The Effect of Post-Transplant Cyclophosphamide on Graft-Versus-Host Disease in Allogeneic Hematopoietic Stem Cell Transplantation.pdf,The Effect of Post-Transplant Cyclophosphamide Administration on Graft-Versus-Host Disease in Allogeneic Bone Marrow Transplantation,Turkey,EU,retrospective_cohort,single,1,2022,2024,post_2018,NR,NR,NR,Y,none,,English,Y,N,,RL,PEND,2026-05-26,PEND,"Single-center retrospective at Medicana Izmir, Turkey (Jan 2022-Jun 2024). N=78. PTCy 50 mg/kg on D+3 and D+5 (note: non-standard schedule, paper explicitly states days 3 and 5). All received CSA+MMF from D-1. Comparator arm = no-PTCy MAC-related donor only. Author byline of 2 (S Kahraman, E Ozdemir) but paper is a primary retrospective study (Methods, Results, Tables 1-8). GVHD graded by IBMTR system (grade A/B/C/D for acute). Median follow-up not reported; OS median 79.16 mo. Outcomes reported as overall N's and 2/5-yr KM rates; only aGVHD and cGVHD are broken out by PTCy vs no-PTCy in Tables 1 and 2."
193,1072,Kampouri E,2023,Clinical Microbiology and Infection,10.1016/j.cmi.2023.07.026,NR,Kampouri E et al. 2023 - Human herpesvirus-6 reactivation and disease after allogeneic haematopoietic cell transplantation in the era of letermovir for cytomegalovirus prophylaxis.pdf,Human herpesvirus-6 reactivation and disease after allogeneic haematopoietic cell transplantation in the era of letermovir for cytomegalovirus prophylaxis,USA,,single_arm_descriptive_excluded,single,1,2015,2021,mixed,NR,NR,NR,Y,none,,English,Y,N,,RL,PEND,2026-05-26,PEND,"EXCLUDED as single_arm_descriptive_excluded: study stratifies cohorts by letermovir era (pre-LTV Oct 2018 cutoff), NOT by PTCy use vs comparator. PTCy is a baseline covariate only (10.4% pre-LTV, 21.3% post-LTV), with unbalanced distribution across the two LTV-era cohorts. No outcomes are reported separated by PTCy vs non-PTCy. Adjusted Cox models include PTCy in propensity score weighting but do not report PTCy-stratified HHV-6 or other outcomes. Tracked for PRISMA. Outcomes not extracted per spec."
196,1073,Kanate AS,2016,Blood,10.1182/blood-2015-09-671834,NR,Kanate AS et al. 2016 - Reduced-intensity transplantation for lymphomas using haploidentical related donors vs HLA-matched unrelated donors.pdf,Reduced-intensity transplantation for lymphomas using haploidentical related donors vs HLA-matched unrelated donors,United States,multinational,registry,registry,141,2008,2013,pre_2018,36,4,75,Y,none,,English,Y,N,,RL,PEND,2026-05-26,PEND,"CIBMTR Lymphoma Working Committee registry analysis. 23 centers haplo; 70 URD-noATG; 48 URD-ATG (total 141, though some centers may overlap). n=917 total."
197,1074,Kaphan E,2021,Transplant Infectious Disease,10.1111/tid.13601,NR,Kaphan E et al. 2021 - Risk factors of BK viral hemorrhagic cystitis in allogenic hematopoietic stem cell transplantation.pdf,Risk factors of BK viral hemorrhagic cystitis in allogenic hematopoietic stem cell transplantation,France,EU,retrospective_cohort,single,1,2014,2018,mixed,NR,NR,NR,Y,none,,English,Y,N,,RL,PEND,2026-05-26,PEND,"Single-center French retrospective study of risk factors for BK virus hemorrhagic cystitis. Compares BKV-HC+ (n=43) vs BKV-HC- (n=125) groups; PTCy is reported as a risk factor covariate. Subgroup data show BKV-HC incidence of 44.9% (22/49) in PTCy patients vs 25.6% overall (43/168). Most outcomes (CMV, HHV6, aGVHD, renal failure) reported by BKV-HC status, NOT by PTCy vs non-PTCy arm. Therefore arms split is limited: PTCy arm (n=49) and non-PTCy arm (n=119) with only BKV-HC incidence reported per arm."
198,1075,Kara,2021,Namik Kemal Medical Journal (Nam Kem Med J),10.4274/nkmj.galenos.2021.91300,NR,Kara and Elibol 2021 - Comparison of Post-transplant Cyclophosphamide Co ... en in Allogeneic Stem Cell Transplantation from Matched Sibling Donor.pdf,Comparison of Post-transplant Cyclophosphamide Containing Immunosuppressive Regimen with Standard Immunosuppressive Regimen in Allogeneic Stem Cell Transplantation from Matched Sibling Donor,Turkey,EU,retrospective_cohort,single,1,2016,2020,mixed,10.6,NR,NR,Y,none,,English,Y,N,,RL,PEND,2026-05-26,PEND,Two-author Turkish primary study (Kara & Elibol). Single-center retrospective cross-sectional cohort. Small N=40. Predominantly AML/ALL/MM/MDS. Both arms 100% MSD per inclusion criteria. Article published in Turkish/English bilingual journal; English text used for extraction. Follow-up reported as overall median 10.6 mo (PTCy 9.8 mo vs MTX-CysA 22.6 mo). 1-year PFS and OS reported in Table 3 (these are termed 10-month survival in narrative but Table 3 labels them 1-year).
201,1076,Kerbauy MN,2021,Transplant Infectious Disease,10.1111/tid.13626,NR,Kerbauy MN et al. 2021 - Clinical impact of multiple DNA virus infection ... ical and unrelated allogeneic hematopoietic stem cell transplantation.pdf,Clinical impact of multiple DNA virus infections in nondepleted haploidentical and unrelated allogeneic hematopoietic stem cell transplantation,Brazil,SA,retrospective_cohort,single,1,2010,2018,mixed,NR,NR,NR,Y,partial_overlap,200,English,Y,N,,RL,PEND,2026-05-26,PEND,"Single-center Brazilian retrospective cohort 2010-2018. Focus on multiple DNA virus infections in first 180 days. Surveillance: weekly CMV/adenovirus qPCR, biweekly EBV qPCR; BKV/HHV-6 only if symptomatic. ATG agent: rabbit ATG (Sanofi Genzyme/Thymoglobulin) 5 mg/kg total. PTCy 50 mg/kg x2 (D+3, D+4) for haplo. Pre-letermovir era. PFS median 14 mo. TRM 30% overall."
203,1077,Kim H,2026,Transplantation Proceedings,10.1016/j.transproceed.2025.12.008,NR,Kim H et al. 2026 - Single Center Retrospective Comparison of Post-Trans ... -Host Disease Prophylaxis in Matched Donor Allogeneic Transplantation.pdf,Single Center Retrospective Comparison of Post-Transplant Cyclophosphamide and Standard Graft-Versus-Host Disease Prophylaxis in Matched Donor Allogeneic Transplantation,USA,,retrospective_cohort,single,1,2010,2024,mixed,52.8,NR,NR,Y,none,,English,Y,N,,RL,PEND,2026-05-26,PEND,Cedars-Sinai single-center retrospective comparing pre-2016 Tac/MTX-based GVHD prophylaxis (N=252) vs post-2016 PTCy + tacrolimus + mycophenolate (N=99) for matched donor (MRD+MUD) alloHSCT. Median follow-up non-PTCy 10.6 yr (95% CI 9.8-11.5) vs PTCy 4.4 yr (95% CI 3.9-4.9). Prompt header described study incorrectly as Korean MSD-only; actual study is US matched donor (MRD+MUD) BM+PBSC. Comparison 1 (PTCy MSD vs CNI MSD) NOT applicable because arms mix MRD+MUD; this is a Comparison 2/3-style matched-donor PTCy vs CNI contrast.
207,1078,Kunacheewa C,2020,Cell Transplantation,10.1177/0963689720965900,NR,Kunacheewa et al. 2020 - Post-Transplant Cyclophosphamide and Thymoglobu ... in Matched Sibling Donor Peripheral Blood Stem Cell Transplantations.pdf,"Post-Transplant Cyclophosphamide and Thymoglobulin, a Graft-Versus-Host Disease Prophylaxis in Matched Sibling Donor Peripheral Blood Stem Cell Transplantations",Thailand,Asia,retrospective_cohort,single,1,2010,2013,pre_2018,71,0.6,108.3,Y,none,,English,Y,N,,RL,PEND,2026-05-26,PEND,"Two-arm retrospective historical comparison by year of transplant; primary endpoint GRFS. PTCy dose written as 50 mg/m2 in paper Methods (likely typo for mg/kg, conventional PTCy dose). ATG=rabbit thymoglobulin total 5 mg/kg."
208,1020,Kwon M,2017,Bone Marrow Transplantation,10.1038/bmt.2017.36,NR,Kwon M et al. 2017 - Haplo-Cord transplantation compared to haploidentic ... plantation with post-transplant cyclophosphamide in patients with AML.pdf,Haplo-Cord transplantation compared to haploidentical transplantation with post-transplant cyclophosphamide in patients with AML,Spain,EU,retrospective_cohort,multi,13,1999,2014,pre_2018,26,6,NR,N,overlap_subset_of,209,English,Y,N,,RL,PEND,2026-05-26,PEND,"Spanish GETH multicenter retrospective comparison: Haplo-Cord HSCT (single UCB + HLA-mismatched 3rd party donor CD34+ PB cells, 1999-2012, n=51) vs PTCy-haplo HSCT (2012-2014, n=36) in adults with AML. Myeloablative conditioning for both; Haplo-Cord arm received ATG and CsA+steroids; PTCy-haplo arm received PTCy+CNI+MMF. PTCy-haplo subset likely overlaps with GETH-TC AML cohort 1020 (haplo arm 2013-2019, n=130). Follow-up: 61 mo (IQR 37-108) for Haplo-Cord, 26 mo (IQR 16-43) for PTCy-haplo. Follow-up median listed as 26 mo for PTCy-haplo arm only."
209,1079,Kwon M,2019,Blood Advances,10.1182/bloodadvances.2019000236,NR,Kwon M et al. 2019 - Posttransplant cyclophosphamide vs cyclosporin A and methotrexate as GVHD prophylaxis in matched sibling transplantation.pdf,Posttransplant cyclophosphamide vs cyclosporin A and methotrexate as GVHD prophylaxis in matched sibling transplantation,Spain,EU,retrospective_cohort,multi,2,2010,2017,pre_2018,NR,NR,NR,Y,none,NR,English,Y,N,,RL,PEND,2026-05-26,PEND,"Per-arm follow-up reported separately: PTCy median 15 months, MTX-CsA median 60 months. Combined median not reported. Paper notes shorter PTCy follow-up. Eligible only for Comparison 1 (PTCy vs CNI+MTX in MSD); paper title and methods confirm MSD-only (not MUD as prompt suggested)."
211,1080,Langer R,2024,Frontiers in Transplantation,10.3389/frtra.2024.1332181,NR,Langer R et al. 2024 - Retrospective analysis of the incidence and outco ... versus-host disease-an analysis from transplant centers across Europe.pdf,Retrospective analysis of the incidence and outcome of late acute and chronic graft-versus-host disease-an analysis from transplant centers across Europe,Germany/Austria/Croatia/Poland,EU,retrospective_cohort,multi,6,2017,2017,pre_2018,34.4,0,64.5,Y,none,NR,English,Y,N,,RL,PEND,2026-05-26,PEND,"Paper focuses on cGvHD incidence/outcomes. Three prophylaxis arms relevant: Standard (CNI+MTX/MMF), ATG, PTCy. Comparison 2 = PTCy vs ATG. Adult population at-risk used as denominator for cGvHD outcomes. Total adult arm used for aGvHD outcomes. No CMV, BSI, IFI, or infection data reported. No NRM directly reported per prophylaxis arm (TRM stratified by GvHD status not by prophylaxis). Follow-up median 1047.5 days (~34.4 months) in adults."
216,1081,Li Y,2022,Transplantation and Cellular Therapy,10.1016/j.jtct.2022.04.021,NR,Li Y et al. 2022 - Comparisons of Modified Post-Transplantation Cyclopho ... mens for Haploidentical Stem Cell Transplantation in Patients wi[...].pdf,Comparisons of Modified Post-Transplantation Cyclophosphamide and Granulocyte Colony-Stimulating Factor/Antithymocyte Globulin Regimens for Haploidentical Stem Cell Transplantation in Patients with Aplastic Anemia,China,Asia,retrospective_cohort,multi,7,2013,2021,mixed,NR,0,65.3,Y,partial_overlap,NR,English,Y,N,,RL,PEND,2026-05-26,PEND,"Median follow-up reported separately by arm (mPTCy 12.7 mo, G-CSF/ATG 31.5 mo) but no overall median. Diagnostic criteria from International Aplastic Anemia Study Group (Camitta 1976). GVHD graded per Glucksberg-Seattle criteria. CMV/EBV by qPCR twice weekly; CMV threshold >400 copies/mL, EBV threshold >500 copies/mL. Within-PTCy variant present (PTCy D+3/+4 vs PTCy D+3/+5) but outcomes not separately reported by sub-period, so Comparison 3 not extractable as separate arms."
217,1024,Li Z,2018,American Journal of Hematology,10.1002/ajh.25087,NR,Li Z et al. 2018 - Haploidentical transplantation outcomes for secondary acute myeloid leukemia - acute leukemia working party of the European Society for Blood and Marrow Transplantation.pdf,Haploidentical transplantation outcomes for secondary acute myeloid leukemia: Acute Leukemia Working Party (ALWP) of the European Society for Blood and Marrow Transplantation (EBMT) study,multinational,multinational,registry,registry,NR,2006,2016,mixed,NR,2.5,101.2,partial,partial_overlap,NR,English,Y,N,,RL,PEND,2026-05-26,PEND,EBMT ALWP registry analysis of 154 sAML patients undergoing haploHCT 2006-2016. Compares PTCy (n=119) vs in vivo TCD with ATG (n=35). Outcomes mostly reported at 2 years.
219,1082,Liu YC,2025,"Journal of Microbiology, Immunology and Infection",10.1016/j.jmii.2024.11.012,NR,Liu YC et al. 2025 - Incidence and impact of invasive fungal infection comparing post-transplantation cyclophosphamide with cyclosporine plus methotrexate.pdf,Incidence and impact of invasive fungal infection comparing post-transplant cyclophosphamide with cyclosporine plus methotrexate GVHD prophylaxis in allogeneic HSCT,Taiwan,Asia,retrospective_cohort,single,1,2003,2023,mixed,17.9,NR,NR,Y,partial_overlap,"Liu 2016 J Microbiol Immunol Infect (ref 18, prior IFD study from same center)",English,Y,N,,RL,PEND,2026-05-26,PEND,Comparison 1 clean (PTCy haplo vs CsA+MTX non-haplo). Two arms differ on donor type and conditioning intensity — confounding flagged in paper's discussion. PTCy arm 100% haplo; CsA+MTX arm is MSD+MUD+others mix. Median FU 17.9 mo applies to whole cohort.
220,1083,Loke WSJ,2025,"Annals of the Academy of Medicine, Singapore",10.47102/annals-acadmedsg.2024178,NR,Loke W.S.J. et al. 2025 - Long-term survival and clinical implications o ... ion in relapse - refractory lymphoma - A 20-year Singapore experience.pdf,Long-term survival and clinical implications of allogeneic stem cell transplantation in relapse/refractory lymphoma: A 20-year Singapore experience,Singapore,Asia,single_arm_descriptive_excluded,multi,2,2003,2022,mixed,56,NR,NR,Y,none,,English,Y,N,,RL,PEND,2026-05-26,PEND,"Paper title and content focus on R/R LYMPHOMA (not R/R AML, despite prompt header text); CMV is mentioned only narratively (letermovir adopted since 2017 for high-risk patients) and is NOT reported as a stratified outcome. PTCy is used in only 15/23 haploidentical recipients (the other 8 haplo received ex vivo alpha-beta T-cell depletion); MUD recipients received ATG. No PTCy vs comparator stratification of any outcome (OS, PFS, NRM, aGVHD, CMV). Outcomes reported only by donor type (MSD/MUD/haplo/CB), conditioning intensity (MAC/RIC), lymphoma subtype, disease status (CR/PR/SD-PD), and era. Per spec rule on single-arm descriptive papers (no comparator arm, no PTCy contrast), tagged study_design=single_arm_descriptive_excluded and no arm/outcome rows emitted. Cohort row preserved for PRISMA tracking."
221,1024,Lorentino F,2017,Blood Advances,10.1182/bloodadvances.2017006429,NR,Lorentino F et al. 2017 - The impact of HLA matching on outcomes of unmanipulated haploidentical HSCT is modulated by GVHD prophylaxis.pdf,The impact of HLA matching on outcomes of unmanipulated haploidentical HSCT is modulated by GVHD prophylaxis,multinational,multinational,registry,registry,NR,2007,2014,pre_2018,23,1.5,61,partial,partial_overlap,Ruggeri 2017 Haematologica (ref 27) partially overlaps; population overlaps with EBMT ALWP haplo-HSCT studies,English,Y,N,,RL,PEND,2026-05-26,PEND,"EBMT ALWP registry-based retrospective study (2007-2014) of 509 unmanipulated haplo-HSCT for acute leukemia. Compares PTCy (n=313) vs ATG (n=196) GVHD prophylaxis. Focus on HLA-A/B/C/DRB1 matching effects on outcomes. Follow-up median 23 mo for PTCy and 36 mo for ATG groups (combined median 23 mo used). N_centers not specified explicitly. Disease-specific outcomes (TRM, relapse, LFS, OS) reported as overall 2yr CI only; aGVHD/cGVHD 100d/2yr reported per arm."
226,1084,Luznik L,2022,Journal of Clinical Oncology,10.1200/JCO.21.02293,NR,Luznik L et al. 2022 - Randomized Phase III BMT CTN Trial of Calcineurin Inhibitor-Free Chronic Graft-versus-Host Disease Interventions in Myeloablative Hematopoietic Cell Transplantation.pdf,Randomized Phase III BMT CTN Trial of Calcineurin Inhibitor-Free Chronic Graft-Versus-Host Disease Interventions in Myeloablative Hematopoietic Cell Transplantation for Hematologic Malignancies,USA_Germany,multinational,RCT,multi,26,2015,2018,mixed,24,NR,NR,Y,none,,English,Y,N,,RL,PEND,2026-05-26,PEND,Phase III RCT with 3 arms. Primary endpoint CRFS (composite cGVHD/relapse/survival). Median follow-up reported as ~2 years per protocol design; specific median follow-up not stated explicitly. Stratified randomization by donor type and age. Outcomes reported at 1yr and 2yr.
231,1085,Malkan,2023,Turkish Journal of Medical Sciences,10.55730/1300-0144.5591,NR,Malkan ÜY et al. 2023 - A single-center experience of haploidentical stem cell transplantation in hematological malignancies.pdf,A single-center experience of haploidentical stem cell transplantation in hematological malignancies,Turkey,EU,single_arm_descriptive_excluded,single,1,2015,2022,mixed,NR,NR,NR,Y,none,,English,Y,N,,RL,PEND,2026-05-26,PEND,"Single-arm descriptive haplo-PTCy cohort with no comparator arm. Protocol-excluded per spec (single_arm_descriptive_excluded); tracked for PRISMA. No outcome extraction performed. N=39 total. Reports 3-year OS 50%, 3-year DFS 53%, aGVHD 28% (11/39), cGVHD 13% (5/39); reported in narrative only without standardized grading-system definitions and without competing-risks-adjusted CIs at standard timepoints."
232,1024,Al Malki,2020,Blood Advances,10.1182/bloodadvances.2020001499,NR,Malki et al. 2020 - Comparing transplant outcomes in ALL patients after haploidentical with PTCy or matched unrelated donor transplantation.pdf,Comparing transplant outcomes in ALL patients after haploidentical with PTCy or matched unrelated donor transplantation,multinational,multinational,retrospective_cohort,registry,301,2005,2018,mixed,36,3.6,151.2,partial,partial_overlap,NR,English,Y,N,,RL,PEND,2026-05-26,PEND,"Multicenter retrospective registry-matched (1:2) cohort. Haplo n=487 drawn from TCT-RC (n=181: COH, MDACC, Northside, Instituto Las Americas Medellin, Moffitt, WashU) AND EBMT ALWP (n=382 of haplo retained after matching from 506 eligible after ATG exclusion). MUD n=974 entirely from EBMT ALWP. Mapped to EBMT_ALWP cohort 1024 because the dominant data source is EBMT ALWP; partial overlap because TCT-RC US centers contributed a portion. ALL-only acute leukemia subset of ALWP. Total centers: 100 Haplo + 201 MUD = 301."
236,1086,Massoud R,2022,Haematologica,10.3324/haematol.2020.271445,NR,Massoud R et al. 2022 - Comparison of immune reconstitution between antifungal prophylaxis groups including ATG vs PTCy in allogeneic hematopoietic cell transplantation.pdf,Comparison of immune reconstitution between anti-T-lymphocyte globulin and posttransplant cyclophosphamide as acute graft-versus-host disease prophylaxis in allogeneic myeloablative peripheral blood stem cell transplantation,Germany,EU,retrospective_cohort,single,1,2005,2019,mixed,16,1,169,Y,none,,English,Y,N,,RL,PEND,2026-05-26,PEND,"Single-center UKE Hamburg retrospective. PTCy vs ATLG (Grafalon) - Comparison 2. MAC + PBSC inclusion. ATLG dose differs by donor (30 vs 60 mg/kg). Overall infection incidence and EBV reactivation were primary infection findings. NRM differed on univariate (PTCy 30% vs ATLG 16%) but not multivariate (HR 1.6, P=0.061)."
238,1087,Maurer K,2023,Blood Advances,10.1182/bloodadvances.2023009791,NR,Maurer et al. 2023 - Posttransplant cyclophosphamide vs tacrolimus–based GVHD prophylaxis - lower incidence of relapse and chronic GVHD.pdf,Posttransplant cyclophosphamide vs tacrolimus-based GVHD prophylaxis: lower incidence of relapse and chronic GVHD,USA,,retrospective_cohort,single,1,2018,2021,post_2018,24.3,8.6,57,Y,none,,English,Y,N,,RL,PEND,2026-05-26,PEND,"Single-center DFCI URD PBSCT 2018-2021. PTCY arm n=107 vs TAC-based n=463. Pooled the 3 TAC-based regimens (TAC/MTX, TAC/MTX/Rap, TAC/Rap) into one comparator arm per Comparison 1 (PTCy vs Tac)."
241,1088,Mehta A,2026,Transplantation and Cellular Therapy,10.1016/j.jtct.2026.03.018,NR,Mehta A et al. 2026 - Impact of Post-Transplant Cyclophosphamide on the Prognostic Value of HCT-CI.pdf,Impact of Post-Transplant Cyclophosphamide on the Prognostic Value of HCT-CI,USA,,retrospective_cohort,single,1,2018,2022,post_2018,35,4,71,Y,none,,English,Y,N,,RL,PEND,2026-05-26,PEND,"Article in press (accepted 18 March 2026). HCT-CI focus; PTCy vs non-PTCy contrast available. Outcomes are predominantly reported stratified by HCT-CI score within each arm, not by overall arm. Main paper text/tables do not report GVHD CIs, infection rates, engraftment, or arm-level NRM/OS at standard timepoints. Only HCT-CI-stratified 3-yr NRM is reported per arm; arm-level outcomes at primary timepoints not separately reported."
242,1089,Mehta RS,2016,British Journal of Haematology,10.1111/bjh.13977,NR,Mehta RS et al. 2016 - Post-transplantation cyclophosphamide versus conventional graft-versus-host disease prophylaxis in mismatched unrelated donor haematopoietic stem cell transplantation.pdf,Post-transplantation cyclophosphamide versus conventional graft-versus-host disease prophylaxis in mismatched unrelated donor haematopoietic cell transplantation,USA,,retrospective_cohort,single,1,2009,2013,pre_2018,24,3,49,Y,partial_overlap,NR,English,Y,N,,RL,PEND,2026-05-26,PEND,"MDACC single-center retrospective comparison. PTCy arm 36/41 enrolled on phase II trial NCT01010217 (3-arm: haplo, MMUD/MMRD, MUD); 5/41 off-study. Conventional arm contemporaneous non-trial controls. All 9/10 HLA MMUD. Subgroup analyses by BM-only (n=79), 7/8 MUD (excluding isolated DQ mismatch, n=84), and by HLA class mismatch reported."
243,1090,Mehta RS,2022,Transplantation and Cellular Therapy,10.1016/j.jtct.2022.04.020,NR,Mehta RS et al. 2022 - Haploidentical versus Matched Unrelated versus Ma ... ietic Cell Transplantation with Post-Transplantation Cyclophosphamide.pdf,Haploidentical versus Matched Unrelated versus Matched Sibling Donor Hematopoietic Cell Transplantation with Post-Transplantation Cyclophosphamide,United States,,retrospective_cohort,single,1,2015,2020,mixed,25,2,65,Y,partial_overlap,NR,English,Y,N,,RL,PEND,2026-05-26,PEND,MDACC single-center 3-arm comparison of donor type within uniform PTCy GVHD prophylaxis platform. Haplo n=275; MUD n=246; MSD n=140; total N=661. Median FU shown is paper-reported median of surviving patients across all arms (range 17-30 by arm). Outcomes table N=269 for haplo (6 excluded due to primary graft failure/early death). Two main pairwise comparisons: Haplo vs MUD (comparison_1: Haplo-PTCy vs MUD-PTCy) and Haplo vs MSD (comparison_3-equivalent). MUD vs MSD also assessable. Era spans pre/post 2018 letermovir era.
244,1091,Mehta RS,2022,Transplantation and Cellular Therapy,10.1016/j.jtct.2022.07.021,NR,Mehta RS et al. 2022 - Post-Transplantation Cyclophosphamide Versus Tacr ... Versus-Host Disease Prophylaxis for HLA-Matched Donor Transplantation.pdf,Post-Transplantation Cyclophosphamide Versus Tacrolimus and Methotrexate Graft-Versus-Host Disease Prophylaxis for HLA-Matched Donor Transplantation,USA,,retrospective_cohort,single,1,2015,2020,mixed,29,3,64,Y,none,NR,English,Y,N,,RL,PEND,2026-05-26,PEND,"Single-center MDACC retrospective cohort 2015-2020. Four arms: MUD Tac/MTX/ATG (n=306), MUD PTCy (n=246), MSD Tac/MTX (n=272), MSD PTCy (n=140). Follow-up median 29 mo (range 3-64) for PTCy MUD arm; 53 mo for Tac/MTX/ATG MUD; 30 mo for PTCy MSD; 53 mo for Tac/MTX MSD."
245,1092,Mehta RS,2023,Blood Advances,10.1182/bloodadvances.2022009240,NR,Mehta RS et al. 2023 - Haploidentical vs matched unrelated donors for patients with ALL - donor age matters more than donor type.pdf,Haploidentical vs matched unrelated donors for patients with ALL: donor age matters more than donor type,USA,,registry,registry,NR,2013,2017,mixed,31.5,NR,NR,Y,partial_overlap,Wieduwilt 2022 Blood Adv,English,Y,N,,RL,PEND,2026-05-26,PEND,"Primary analysis subset (younger haplo n=187 vs older MUD n=232) extracted. CIBMTR dataset shared with Wieduwilt 2022. ALL-only adult cohort, all in CR. Median FU among survivors: 31.5 mo haplo vs 36.3 mo MUD."
246,1008,Mehta RS,2026,JAMA Oncology,10.1001/jamaoncol.2025.4551,NR,Mehta et al. 2025 - Unrelated Donor Age and Recipient Outcomes After Posttransplant Cyclophosphamide vs Conventional Prophylaxis.pdf,Unrelated Donor Age and Recipient Outcomes After Posttransplant Cyclophosphamide vs Conventional Prophylaxis,USA,,registry,registry,NR,2017,2021,post_2018,36,2.99,36,N,overlap_subset_of,Shaffer_2024_cohort_1008_primary,English,Y,N,,RL,PEND,2026-05-26,PEND,"Secondary analysis of publicly available CIBMTR dataset from Shaffer 2024 (cohort 1008 primary publication). Same N=10025 patients, same 4 arms. Focus: donor age x prophylaxis interaction. Outcomes reported at 3yr for OS/NRM/relapse, D+180 for grade III-IV aGVHD only, 2yr for moderate-severe cGVHD. Grade II-IV aGVHD NOT reported in this secondary analysis. Median (IQR) follow-up among survivors 36 (24.5-36) mo MUD-CNI, 29.2 (24.0-36) MUD-PTCy, 34.5 (24.0-36) MMUD-PTCy, 36 (28.6-36) MMUD-CNI."
248,1093,Metafuni E,2018,Bone Marrow Transplantation,10.1038/s41409-018-0200-y,NR,Metafuni et al. 2018 - Foscarnet treatment of cytomegalovirus infection in haploidentical or unrelated donor transplants.pdf,Foscarnet treatment of cytomegalovirus infection in haploidentical or unrelated donor transplants,Italy,EU,retrospective_cohort,multi,2,2010,2015,pre_2018,20.6,1.8,59.4,Y,none,,English,Y,N,,RL,PEND,2026-05-26,PEND,"Selected cohort of CMV-viremia patients receiving foscarnet. Paper compares foscarnet treatment efficacy and safety between HAPLO+PT-CY and UD+ATG. Not a primary CMV reactivation incidence study - the denominators here are CMV viremia patients on foscarnet, NOT all transplant recipients. PTCy stratification: PTCy arm = HAPLO (n=67), comparator = UD+ATG (n=30). Median follow-up 626 days reported."
250,1094,Mikulska M,2018,Biology of Blood and Marrow Transplantation,10.1016/j.bbmt.2017.08.024,NR,Mikulska M et al. 2018 - Pre-Engraftment Bloodstream Infections after Al ... Impact of T Cell-Replete Transplantation from a Haploidentical Donor.pdf,Pre-Engraftment Bloodstream Infections after Allogeneic Hematopoietic Cell Transplantation: Impact of T Cell-Replete Transplantation from a Haploidentical Donor,Italy,EU,retrospective_cohort,single,1,2010,2016,pre_2018,NR,NR,NR,Y,partial_overlap,Possible partial overlap with prior Mikulska 2009 BSI (Genoa) and Raiola 2013 BBMT haplo BM PTCy paper from same institution.,English,Y,N,,RL,PEND,2026-05-26,PEND,"Pre-engraftment BSI-focused single-center Italian study. PTCy used only in the haploidentical arm (D+3 and D+5 schedule, 50 mg/kg per dose). Comparator arms (MRD, MUD/MMRD, CBT) did NOT receive PTCy. Follow-up duration not explicitly stated; BSI events censored at day +50, NRM evaluated at day +60. No D+100/D+180/1yr GVHD or mortality outcomes reported (analysis focused on pre-engraftment period only)."
253,1095,Modi D,2021,Bone Marrow Transplantation,10.1038/s41409-020-01079-8,NR,Modi D et al. 2021 - Comparison of myeloablative and reduced intensity conditioning regimens in haploidentical transplantation with post-transplantation cyclophosphamide.pdf,Comparison of myeloablative and reduced intensity conditioning regimens in haploidentical peripheral blood stem cell transplantation,USA,,retrospective_cohort,single,1,2012,2019,mixed,NR,NR,NR,Y,none,,English,Y,N,,RL,PEND,2026-05-26,PEND,"Brief correspondence in BMT. Median FU for OS: 1.75 yr MAC, 2.28 yr RIC (~21 mo and 27 mo). Reported as years not months in paper. Propensity score-based multivariable analysis. Within-PTCy MAC vs RIC = Comparison 3 (conditioning intensity)."
254,1096,Modi D,2021,Transplantation and Cellular Therapy,10.1016/j.jtct.2021.06.018,NR,Modi D et al. 2021 - Post-transplant Cyclophosphamide Versus Thymoglobulin in HLA-mismatched Unrelated Donor Transplant for Acute Myelogenous Leukemia and Myelodysplastic Syndrome.pdf,Post-transplant Cyclophosphamide Versus Thymoglobulin in HLA-Mismatched Unrelated Donor Transplant for Acute Myelogenous Leukemia and Myelodysplastic Syndrome,USA,,retrospective_cohort,single,1,2006,2019,mixed,NR,NR,NR,Y,none,,English,Y,N,,RL,PEND,2026-05-26,PEND,"Median follow-up reported in years: PTcy 1.13 yr, thymoglobulin 5.27 yr (surviving patients only). Not converted to single combined median. PSCA = propensity score-based covariate adjustment."
256,1097,Mohyuddin GR,2019,Hematology/Oncology and Stem Cell Therapy,10.1016/j.hemonc.2018.11.002,NR,Mohyuddin GR et al. 2019 - Epstein-Barr viremia and post-transplant lymp ... tical stem cell transplantation with post-transplant cyclophosphamide.pdf,Epstein-Barr viremia and post-transplant lymphoproliferative disorders in patients undergoing haploidentical stem cell transplantation with post-transplant cyclophosphamide,USA,,single_arm_descriptive_excluded,single,1,NR,NR,NR,NR,NR,NR,Y,none,,English,Y,N,,RL,PEND,2026-05-26,PEND,"Letter to Editor with full Methods/Results/Table 1 (NOT a conference abstract). Single-arm descriptive: all 63 patients received haplo-PTCy/Tac/MMF; no within-paper PTCy vs comparator contrast. Per spec rule for single-arm descriptive papers, study_design = 'single_arm_descriptive_excluded' and outcome extraction skipped. Notable findings retained in notes: EBV reactivation 28.5% (18/63, defined as >1000 copies/mL), 0/63 PTLD (proven or probable), aGVHD grade III-IV at D+100 = 4/63 (6.3%); among EBV+ 1/18 (5.5%) vs EBV- 3/45 (6.7%) per Table 1 (paper text states 1.8% vs 5.5% likely with denominator typo). 8/18 EBV+ patients required preemptive rituximab; 75% (6/8) achieved seronegativity. Enrollment dates not stated in paper. Recommended for PRISMA exclusion tracking."
257,1098,Moiseev I,2025,Bone Marrow Transplantation,10.1038/s41409-025-02678-z,NR,Moiseev I et al. 2025 - Post-transplantation cyclophosphamide and antithymocyte globulin in matched donor allogeneic stem cell transplantation - an analysis on behalf of the transplant complications working party of the EBMT.pdf,Post-transplantation cyclophosphamide and antithymocyte globulin in 8/10 HLA-mismatched unrelated donor transplantation: the analysis on behalf of the transplant complications working party of the EBMT,multinational,multinational,registry,registry,NR,2015,2021,mixed,NR,NR,NR,Y,partial_overlap,Penack_2024_10_10_MUD; Penack_2024_9_10_MMUD,English,Y,N,,RL,PEND,2026-05-26,PEND,"EBMT TCWP 8/10 MMUD cohort. Median follow-up: ATG arm 3.8y (95%CI 3.1-4), PTCy arm 2.1y (95%CI 1.8-2.9); analyses censored at 2y to ensure comparable FU. ATG dosing data available for 198/318 patients: 96 Grafalon (most common dose 30 mg/kg), 102 Thymoglobuline (most common dose 5 mg/kg). Paper title states 'matched donor' but actual cohort is 8/10 MMUD per Methods and abstract. Comparison 2 (PTCy vs ATG). Center effect handled by frailty random effect."
258,1099,Moiseev IS,2017,Cellular Therapy and Transplantation (CTT),10.18620/ctt-1866-8836-2017-6-4-52-59,NR,Moiseev I.S. et al. 2017 - Single-agent post-transplantation cyclophosphamide for graft-versus-host disease prophylaxis in matched related bone marrow transplantation.pdf,Single-agent post-transplantation cyclophosphamide versus calcineurin-based graft-versus-host disease prophylaxis in matched related bone marrow transplantation,Russia,EU,retrospective_cohort,single,1,2006,2016,pre_2018,NR,5,111,Y,none,,English,Y,N,,RL,PEND,2026-05-26,PEND,"Median follow-up reported separately by arm: CNI 50 months (range 8-111), PTCy 24 months (range 5-41). Overall median not reported. Different cohort from Moiseev 2016 BBMT (cohort 1007: Pavlov MUD PBSC RCT)."
260,1100,Molina A,2026,Transplantation and Cellular Therapy,10.1016/j.jtct.2026.03.029,NR,Molina A et al. 2026 - Superior Chronic GVHD-Free Survival with Post-Transplant Cyclophosphamide in Myeloablative HLA-Matched Allogeneic Stem Cell Transplantation.pdf,Superior Chronic Graft-versus-Host Disease Free Survival with Post-Transplant Cyclophosphamide Relative to Tacrolimus/Methotrexate in Myeloablative HLA-Matched Allogeneic Hematopoietic Cell Transplantation,USA,,retrospective_cohort,single,1,2018,2025,post_2018,30,NR,NR,Y,none,,English,Y,N,,RL,PEND,2026-05-26,PEND,"Stanford single-center retrospective cohort. PTCy/TAC/MMF vs TAC/MTX in MAC HLA-matched HCT for AML/ALL. Follow-up differs by arm (PTCy 1.1 yr vs TAC/MTX 3.3 yr); overall median ~2.5 yr. Paper focuses on GVHD/survival/relapse outcomes; no infection, CMV, IFI, BSI, engraftment failure data reported."
261,1101,Montoro J,2021,European Journal of Haematology,10.1111/ejh.13529,NR,Montoro J et al. 2021 - Ex vivo T-cell depletion vs post-transplant cyclophosphamide as graft-versus-host disease prophylaxis for haploidentical transplantation.pdf,"Ex vivo T-cell depletion vs post-transplant cyclophosphamide, sirolimus, and mycophenolate mofetil as graft-vs-host disease prophylaxis for allogeneic hematopoietic stem cell transplantation",Spain,EU,retrospective_cohort,multi,3,2016,2019,mixed,16,3,42,Y,partial_overlap,cohort_1038_Chorao_partial_PTCy_arm_overlap,English,Y,N,,RL,PEND,2026-05-26,PEND,Filename in user prompt incorrectly labels paper as 'haploidentical transplantation'; actual paper explicitly EXCLUDES haploidentical recipients and compares TCD vs PTCy-Sir-MMF in MSD/MUD/MMUD setting. Comparison framed as PTCy arm vs ex vivo TCD comparator (not haplo).
262,1102,Montoro,2024,Blood Advances,10.1182/bloodadvances.2024013328,NR,Montoro et al. 2024 - PTCy vs CNI–based GVHD prophylaxis in HLA-matched transplants for Hodgkin lymphoma - a study of the LWP of the EBMT.pdf,PTCy vs CNI-based GVHD prophylaxis in HLA-matched transplants for Hodgkin lymphoma: a study of the LWP of the EBMT,multinational,multinational,registry,registry,NR,2015,2022,mixed,26,2,30,Y,partial_overlap,Montoro_2024_TCT_LWP_HL_ref14,English,Y,N,,RL,PEND,2026-05-26,PEND,EBMT LWP registry retrospective comparison; first study comparing PTCy vs CNI-based GVHD prophylaxis specifically in HL HLA-matched donor HSCT. No ATG/alemtuzumab in either arm (exclusion criterion).
263,1103,Moriguchi,2024,British Journal of Haematology,10.1111/bjh.19825,NR,Moriguchi M et al. 2024 - Comparison of HLA-haploidentical donors with post-transplantation cyclophosphamide and HLA-matched donors with peripheral blood stem cell transplantation.pdf,Comparison of HLA-haploidentical donors with post-transplant cyclophosphamide versus HLA-matched unrelated donors in peripheral blood stem cell transplantation for acute myeloid leukaemia,Japan,Asia,retrospective_cohort,registry,NR,2013,2021,mixed,NR,NR,NR,Y,partial_overlap,Atsuta 2022 BMT (ref 21); Fuji 2024 BJHaem (ref 29) JSTCT PTCy dose comparison,English,Y,N,,RL,PEND,2026-05-26,PEND,"Nationwide JSTCT/TRUMP registry retrospective. Median FU reported per arm: PTCy-haplo 23.9 mo (IQR 13.1-48.3), ATG-free MUD 32.4 mo (16.9-55.8), ATG-MUD 29.3 mo (12.4-48.2). Era spans pre-2018 and post-2018."
264,1104,Morsink,2024,Transplantation and Cellular Therapy,10.1016/j.jtct.2024.05.009,NR,Morsink LM et al. 2024 - Improved Outcome of Allogeneic Transplantation ... lantation Cyclophosphamide and Reduced Duration of Immune Suppression.pdf,Improved Outcome of Allogeneic Transplantation in Older Patients Treated for Myeloid Malignancies Using Post-Transplantation Cyclophosphamide and Reduced Duration of Immune Suppression,Netherlands,EU,single_arm_descriptive_excluded,single,1,2018,2022,post_2018,21.3,6.5,61.7,Y,none,,English,Y,N,,RL,PEND,2026-05-26,PEND,"Single-arm descriptive study (92 consecutive patients all receiving PTCy + tacro +/- MMF, no comparator arm); flagged single_arm_descriptive_excluded per protocol. Tracked for PRISMA. Skipped outcome extraction per spec. Note: novel feature is very short-duration IS (median 3.4 mo) - the paper's hypothesis - but design has no PTCy vs non-PTCy contrast. User prompt referenced HR-AML PTCy era; cohort contains 71% AML (55% ELN-adverse) but is myeloid malignancies cohort overall, not HR-AML specifically. Use IFI not IFD per instruction (not applicable here since outcomes skipped). One arm row retained to preserve baseline characteristics for descriptive PRISMA tracking."
268,1001,Mulroney CM,2021,British Journal of Haematology,10.1111/bjh.17563,NR,Mulroney CM et al. 2021 - Incidence and impact of community respiratory ... host disease prophylaxis and haploidentical stem cell transplantation.pdf,Incidence and impact of community respiratory viral infections in post-transplant cyclophosphamide-based graft-versus-host disease prophylaxis and haploidentical stem cell transplantation,USA,,registry,registry,NR,2012,2017,pre_2018,NR,NR,NR,partial,partial_overlap,other_CIBMTR_HaploCy_SibCy_SibCNI_papers,English,Y,N,,RL,PEND,2026-05-26,PEND,"CIBMTR registry analysis of patients undergoing first HCT for AML/ALL/MDS 2012-2017; cohort 1001 (HaploCy N=757, SibCy N=403, SibCNI N=1605). Focus is community respiratory viral infections (CRVIs) by day +180. partial primary_for_cohort because this paper is the index publication for CRVI outcomes in cohort 1001, while other cohort 1001 papers are primary for other outcomes."
270,1105,Murthy HS,2022,Transplantation and Cellular Therapy,10.1016/j.jtct.2022.01.017,NR,Murthy H.S. et al. 2022 - Outcomes of Allogeneic Hematopoietic Cell Transplantation in Persons with HIV - A Study from the Center for International Blood and Marrow Transplant Research.pdf,Outcomes of Allogeneic Hematopoietic Cell Transplantation in T Cell Prolymphocytic Leukemia: A Contemporary Analysis from the Center for International Blood and Marrow Transplant Research,USA,multinational,registry,registry,87,2008,2018,mixed,49,3.32,116.84,Y,none,,English,Y,N,,RL,PEND,2026-05-26,PEND,"FILE MISLABELED: paperpile filename says 'Persons with HIV' and prompt described HIV+ special population, but actual PDF content is the Murthy 2022 CIBMTR T-PLL paper (T cell prolymphocytic leukemia), N=266, TCT 28:187.e1. No HIV paper present in folder. Extraction based on actual PDF content (T-PLL). Paper compares conditioning intensity (RIC/NMA vs MAC) as primary exposure with multivariable GVHD prophylaxis effect (PTCy vs CNI-based). aGVHD reported only at D+180 (not D+100). No infection outcomes reported. Only adjusted ORs/HRs for PTCy vs CNI+MMF are reported - no arm-stratified crude incidences or denominators for GVHD by prophylaxis category."
271,1106,Mushtaq MU,2024,Leukemia & Lymphoma,10.1080/10428194.2023.2300708,NR,Mushtaq MU et al. 2024 - Outcomes with HLA-matched unrelated donor versus haploidentical hematopoietic cell transplantation.pdf,Outcomes with HLA-matched unrelated donor versus haploidentical hematopoietic cell transplantation,USA,,retrospective_cohort,single,1,2016,2021,post_2018,24.4,0.2,72.9,Y,partial_overlap,cohort_1097_KUMC_Mohyuddin,English,Y,N,,RL,PEND,2026-05-26,PEND,"Single-center KUMC retrospective study comparing MUD (n=276) vs haplo (n=176). Note: 35 MUD patients received PT-Cy; 241 MUD received Tac/MTX. Per spec, MUD arm is heterogeneous (predominantly Tac/MTX). Haplo arm uniform PTCy+Tac+MMF."
272,1107,Mussetti,2023,Transplantation and Cellular Therapy,10.1016/j.jtct.2022.11.028,NR,Mussetti et al. 2022 - Haploidentical versus matched unrelated donor transplants using post-transplant cyclophosphamide for lymphomas.pdf,Haploidentical Versus Matched Unrelated Donor Transplants Using Post-Transplantation Cyclophosphamide for Lymphomas,multinational,multinational,registry,registry,380,2010,2019,mixed,33,0,123,Y,partial_overlap,NR,English,Y,N,,RL,PEND,2026-05-26,PEND,Joint EBMT-LWP and CIBMTR registry; haplo-PTCy vs MUD-PTCy for lymphoma. Median follow-up reported separately: 33 mo (range 0-123) haplo arm; 21 mo (range 0-108) MUD arm. n_centers=380 (277 haplo + 103 MUD; may include overlap). Multinational - CIBMTR (US) 34% + EBMT (Europe) 66%.
273,1108,Nagayama T,2025,Blood Advances,10.1182/bloodadvances.2024014938,NR,Nagayama T et al. 2025 - Impact of haplo-donor age on transplant outcomes - a comparative analysis of haploidentical vs cord blood transplantation.pdf,Impact of haplo-donor age on transplant outcomes: a comparative analysis of haploidentical vs cord blood transplantation,Japan,Asia,registry,registry,NR,2016,2021,post_2018,14.5,0,78.9,Y,partial_overlap,NR,English,Y,N,,RL,PEND,2026-05-26,PEND,"Japanese registry (JSTCT/JDCHCT TRUMP) study comparing PTCY-haplo (PBSC) with donor age stratification (younger <40 vs older >=40 yrs) vs single-unit CBT in patients aged 16-70 with AML/ALL/MDS/CML. Patients stratified by age <50 vs >=50 yrs. Median follow-up 443 days (range 0-2397). N=5116 actually reported in Table 1 (text says 5161 in abstract); using Table 1 totals. 6 functional arms (3 donor types x 2 patient age cohorts). ATG/alemtuzumab excluded by design. Median donor ages: younger-haplo 30 yrs (older pt cohort), 25 yrs (younger pt cohort); older-haplo 48 yrs (older pt cohort), 47 yrs (younger pt cohort)."
276,1024,Nagler A,2021,Journal of Hematology & Oncology,10.1186/s13045-021-01065-7,NR,Nagler A et al. 2021 - Outcome of haploidentical versus matched sibling donors in hematopoietic stem cell transplantation for adult patients with acute lymphoblastic leukemia.pdf,Outcome of haploidentical versus matched sibling donors in hematopoietic stem cell transplantation for adult patients with acute lymphoblastic leukemia: a study from the Acute Leukemia Working Party of the European Society for Blood and Marrow Transplantation,multinational,multinational,registry,registry,NR,2012,2018,mixed,25,NR,NR,partial,partial_overlap,NR,English,Y,N,,RL,PEND,2026-05-26,PEND,"EBMT ALWP retrospective registry analysis of adult ALL pts in CR1/CR2 receiving first alloSCT from Haplo (T-replete) or MSD between 2012-2018. HaploSCT n=413 (PTCy 92.7%); MSD n=1891 (PTCy only 4.2%, mostly CsA+MTX). Propensity-score matched analysis also performed. Cohort overlaps with other EBMT ALWP ALL papers."
277,1024,Nagler A,2021,Haematologica,10.3324/haematol.2020.247296,NR,Nagler A et al. 2021 - Post-transplant cyclophosphamide versus anti-thymocyte globulin for graft-versus-host disease prevention in haploidentical transplantation for adult acute lymphoblastic leukemia.pdf,Post-transplant cyclophosphamide versus anti-thymocyte globulin for graft-versus-host disease prevention in haploidentical transplantation for adult acute lymphoblastic leukemia,multinational,multinational,registry,registry,NR,2007,2017,mixed,24.4,12,40,partial,partial_overlap,NR,English,Y,N,,RL,PEND,2026-05-26,PEND,"EBMT ALWP registry analysis. Adults with ALL undergoing first haploidentical HCT 2007-2017. Comparison 2: PTCy vs ATG haplo ALL. N=434 (PTCy 336, ATG 98). 37 patients excluded (received both ATG and PTCy)."
278,1024,Nagler A,2023,Bone Marrow Transplantation,10.1038/s41409-023-01940-6,NR,Nagler A et al. 2023 - Allogeneic stem cell transplantation for patients ... from unrelated donors with post-transplant cyclophosphamide (PT[...].pdf,Allogeneic stem cell transplantation for patients with acute myeloid leukemia (AML) in second complete remission (CR2) transplanted from unrelated donors with post-transplant cyclophosphamide (PTCy). A study on behalf of the Acute Leukemia Working Party of the European Society for Blood and Marrow Transplantation,multinational,multinational,registry,registry,NR,2010,2019,mixed,19.2,NR,NR,partial,partial_overlap,NR,English,Y,N,,RL,PEND,2026-05-26,PEND,"EBMT ALWP registry study. AML in CR2 transplanted from 9-10/10 HLA-matched UD with PTCy GVHD prophylaxis. Year-of-transplant analysis shows era trend: better GRFS (HR=0.87, p=0.009) and lower aGVHD II-IV (HR=0.84, p=0.027) with later transplant year. Single arm (PTCy URD). Note: filename in prompt referenced 'improved outcome over time' but the actual matching Paperpile file is this CR2 UD PTCy paper with era-trend findings."
279,1024,Nagler A,2023,Journal of Hematology & Oncology,10.1186/s13045-023-01450-4,NR,Nagler A et al. 2023 - Non-T-depleted haploidentical transplantation with post-transplant cyclophosphamide in patients with de novo AML in first complete remission.pdf,Non-T-depleted haploidentical transplantation with post-transplant cyclophosphamide in patients with secondary versus de novo AML in first complete remission: a study from the ALWP/EBMT,multinational,multinational,registry,registry,NR,2010,2021,mixed,25.9,NR,NR,partial,partial_overlap,NR,English,Y,N,,RL,PEND,2026-05-26,PEND,"EBMT ALWP registry study comparing haploSCT+PTCy outcomes in 1711 AML CR1 patients (1480 de novo vs 231 sAML), transplanted 2010-2021. Both arms received non-T-depleted haplo with PTCy as part of GVHD prophylaxis. Matched-pair (2:1) analysis matched 211 sAML to 410 de novo AML. Outcomes reported in entire-cohort table (Table 3) and matched-pair table (Table 6). No infection (BSI, CMV, IFI) outcomes reported. aGVHD reported at D+180 (not D+100) per paper text - extracted to D+100 slot with note since this is the timepoint used by the paper for acute GVHD."
280,1024,Nagler A,2024,American Journal of Hematology,10.1002/ajh.27383,NR,Nagler A et al. 2024 - Comparable relapse incidence after unrelated allogeneic stem cell transplantation with post-transplant cyclophosphamide versus conventional anti-graft versus host disease prophylaxis.pdf,Comparable relapse incidence after unrelated allogeneic stem cell transplantation with post-transplant cyclophosphamide versus conventional anti-graft versus host disease prophylaxis in patients with acute myeloid leukemia: A study on behalf of the Acute Leukemia Working Party of the European Society for Blood and Marrow Transplantation,multinational,multinational,registry,registry,NR,2014,2021,mixed,22.8,NR,NR,partial,partial_overlap,"EBMT_ALWP cohort 1024 - partial overlap with other EBMT ALWP publications (Ruggeri 2018, Battipaglia 2019, Lorentino 2021, Brissot 2020, Sanz 2020, Battipaglia 2022)",English,Y,N,,RL,PEND,2026-05-26,PEND,"EBMT ALWP registry analysis. Adults with de novo AML in CR1 undergoing first allo-HSCT from 9-10/10 HLA-matched URD, PBSC only, 2014-2021. Excludes sibling, haplo, UCB, prior HSCT, >CR1, BM grafts, T-cell depleted. PTCy n=707 vs No PTCy n=6342 (CNI-based +/- in vivo TCD/ATG). Primary endpoint: relapse incidence. Median FU 1.9 yr (PTCy) vs 2.9 yr (No PTCy); reported as ~22.8 months overall."
281,1024,Nagler A,2024,Bone Marrow Transplantation,10.1038/s41409-024-02284-5,NR,"Nagler A et al. 2024 - Post-transplant cyclophosphamide, calcineurin inhibitor, and mycophenolate mofetil versus calcineurin inhibitor, and methotrexate.pdf","Post-transplant cyclophosphamide, calcineurin inhibitor, and mycophenolate mofetil compared to anti-thymocyte globulin, calcineurin inhibitor, and methotrexate combinations as graft-versus-host disease prophylaxis post allogeneic stem cell transplantation from sibling and unrelated donors in patients with acute myeloid leukemia: a study on behalf of the Acute Leukemia Working Party of the European Society for Blood and Marrow Transplantation",multinational,multinational,registry,registry,NR,2010,2020,mixed,NR,NR,NR,partial,partial_overlap,NR,English,Y,N,,RL,PEND,2026-05-26,PEND,"EBMT ALWP registry study (cohort 1024). AML CR1 only, MSD/MUD/MMUD (9/10), PBSC only, 2010-2020. PTCy/CNI/MMF (n=402) vs ATG/CNI/MTX (n=5648). Median follow-up 23.4 mo PTCy arm vs 41.8 mo ATG arm. Outcomes censored at 2yr. No infection outcomes (BSI/CMV/IFI) reported in this paper - only GVHD, NRM, RI, LFS, OS, GRFS, and cause of death. Comparison 1 clean (PTCy+CNI+MMF vs CNI+MTX, here CNI+MTX+ATG)."
282,1024,Nagler A,2024,Bone Marrow Transplantation,10.1038/s41409-024-02400-5,NR,Nagler A et al. 2024 - Young ( 35 years) haploidentical versus old (≥35 years) matched sibling donor transplantation with post-transplant cyclophosphamide.pdf,Young (<35 years) haploidentical versus old (≥35 years) mismatched unrelated donors and vice versa for allogeneic stem cell transplantation with post-transplant cyclophosphamide in patients with acute myeloid leukemia in first remission: a study on behalf of the Acute Leukemia Working Party of the European Society for Blood and Marrow Transplantation,multinational,multinational,registry,registry,NR,2010,2022,mixed,27.1/22.5/31.8/19.8 (per arm: yHaplo/oMMUD/oHaplo/yMMUD),NR,NR,partial,partial_overlap,other_EBMT_ALWP_papers,English,Y,N,,RL,PEND,2026-05-26,PEND,"EBMT ALWP registry study comparing donor age (<35 vs >=35) across alternative donors (Haplo vs MMUD 8/10-9/10) in adults with AML in CR1 receiving PTCy GVHD prophylaxis. ATG and ex-vivo TCD were excluded. Four arms: yHaplo (n=1065), oMMUD (n=147), oHaplo (n=1315), yMMUD (n=271). Two formal comparisons reported: yHaplo vs oMMUD; oHaplo vs yMMUD. Title in PDF metadata says 'matched sibling' but the actual paper is haploidentical vs MMUD by donor age."
287,1024,Nagler A,2022,Transplantation and Cellular Therapy,10.1016/j.jtct.2021.11.013,NR,Nagler et al. 2021 - Graft-Versus-Host Disease Prophylaxis with Post-Transplantation Cyclophosphamide versus Cyclosporine A and Methotrexate in Matched Sibling Donor Transplantation.pdf,Graft-versus-Host Disease Prophylaxis with Post-Transplantation Cyclophosphamide versus Cyclosporine A and Methotrexate in Matched Sibling Donor Transplantation,multinational,multinational,registry,registry,NR,2010,2019,mixed,16.04,NR,NR,partial,partial_overlap,other EBMT ALWP papers (cohort 1024),English,Y,N,,RL,PEND,2026-05-26,PEND,"EBMT ALWP registry MSD AML CR1 cohort 2010-2019, comparing heterogeneous PTCy-based prophylaxis (n=118, includes PTCy alone, PTCy+CSA, PTCy+CSA+MTX, PTCy+CSA+MMF, PTCy+Tac, PTCy+Sir, PTCy+Tac+MMF, PTCy+Sir+MMF, PTCy+other) vs CSA/MTX (n=1202). NOTE: Prompt referenced 'PTCy+CSA+MMF vs Tac+MTX' but the paper compares mixed PTCy regimens vs CSA/MTX (not Tac/MTX). Matched-pair analysis (110:110) reported separately. ATG/alemtuzumab and favorable cytogenetics excluded. Comparison 1 eligible (PTCy vs CNI-standard)."
289,1109,Nakaya Y,2024,Transplantation and Cellular Therapy,10.1016/j.jtct.2023.10.021,NR,Nakaya Y et al. 2024 - HLA-Haploidentical Peripheral Blood Stem Cell Transplantation with Post-Transplant Cyclophosphamide Versus HLA-Matched Unrelated Donor Transplantation for Myelodysplastic Syndrome.pdf,HLA-Haploidentical Peripheral Blood Stem Cell Transplantation with Post-Transplantation Cyclophosphamide versus HLA-Matched Unrelated Donor Transplantation for Myelodysplastic Syndrome,Japan,Asia,retrospective_cohort,registry,NR,2014,2020,mixed,27.6,NR,NR,Y,partial_overlap,NR,English,Y,N,,RL,PEND,2026-05-26,PEND,"JSTCT/JDCHCT TRUMP2 nationwide Japanese registry MDS cohort 2014-2020. Three arms: haplo-PBSCT+PTCy (n=136), MUD-BMT (n=465), MUD-PBSCT (n=96). All haplo-PBSCT received PTCy without in vivo TCD; 19/465 (4.1%) of MUD-BMT and 31/96 (32.3%) of MUD-PBSCT received ATG. Median observation 841 days for survivors (haplo 399, MUD-BMT 1118, MUD-PBSCT 786) - overall median ~27.6 months."
290,1070,Jo T,2024,British Journal of Haematology,10.1111/bjh.19372,NR,Jo T et al. 2024 - First complete remission favours haploidentical haematopoietic stem cell transplantation with post-transplant cyclophosphamide over cord blood transplantation in acute lymphoblastic leukaemia.pdf,First complete remission favours haploidentical haematopoietic stem cell transplantation with post-transplant cyclophosphamide over cord blood transplantation in acute lymphoblastic leukaemia,Japan,Asia,registry,registry,NR,2013,2021,mixed,NR,NR,NR,Y,partial_overlap,289,English,Y,N,,RL,PEND,2026-05-26,PEND,"JSTCT TRUMP nationwide Japanese registry, adult ALL (age >=16) only. PTCy-haplo (n=330) vs single-unit UCB (n=1669), 2013-2021. Short report format. Many outcomes reported only in supplementary figures (S1-S10) not visible in main text. ALL-specific cohort, distinct from heterogeneous-disease JSTCT cohorts (Sugita 2022, Wada 2022). Cohort 1070 already exists in cohort_overlap_map. Note: prompt referenced 'Nakaya Y 2024 ... ALL' but no such file exists; Jo T 2024 ALL is the matching JSTCT ALL paper for cohort 1070."
291,1110,Nath K,2024,Transplantation and Cellular Therapy,10.1016/j.jtct.2023.09.022,NR,Nath K et al. 2024 - Reduced-Intensity Compared to Nonmyeloablative Cond ... ymphoma Undergoing Allogeneic Hematopoietic Stem Cell Transplantation.pdf,Reduced-Intensity Compared to Nonmyeloablative Conditioning in Patients with Non-Hodgkin Lymphoma Undergoing Allogeneic Hematopoietic Stem Cell Transplantation,USA,,single_arm_descriptive_excluded,single,1,2008,2019,mixed,64,NR,NR,Y,none,,English,Y,N,,RL,PEND,2026-05-26,PEND,"Block 6 retry — assigned to Comparison 3 (within-PTCy RIC vs NMA) with IFI focus. Paper does NOT meet Comparison 3 criteria: (1) PTCy was used in only 31/279 patients (11%; 22 NMA + 9 RIC) and the paper does NOT report outcomes stratified jointly by PTCy use AND conditioning intensity — only 'GVHD prophylaxis' (CNI-MTX vs PTCy) is included as a covariate in multivariable models for NRM (HR 1.96 for PTCy vs CNI-MTX, 95% CI 0.32-12.0, P=.48). (2) The paper does NOT report ANY infectious-disease outcomes — no IFI, no BSI, no CMV, no IRM, no NRM-by-cause data. Outcomes reported are OS, PFS, NRM (overall), aGVHD II-IV, aGVHD III-IV, cGVHD, neutrophil/platelet recovery. (3) Within-PTCy RIC vs NMA outcomes cannot be derived from the paper. Tagged single_arm_descriptive_excluded relative to the PTCy MA Comparison 3 scope (no PTCy-stratified comparator arm contrast reported); excluded from arm/outcome extraction but cohort/study rows retained for PRISMA tracking."
292,1111,Ngo-Huang,2023,JCO Oncology Practice,10.1200/OP.22.00520,NR,Ngo-Huang A. et al. 2023 - Enhanced Recovery Stem-Cell Transplantation... utcomes in Older Adults Undergoing Hematopoietic Stem-Cell Transplant.pdf,Enhanced Recovery Stem-Cell Transplantation: Multidisciplinary Efforts to Improve Outcomes in Older Adults Undergoing Hematopoietic Stem-Cell Transplant,USA,,retrospective_cohort,single,1,2015,2018,mixed,22,3,52,Y,partial_overlap,Possible partial overlap with MDACC PTCy-era cohorts 1090/1091 during 2015-2018 era for the PTCy-treated subset (~46/64 ER-SCT and ~36/140 controls received PTCy),English,Y,N,,RL,PEND,2026-05-26,PEND,"ASCO 'Focus on Quality / ReCAP' full-length article. Two arms compared: ER-SCT program cohort vs historical controls, both with heterogeneous GVHD prophylaxis (mix of Tac/MTX and PTCy-based regimens). NOT a clean PTCy vs comparator GVHD prophylaxis study; intervention is multidisciplinary supportive care (prehabilitation, geriatric assessment, nutrition, pharmacy, nursing). Arms set to comparison_X_eligible=N because neither arm is a pure PTCy_arm nor pure comparator_arm. Only NRM, OS, and relapse outcomes reported; no infection (BSI/CMV/IFI), GVHD, or engraftment outcomes in this publication."
293,1112,Nguyen A,2024,Transplant Infectious Disease,10.1111/tid.14375,NR,Nguyen A. et al. 2024 - Pre-engraftment bacteremia after allogeneic hema ... splantation without primary fluoroquinolone antibacterial prophylaxis.pdf,Pre-engraftment bacteremia after allogeneic hematopoietic cell transplantation without primary fluoroquinolone antibacterial prophylaxis,Switzerland,EU,retrospective_cohort,single,1,2015,2021,mixed,NR,NR,NR,Y,none,NR,English,Y,N,,RL,PEND,2026-05-26,PEND,"Single-center retrospective cohort focused on pre-engraftment bacteremia in setting of NO routine fluoroquinolone prophylaxis. Mixed donor cohort (24% MRD, 47% MUD, 22% haplo, 6% MMUD); 27% received PTCy. Outcomes (BSI incidence 29%, pathogen profile, risk factors, mortality, aGVHD) are reported for FULL COHORT without stratification by PTCy use. Univariable/multivariable analyses identify PTCy use (post-HCT cyclophosphamide) as significant predictor of bacteremia in univariate (P<.001) but PTCy is collinear with haplo/MMUD donor type which is the variable retained in multivariable model. No PTCy vs non-PTCy outcome contrast reported. No IFI data reported (paper is BSI-focused). Treated as single-arm-style cohort with full-cohort BSI outcome (no within-paper PTCy comparator)."
296,1113,Nishikubo M,2024,Bone Marrow Transplantation,10.1038/s41409-024-02423-y,NR,Nishikubo et al. 2024 - Haploidentical transplantation with post-transpl ... splantation in adults with relapsed - refractory non-Hodgkin lymphoma.pdf,Haploidentical transplantation with post-transplant cyclophosphamide versus single cord blood transplantation in adults with relapsed/refractory non-Hodgkin lymphoma,Japan,Asia,retrospective_cohort,registry,NR,2013,2021,mixed,NR,NR,NR,Y,partial_overlap,1064 (JDCHCT TRUMP2 broader cohort); 1070 (JSTCT TRUMP adult ALL),English,Y,N,,RL,PEND,2026-05-26,PEND,Prompt header described paper as 'AML' but actual paper is R/R non-Hodgkin lymphoma (NHL). Confirmed via Paperpile filename and PDF content. JSTCT Adult Lymphoma Working Group; nationwide TRUMP2 registry analysis. uCBT all single-unit (double-cord not performed in Japan outside trials).
297,1114,Noviello M,2023,Blood Advances,10.1182/bloodadvances.2022009274,NR,Noviello M et al. 2023 - Human herpesvirus 6-specific T-cell immunity in allogeneic hematopoietic stem cell transplant recipients.pdf,Human herpesvirus 6-specific T-cell immunity in allogeneic hematopoietic stem cell transplant recipients,Italy,EU,prospective_cohort,single,1,2013,2015,pre_2018,48,4.8,68.4,Y,partial_overlap,potentially overlaps with SanRaffaele cohort 1036 (Mikulska/Greco MAP PTCy) at 2015 boundary,English,Y,N,,RL,PEND,2026-05-26,PEND,"Prospective HHV-6 immunology study. Cohort stratified by GVHD prophylaxis platform (PT-Cy n=101, ATG n=84, none n=23) but most outcome cumulative incidences and survival metrics are reported pooled across the whole cohort (n=208). PTCy effect on HHV-6 outcomes captured via multivariable Cox HRs (PT-Cy vs ATG): any HHV-6 reactivation HR 2.59 (95%CI 1.50-4.47, p<.01); clinically relevant HHV-6 infection HR 3.77 (95%CI 1.47-9.64, p<.01). Multivariable HRs for other transplant outcomes (OS, PFS, TRM, relapse, aGVHD 2-4, aGVHD 3-4, cGVHD) showed no significant PT-Cy vs ATG effect. Per spec, arms extracted descriptively; outcome rows recorded at the whole-cohort level (PTCy arm) with HRs vs ATG comparator where reported in the paper."
299,1115,Nykolyszyn C,2020,Bone Marrow Transplantation,10.1038/s41409-019-0682-2,NR,Nykolyszyn C et al. 2020 - Posttransplantation cyclophosphamide vs. antithymocyte globulin as GVHD prophylaxis for mismatched unrelated hematopoietic stem cell transplantation.pdf,Posttransplantation cyclophosphamide vs. antithymocyte globulin as GVHD prophylaxis for mismatched unrelated hematopoietic stem cell transplantation,France,EU,retrospective_cohort,single,1,2010,2018,mixed,PT-Cy: 24; ATG: 68,6,97,Y,none,,English,Y,N,,RL,PEND,2026-05-26,PEND,Single-center historical comparison PT-Cy (2015-2018) vs ATG (2010-2014) for MMUD PBSC allo-HSCT. PTCy vs ATG MMUD = Comparison 2 eligible.
300,1116,Orti G,2023,Transplantation and Cellular Therapy,10.1016/j.jtct.2023.09.019,NR,Ortí et al. 2023 - Graft-versus-Host Disease Prophylaxis with Post Trans ... eic Hematopoietic Cell Transplant from either an Unrelated or Mi[...].pdf,Graft-versus-Host Disease Prophylaxis with Post-Transplantation Cyclophosphamide in Chronic Myeloid Leukemia Patients Undergoing Allogeneic Hematopoietic Cell Transplantation from an Unrelated or Mismatched Related Donor: A Comparative Study from the Chronic Malignancies Working Party of the EBMT (CMWP-EBMT),multinational,multinational,registry,registry,257,2012,2019,mixed,34.9,13.2,61.2,Y,none,,English,Y,N,,RL,PEND,2026-05-26,PEND,"EBMT-CMWP CML registry: 3 arms (non-PTCy UD n=1094, PTCy UD n=113, PTCy MMRD n=134). FU 34.9 months median (IQR 13.2-61.2). Paper explicitly states 'we did not have enough available data on post-transplantation infection' so NO infection/IFI/CMV/BSI outcomes reported. GVHD prophylaxis was heterogeneous within arms (CsA-based, Tac-based, MTX, MMF combinations); arms defined by donor+PTCy use, not by specific CNI. Note user prompt mentioned 'Spanish PTCy+Tac' but this is multinational EBMT registry; lead author Spanish (Vall d'Hebron); PTCy UD arm used Tac in 48.7% and CsA in 26.5%."
301,1117,Otoukesh S,2024,Bone Marrow Transplantation,10.1038/s41409-024-02378-0,NR,Otoukesh S et al. 2024 - Comparing transplant outcomes in ALL patients a ... ablative conditioning in mismatch-related or unrelated donor settings.pdf,Comparing transplant outcomes in ALL patients after myeloablative conditioning in mismatch-related or unrelated donor settings,USA,,retrospective_cohort,single,1,2010,2020,mixed,55.2,12,144,Y,none,,English,Y,N,,RL,PEND,2026-05-26,PEND,"City of Hope single-center retrospective cohort. Two 'packages' defined by donor matching: ETOP-package (matched donor, n=205) vs FLU-package (mismatched related/unrelated, n=64); only the FLU-package contains PTCy. Study reports engraftment, GVHD, OS/LFS/relapse/NRM/GRFS and causes of death but does NOT report any infection-specific outcomes (no BSI, CMV reactivation, IFI rates) despite user prompt mentioning 'Use IFI'. Infection only appears as a cause of death category."
302,1118,Pagliardini,2019,Bone Marrow Transplantation,10.1038/s41409-018-0387-y,NR,Pagliardini T et al. 2019 - Post-transplantation cyclophosphamide-based haploidentical transplantation as alternative to matched sibling or unrelated donor transplantation for patients younger than 60 years with hematological malignancies.pdf,Post-transplantation cyclophosphamide-based haploidentical versus Atg-based unrelated donor allogeneic stem cell transplantation for patients younger than 60 years with hematological malignancies: a single-center experience of 209 patients,France,EU,retrospective_cohort,single,1,NR,NR,pre_2018,NR,6,69,Y,partial_overlap,cohort_1029_Blaise_older; cohort_1041_IPC_MUD_PBSC,English,Y,N,,RL,PEND,2026-05-26,PEND,"Median FU 38 mo (HRD, range 9-69) and 27 mo (UD, range 6-69); pooled median FU NR. Enrollment dates not stated explicitly; both arms accrued during overlapping period. No infection (IFI/CMV/BSI) outcomes reported."
304,1119,Pasic I,2020,Annals of Hematology,10.1007/s00277-020-04033-2,NR,Pasic I et al. 2020 - Post-transplant cyclophosphamide combined with ant ... lowers non-relapse mortality in older patients undergoing alloge[...].pdf,Post-transplant cyclophosphamide combined with anti-thymocyte globulin for graft-vs-host disease prophylaxis improves survival and lowers non-relapse mortality in older patients undergoing allogeneic hematopoietic cell transplantation,Canada,,retrospective_cohort,single,1,2013,2017,pre_2018,12,1,56,partial,partial_overlap,cohort_1013_studies_TBD,English,Y,N,,RL,PEND,2026-05-26,PEND,"Retrospective single-center cohort, Princess Margaret Cancer Centre, Toronto. ATG-PTCY arm (n=62) vs heterogeneous comparator (n=71, includes ATG-CsA-MTX, alemtuzumab-CsA, CsA alone, CsA-MMF, CsA-MTX). PBSC 100%, 94% RIC. Outcomes via competing risks (Fine-Gray) for NRM/aGVHD/cGVHD/CIR; OS by Kaplan-Meier. Prompt specifies PTCy+ATG vs conv. with IFI use; this paper does NOT report any infection outcomes (BSI, CMV, IFI). Only OS/NRM/aGVHD/cGVHD/CIR/GRFS extracted."
305,1024,Paviglianiti A,2024,Bone Marrow Transplantation,10.1038/s41409-024-02220-7,NR,Paviglianiti A et al. 2024 - Graft-versus-host-disease prophylaxis with ... conditioning regimen HCT from one antigen mismatched unrelated donor.pdf,Graft-versus-host-disease prophylaxis with ATG or PTCY in patients with lymphoproliferative disorders undergoing reduced intensity conditioning regimen HCT from one antigen mismatched unrelated donor,multinational,multinational,retrospective_cohort,registry,NR,2010,2021,mixed,NR,NR,NR,partial,partial_overlap,NR,English,Y,N,,RL,PEND,2026-05-26,PEND,"EBMT-LWP (Lymphoma Working Party) retrospective registry. Per user prompt, mapped to cohort_id 1024 (EBMT_ALWP cluster) though paper is technically LWP not ALWP. Disease focus is lymphoproliferative disorders (DLBCL, FL, HL, MCL, TCL, others). Population is 9/10 MMUD (not MUD) with RIC. Matched pair analysis 1:2 ATG:PTCY by age, disease status, F-to-M donor, stem cell source, CMV serology. Median FU 6 yrs ATG vs 1 yr PTCy (p<0.001). Comp 1 = PTCy vs CSA-based per user instruction (both arms predominantly CSA-based platforms; ATG arm CsA+MTX 50%; PTCy arm CsA+MMF 50%). No IFI data reported in paper."
306,1120,Pei XY,2025,British Journal of Haematology,10.1111/bjh.70105,NR,"Pei X.-Y. et al. 2025 - The clinical features, risk factors and outcomes of late-onset encephalitis after allogeneic haematological stem cell transplantation.pdf","The clinical features, risk factors and outcomes of polyomavirus encephalitis after allogeneic haematological stem cell transplantation",China,Asia,single_arm_descriptive_excluded,single,1,2015,2023,mixed,39,23,62,Y,none,,English,Y,N,,RL,PEND,2026-05-26,PEND,EXCLUDED from PTCy MA per protocol: paper is from Peking University People's Hospital (Beijing protocol institution); no patients received PTCy. GVHD prophylaxis uniformly CSA+MMF+MTX with rabbit ATG for HID/URD/AA. No PTCy vs comparator stratification. Paper reports outcomes for PyV (JCV/BKV) encephalitis cases (n=54) vs matched non-PyV controls (n=216) — both ATG-based. Tracked for PRISMA but no arms/outcomes/rob extracted.
307,1121,Penack O,2024,Leukemia,10.1038/s41375-024-02225-7,NR,Penack O et al. 2024 - ATG or post-transplant cyclophosphamide to prevent GVHD in matched unrelated stem cell transplantation.pdf,ATG or post-transplant cyclophosphamide to prevent GVHD in matched unrelated stem cell transplantation?,multinational,multinational,registry,registry,NR,2018,2021,post_2018,25.2,NR,NR,Y,partial_overlap,"309 (Penack 2023 ASH abstract, conference precursor)",English,Y,N,,RL,PEND,2026-05-26,PEND,Penack 2024 Leukemia journal publication of EBMT TCWP 10/10 MUD PBSC analysis. n=8764: PTCy 1039 vs rATG 7725. Median follow-up 2.1 years both arms. Comp 2 (PTCy vs ATG MUD). Cohort 1098 in the map refers to the Moiseev 2025 8/10 MMUD paper (study 257) — DIFFERENT donor stratum. Created NEW cohort for this 10/10 MUD analysis per cohort decision tree Step C.
308,1122,Penack O,2025,Leukemia,10.1038/s41375-025-02619-1,NR,Penack O et al. 2025 - GVHD prophylaxis in matched related stem cell tra ... ecommended a study by the EBMT transplant complications working party.pdf,GVHD prophylaxis in matched related stem cell transplantation: Why post-transplant cyclophosphamide can be recommended a study by the EBMT transplant complications working party,multinational,multinational,registry,registry,NR,2017,2021,post_2018,26.4,NR,NR,Y,none,NR,English,Y,N,,RL,PEND,2026-05-26,PEND,"EBMT TCWP registry, MRD setting. Median FU PTCy 2.0 yr, rATG 2.2 yr (used midpoint 2.2 yr ~26.4 mo). HRs adjusted for age, year, sex, donor/recipient CMV, DRI, KPS, TBI, conditioning intensity, with center frailty effect."
311,1123,Perales MA,2025,Blood Advances,10.1182/bloodadvances.2024015288,NR,Perales MA et al. 2025 - Delayed T-cell recovery after hematopoietic cell transplantation is associated with decreased overall survival in adults.pdf,Delayed T-cell recovery after hematopoietic cell transplantation is associated with decreased overall survival in adults,USA,,registry,registry,105,2008,2019,mixed,55,5,148,Y,partial_overlap,NR,English,Y,N,,RL,PEND,2026-05-26,PEND,"CIBMTR registry analysis 2008-2019 with 4 GVHD-prophylaxis arms (TCD, PTCy, CNI, CNI+ATG). Per-arm CMV/IFI/BSI cumulative incidences are NOT reported; only crude incidence proportions for bacterial/viral/fungal infections by day 100 are given (Table 2). aGVHD grade II-IV and III-IV at D+100 reported as CIF with 95% CI per arm. Per-arm OS/NRM/PFS/cGVHD cumulative incidences are NOT reported (Cox models only stratify by CD4 cutoff point, not by GVHD prophylaxis arm). Steroid use 0-100 days reported per arm. Patients dying before day 100 are excluded by design. Median follow-up given per arm in Table 1 (TCD 60, PTCy 33, CNI 60, CNI+ATG 60); whole-cohort median 55."
312,1124,Pinana JL,2025,Transplant Infectious Disease,10.1111/tid.70101,NR,Pinana J.L. et al. 2025 - Characterizing Respiratory Virus Infections During the Peri-Engraftment Period of Allogeneic Hematopoietic Cell Transplant.pdf,Characterizing Respiratory Virus Infections During the Peri-Engraftment Period of Allogeneic Hematopoietic Cell Transplant,Spain,EU,single_arm_descriptive_excluded,multi,2,2013,2023,mixed,23.3,5.9,100.6,Y,partial_overlap,1038;1057,English,Y,N,,RL,PEND,2026-05-26,PEND,"Single-arm descriptive CARV epidemiology study in Spanish 2-center (HCUV + HLF Valencia) cohort. Cohort enrolled only patients with symptomatic peri-engraftment CARV infection (Day -8 to +36) over Dec 2013-Jun 2023. 44% received PTCy, 52% Tac+Sir, 4% CNI-based GVHD prophylaxis - but the paper stratifies analyses by CARV timing (pre- vs post-engraftment) and by CARV type, NOT by PTCy vs comparator. No PTCy vs non-PTCy outcome contrast reported. Marked study_design=single_arm_descriptive_excluded per spec; outcome extraction skipped. Follow-up reported as median 710 days (range 180-3061) for survivors after CARV detection (converted to months: 23.3, 5.9, 100.6). Spanish GETH-TC affiliated (per ref 40 by same authors). Cohort 1003 (Salas Barcelona, Hospital Clinic Barcelona) is a different city/institution - no overlap. Overlap with Valencia cohorts 1038 (Chorao HLF 2017-2022) and 1057 (HCUV INCLIVA 2020-2024) flagged for consolidator adjudication."
318,1125,Raj K,2022,Blood Cancer Journal,10.1038/s41408-022-00729-y,NR,Raj K et al. 2022 - Comparison of outcomes for HLA-matched sibling and h ... yndromes - report from the chronic malignancies working party of EBMT.pdf,Comparison of outcomes for HLA-matched sibling and haplo-identical donors in Myelodysplastic syndromes: report from the chronic malignancies working party of EBMT,multinational,multinational,registry,registry,270,2014,2017,pre_2018,28,26,30,Y,none,,English,Y,N,,RL,PEND,2026-05-26,PEND,"EBMT CMWP MDS family-donor analysis. MSD arm is heterogeneous (multiple prophylaxis schemes; only 4.1% PTCy); HD arm uniformly PTCy. Treated MSD as comparator_arm despite small PTCy fraction, since MSD is the contrast group. Median follow-up 28 mo (95% CI 26-30) per paper."
320,1126,Redondo S,2023,European Journal of Haematology,10.1111/ejh.13978,NR,Redondo S et al. 2023 - Sequence matters - Total body irradiation (TBI)... e early nonrelapse mortality compared with pretransplant cycloph[...].pdf,Sequence matters: Total body irradiation (TBI)-based myeloablative conditioning with post-transplant cyclophosphamide may reduce the early nonrelapse mortality compared with pretransplant cyclophosphamide plus TBI,Spain,EU,retrospective_cohort,single,1,2009,2021,mixed,NR,6,151,Y,partial_overlap,1048_institutional,English,Y,N,,RL,PEND,2026-05-26,PEND,Two-arm sequential era comparison: historical CyTBI 2009-2015 vs prospective FluTBI-PTCy 2016-2021. Median follow-up reported per arm: 82 mo (10-151) CyTBI vs 22 mo (6-43) FluTBI-PTCy; pooled median not given. Conditioning sequence focus = paper compares Cy-pre-TBI vs PTCy-post-TBI on the same TBI-MAC backbone.
321,1127,Redondo S,2024,European Journal of Haematology,10.1111/ejh.14294,NR,Redondo S et al. 2024 - Severity and organ distribution of graft-versus-host disease after post-transplant cyclophosphamide versus tacrolimus-methotrexate - a single center cohort.pdf,Severity and organ distribution of graft-versus-host disease with post-transplant cyclophosphamide versus calcineurin inhibitor plus methotrexate/mycophenolate mofetil or sirolimus in allogenic HLA-matched or single-allele mismatched stem cell transplantation,Spain,EU,retrospective_cohort,single,1,2012,2022,mixed,NR,12,180,Y,partial_overlap,"Redondo 2023 EJH (ref 20, TBI MAC PTCy subset); possibly Garcia-Cadenas 2020 BMT (ref 18)",English,Y,N,,RL,PEND,2026-05-26,PEND,"Single-center Sant Pau Barcelona Hospital cohort, 3 sequential GvHD prophylaxis eras (CNI+MTX/MMF 2012-2016, TAC-SIRO 2012-2016 RIC, PTCy-TAC 2016-2022). Comparison 1 (PTCy vs Tac+MTX/MMF) maps to Cohort-3 vs Cohort-1. Cohort-2 (TAC-SIRO) is a third arm not eligible for Comp 1. Median follow-up reported separately per cohort: 99/69/35 months for Cohort-1/2/3 respectively; min/max 12-180 across all survivors."
323,1024,Ru Y,2025,Bone Marrow Transplantation,10.1038/s41409-025-02708-w,NR,Ru Y et al. 2025 - Haploidentical versus matched unrelated donor hematopoietic stem cell transplantation in adult acute lymphoblastic leukemia - a study from the Global Committee and th[...].pdf,Haploidentical versus matched unrelated donor hematopoietic cell transplantation for adult patients with refractory/relapsed acute lymphoblastic leukemia: a study from the Global Committee and the Acute Leukemia Working Party of the European Society for Blood and Marrow Transplantation,multinational,multinational,retrospective_cohort,registry,NR,2010,2022,mixed,38.4,NR,NR,partial,partial_overlap,NR,English,Y,N,,RL,PEND,2026-05-26,PEND,"EBMT ALWP registry study with contribution from EBMT Shanghai office. Adult R/R ALL patients undergoing first allo-HCT 2010-2022 from haplo (PTCy +/- ATG) or 10/10 MUD (ATG). 249 patients pre-match, 116 (47 Haplo, 69 MUD) post propensity-score matching. Outcomes reported only on PS-matched cohort. Median FU 3.2 yrs (IQR 2.8-4.4) overall. NOT Beijing protocol - haplo arm uses PTCy-based (93% PTCy alone, 7% PTCy+ATG); ATG is used only in the MUD-comparator arm per EBMT MUD standard practice. Chinese contribution via Shanghai office but EBMT methodology."
324,1024,Ruggeri A,2017,Haematologica,10.3324/haematol.2016.151779,27758817,Ruggeri A et al. 2017 - Post-transplant cyclophosphamide versus anti-thymocyte globulin as graft- versus-host disease prophylaxis in haploidentical transplant.pdf,Post-transplant cyclophosphamide versus anti-thymocyte globulin as graft-versus-host disease prophylaxis in haploidentical transplant,multinational,multinational,registry,registry,78,2007,2014,pre_2018,NR,2,84,partial,partial_overlap,NR,English,Y,N,,RL,PEND,2026-05-26,PEND,"EBMT ALWP registry, haplo-SCT for AML CR1/CR2, Jan 2007-Jul 2014, 78 centers. Patients receiving both PTCy and ATG concurrently (n=13) excluded. Median FU differs by arm: PTCy 18mo (range 2-61), ATG 36mo (range 3-84). PTCy group had 60% BM, ATG group 46% BM (p=0.016). 75% of ATG was rabbit Fresenius (Grafalon) at median 20 mg/kg (IQR 20-30); 25% was thymoglobulin at median 10 mg/kg (IQR 10-10)."
325,1024,Ruggeri A,2022,Transplantation and Cellular Therapy,10.1016/j.jtct.2022.07.006,NR,Ruggeri A et al. 2022 - Comparison of Outcomes after Unrelated Double-Unit Cord Blood and Haploidentical Peripheral Blood Stem Cell Transplantation in Adults with Acute Myelogenous Leukemia - A Study on Behalf of Eurocor[...].pdf,Comparison of Outcomes after Unrelated Double-Unit Cord Blood and Haploidentical Peripheral Blood Stem Cell Transplantation in Adults with Acute Myelogenous Leukemia: A Study on Behalf of Eurocord and the Acute Leukemia Working Party of the European Society for Blood and Marrow Transplantation,multinational,multinational,registry,registry,162,2013,2018,mixed,33,NR,NR,partial,partial_overlap,NR,English,Y,N,,RL,PEND,2026-05-26,PEND,"EBMT ALWP / Eurocord registry analysis of adults with de novo AML in CR1/CR2 receiving first allo-HCT between Jan 2013 and Dec 2018, comparing dUCBT (n=165, no PTCy, comparator) vs haplo-PBSC with PTCY (n=544, PTCy arm). Patients who received ATG, Campath, or ex vivo T-cell depletion excluded. Median FU: 2.5y haplo-PTCY (before censoring; converted to 33 months), 4.3y dUCBT (52 months). All outcomes censored at 2.5y due to shorter FU in haplo group. Stated FU in studies row uses haplo-PTCY median (33 months) since PTCy arm is index; dUCBT arm median FU 52 months."
326,1128,Ruggeri A,2024,Haematologica,10.3324/haematol.2023.284445,NR,Ruggeri A et al. 2024 - Matched unrelated donor transplantation versus h ... osphamide in children with acute myeloid leukemia - a PDWP-EBMT study.pdf,Matched unrelated donor transplantation versus haploidentical transplantation with post-transplant cyclophosphamide in children with acute myeloid leukemia: a PDWP-EBMT study,multinational,multinational,registry,registry,117,2011,2021,mixed,NR,NR,NR,Y,none,,English,Y,N,,RL,PEND,2026-05-26,PEND,"Pediatric AML (<18 yrs) PDWP-EBMT study; user prompt described as 'in adults' and 'EBMT ALWP 1024' but actual paper title/methods make clear this is pediatric and PDWP. Created NEW cohort instead of using 1024. Outcomes reported in Table 3 are after matched-pair analysis (253 MUD vs 95 haplo); arm n_patients given as full cohort (420 MUD vs 96 haplo) per Table 1, with denominator_n=matched subset (253/95) for outcome rows. Follow-up censored at 2 years for all outcomes to avoid imbalance between groups; specific median follow-up months not stated numerically."
327,1129,Saade A,2022,Bone Marrow Transplantation,10.1038/s41409-022-01665-y,NR,"Saade A et al. 2022 - Incidence, risk factors and outcome of BK virus he ... nic hematopoietic cell transplantation - a retrospective cohort study.pdf","Incidence, risk factors and outcome of BK virus hemorrhagic cystitis following allogenic hematopoietic cell transplantation: a retrospective cohort study",France,EU,retrospective_cohort,single,1,2016,2019,mixed,21.1,12.4,28.5,Y,none,,English,Y,N,,RL,PEND,2026-05-26,PEND,"Single-center retrospective cohort of 409 allo-HCT recipients. Paper analyzes BKHC as primary outcome with PTCy as a covariate in Fine-Gray multivariate model (sHR 1.32 [0.58-2.99], P=0.51 — not significant). GvHD prophylaxis groups described in Table 1 (CsA, CsA+MMF, PTCy/CsA/MMF n=51, CsA+MTX, other) but BKHC event counts NOT stratified by GvHD prophylaxis group. No event-count contrast between PTCy and non-PTCy arms. Per extraction spec, this is effectively a single-arm descriptive cohort with multivariable risk-factor analysis. Emitting one overall arm row for tracking; BKHC outcome at cohort level reported; PTCy HR captured as informational."
328,1130,Sadowska-Klasa A,2024,Blood Advances,10.1182/bloodadvances.2023012175,NR,Sadowska-Klasa A et al. 2024 - Late cytomegalovirus disease after hemato ... ll transplantation - significance of novel transplantation techniques.pdf,Late cytomegalovirus disease after hematopoietic cell transplantation: significance of novel transplantation techniques,USA,,retrospective_cohort,single,1,2001,2021,mixed,24,NR,NR,Y,partial_overlap,Ueda Oshima 2023 BloodAdv subset; Boeckh 2003 Blood prior era,English,Y,N,,RL,PEND,2026-05-26,PEND,"Primary aim: characterize late CMV disease (after day 100) in CMV-seropositive allo-HCT survivors. PTCy is one of 5 GVHD prophylaxis strata as a covariate in multivariable risk models. Paper does NOT report arm-stratified crude outcomes for aGVHD, NRM, BSI, IFI, OS — only late CMV disease outcomes are stratified by PTCy via multivariable HRs. Patient characteristics (Table 1) are presented for entire PET and LET cohorts, NOT broken down by GVHD prophylaxis arm; therefore PTCy-arm-specific demographic/disease/donor data are NOT extractable. Two-year follow-up post HCT for outcome analyses (landmark at d100 and 1yr). Late CMV disease outcomes extracted for PTCy and non-PTCy synthesized comparator using paper-reported HRs (paper does not provide crude PTCy-stratified CI%)."
332,1131,Sahebi,2019,Biology of Blood and Marrow Transplantation,10.1016/j.bbmt.2018.09.018,NR,Sahebi F et al. 2019 - Outcomes of Haploidentical Transplantation in Patients with Relapsed Multiple Myeloma - An EBMT - CIBMTR Report.pdf,Outcomes of Haploidentical Transplantation in Patients with Relapsed Multiple Myeloma: An EBMT/CIBMTR Report,multinational,multinational,registry,registry,NR,2008,2016,pre_2018,24,13.2,24.9,Y,none,NR,English,Y,N,,RL,PEND,2026-05-26,PEND,EBMT/CIBMTR joint registry analysis of 96 relapsed/refractory MM patients undergoing haploidentical allo-HCT. PT-Cy vs non-PT-Cy compared as univariate subgroup analysis. Two arms extracted by PT-Cy vs no-PT-Cy GVHD prophylaxis. Note: follow-up reported as 'median 24.0 months (range 13.2 to 24.9)' which appears to be reverse Kaplan-Meier estimate (95% CI bounds rather than true min/max range); reported as-given.
334,1132,Salas MQ,2022,Transplantation and Cellular Therapy,10.1016/j.jtct.2022.02.001,NR,Salas MQ et al. 2022 - Improving Safety and Outcomes After Allogeneic Hematopoietic Cell Transplantation - A Single-Center Experience.pdf,Improving Safety and Outcomes After Allogeneic Hematopoietic Cell Transplantation: A Single-Center Experience,Canada,,retrospective_cohort,single,1,2017,2020,mixed,NR,NR,NR,Y,partial_overlap,PEND,English,Y,N,,RL,PEND,2026-05-26,PEND,"Era comparison study (Period 1 2017-2018 vs Period 2 2019-2020) at PMH Toronto. Outcomes for both periods are mixed prophylaxis. Dominant prophylaxis is PTCy-based (90.2% in P1, 76.2% in P2) so both arms classified as PTCy_arm. Outcomes reported only at end-of-followup (Day+180 for infections/ICU/graft failure; Day+100 for aGVHD; 1-year for cGVHD/OS/NRM/CIR/RFS/GRFS). No follow-up median reported. Cohort 'older_adults' label per lead reviewer though study includes all adults 18-76 yr (median 58)."
335,1003,Salas MQ,2022,Transplantation and Cellular Therapy,10.1016/j.jtct.2022.05.009,NR,Salas MQ et al. 2022 - PTCY and Tacrolimus for GVHD Prevention for Older Adults Undergoing HLA-Matched Sibling and Unrelated Donor AlloHCT.pdf,PTCY and Tacrolimus for GVHD Prevention for Older Adults Undergoing HLA-Matched Sibling and Unrelated Donor AlloHCT,Spain,EU,retrospective_cohort,single,1,2014,2021,mixed,25.4,0.9,89.8,partial,partial_overlap,334,English,Y,N,,RL,PEND,2026-05-27,PEND,"Hospital Clinic Barcelona single-center retrospective cohort. 161 consecutive patients aged >50y undergoing first PBSC alloHCT from MSD/MUD/MMUD between Jan 2014-Feb 2021, stratified by GVHD prophylaxis: PTCY-TK (n=88) vs Other CNI-based prophylaxis (n=73). No ATG, no alemtuzumab, no letermovir used in either arm. Abstract narrative reported PTCY-TK n=91/161 (54.8%); however Table 1 reports n=88 (54.7%) and 73 Other, which is the value used throughout Tables 1-4 and figures and adopted here. Table 1 donor distribution within PTCY-TK column (MSD 6+MUD 45+MMUD 40=91) does not internally sum to n=88; reported verbatim. Follow-up reported separately per arm (PTCY-TK 18.8 mo, Other 37.1 mo)."
336,1133,Salas,2024,Bone Marrow Transplantation,10.1038/s41409-023-02159-1,NR,Salas MQ et al. 2024 - Impact of post-transplant cyclophosphamide (PTCy) ... ntation for patients with myelodysplastic syndrome - a retrospec[...].pdf,Impact of post-transplant cyclophosphamide (PTCy)-based prophylaxis in matched sibling donor allogeneic haematopoietic cell transplantation for patients with myelodysplastic syndrome: a retrospective study on behalf of the Chronic Malignancies Working Party of the EBMT,multinational,multinational,retrospective_cohort,registry,52,2014,2020,mixed,54,NR,NR,Y,partial_overlap,"Salas 2023 ASH abstract (Blood 142 Suppl 4938-4940) - same cohort, excluded conference abstract. Possible partial center-level overlap with Chalandon 2024 (EBMT CMWP UD MDS, cohort 1035), Forcade 2022 (EBMT CMWP MDS TCD), Robin 2019 (MSD ATG MF).",English,Y,N,,RL,PEND,2026-05-26,PEND,"EBMT CMWP MSD MDS registry study (n=404, 52 centers). Two arms: PTCy-based (n=66) vs 'other' conventional (n=338); 'other' is heterogeneous mix of CNI-MTX/MMF (n=176) + CNI-MTX/MMF+ATG (n=162). Multivariable models report PTCy-based vs other-without-ATG (n=176) and ATG-based (n=162) vs other-without-ATG (n=176) as separate contrasts. Median follow-up 4.5 years overall. Outcomes reported at D+100 (aGVHD, engraftment, organ tox) and 1yr/5yr (OS, PFS, NRM, CIR, cGVHD)."
337,1134,Salas MQ,2024,Transplantation and Cellular Therapy,10.1016/j.jtct.2024.01.075,NR,Salas MQ et al. 2024 - Outcomes of Antithymocyte Globulin-Post-Transplantation Cyclophosphamide as Graft versus Host Disease Prophylaxis for 10-10 Matched Unrelated Donor Stem Cell Transplant.pdf,Outcomes of Antithymocyte Globulin-Post-Transplantation Cyclophosphamide-Cyclosporine-Based versus Antithymocyte Globulin-Based Prophylaxis for 10/10 HLA-Matched Unrelated Donor Allogeneic Hematopoietic Cell Transplantation,Canada,,retrospective_cohort,single,1,2011,2021,mixed,NR,NR,NR,Y,partial_overlap,PMH cohorts 1013/1042/1043/1044/1119 (partial institutional overlap),English,Y,N,,RL,PEND,2026-05-26,PEND,Single-center retrospective. 3 arms differ by enrollment era and ATG dose. Median follow-up reported per arm (Table 1): ATG-based 19.7 mo (IQR 7.7-38.5); ATG(4.5)/PTCy 46.3 mo (IQR 10.0-53.9); ATG(2)/PTCy 14.1 mo (IQR 5.6-26.5). No pooled follow-up given. ATG(2)/PTCy is the contemporary primary PTCy arm; ATG-based without PTCy is reference comparator. ATG(4.5)/PTCy arm is the historical first-generation dual-T-cell-depletion regimen.
338,1003,Salas,2024,Transplantation and Cellular Therapy,10.1016/j.jtct.2023.11.020,38042256,Salas MQ et al. 2024 - Post-Transplantation Cyclophosphamide and Tacrolimus for Graft-versus-Host Disease Prevention after Allogeneic Hematopoietic Cell Transplantation from HLA-Matched Donors Has More Advantages Than Limitations.pdf,Post-Transplantation Cyclophosphamide and Tacrolimus for Graft-versus-Host Disease Prevention after Allogeneic Hematopoietic Cell Transplantation from HLA-Matched Donors Has More Advantages Than Limitations,Spain,EU,retrospective_cohort,single,1,2011,2021,mixed,24,NR,NR,partial,partial_overlap,Salas 2022 BSI (cohort 1003 index); other Salas/Charry/Pinto Hospital Clinic Barcelona publications,English,Y,N,,RL,PEND,2026-05-26,PEND,"Single-center Hospital Clinic de Barcelona retrospective cohort of 272 consecutive adults undergoing first PBSC alloHCT from 10/10 MSD or 10/10 MUD between June 2011 and November 2021. Compares PTCy/Tac (n=95, era 2016-2021) vs non-PTCy historical controls (n=177, era 2011-2016). Cohort 1003 (Salas_Barcelona); this paper reports GVHD/OS/GRFS outcomes; the 2022 Salas BSI paper is the index publication for cohort 1003. Note: prompt described paper as 'Salas PMH Toronto' but this Salas MQ 2024 paper is from Hospital Clinic de Barcelona; M.Q. Salas was previously at PMH Toronto and is now at Hospital Clinic Barcelona where this study was conducted. Follow-up censored at 2 years for all patients. aGVHD timepoint reported at D+180 (not D+100); cGVHD at 2 years. No patient received ATG. No patient received letermovir (not approved in Spain during study period)."
340,1135,Saliba RM,2022,Transplantation and Cellular Therapy,10.1016/j.jtct.2022.07.013,NR,Saliba RM et al. 2022 - Characteristics of Graft-Versus-Host Disease (GvHD) After Post-Transplantation Cyclophosphamide Versus Conventional GvHD Prophylaxis.pdf,Characteristics of Graft-versus-Host Disease (GvHD) after Post-transplant Cyclophosphamide versus Conventional GvHD Prophylaxis,USA,,registry,registry,NR,2013,2017,pre_2018,27,0.2,66,Y,partial_overlap,NR,English,Y,N,,RL,PEND,2026-05-26,PEND,"CIBMTR registry analysis. Analytic cohorts are CONDITIONAL on GVHD development (selection bias). Parent population: 758 Haplo/PTCy and 2,586 MUD/conventional. Parent-population GVHD incidence reported in text: 6-month CI grade 2-4 aGVHD = 35% Haplo/PTCy vs 42% MUD/conv+ATG vs 46% MUD/conv no-ATG; 2-yr CI cGVHD = 29% Haplo/PTCy vs 29% MUD+ATG vs 46% MUD no-ATG. Outcomes (NRM/OS) reported only within GVHD-developed subset, hence not directly comparable to other primary-population studies; arms reflect parent cohorts to enable extraction of parent-population aGVHD/cGVHD CIs. MUD/conventional arm pools ATG and non-ATG users; ATG subgroup data captured in outcomes_subgroup. Median follow-up shown is overall MUD/conv from survivors after aGVHD; figures vary by subcohort. Prompt noted 'MDACC PTCy vs conv = Comp 1' which is inaccurate; this is CIBMTR registry analysis (Haplo/PTCy vs MUD/conv)."
341,1136,Salinas J,2024,Hematology,10.1080/16078454.2024.2434274,NR,Salinas J. et al. 2024 - Comparison between different reduced intensity conditioning regimens in haploidentical PTCy transplantation in older patients in a LATAM center.pdf,Comparison between different reduced intensity conditioning regimens in AML/MDS patients in a Latin American center of adult stem cell transplantation,Chile,SA,retrospective_cohort,single,1,2012,2022,mixed,NR,NR,NR,Y,partial_overlap,Sarmiento_2020_HematolTransfusCellTher_ref9,English,Y,N,,RL,PEND,2026-05-26,PEND,"Within-PTCy RIC variant comparison (Comp 3 eligible) — all three RIC arms include mixed donor populations with PTCy use predominant since 2017 (and PTCy used uniformly for haploidentical throughout); before 2017 GVHD prophylaxis varied by donor (CsA/MTX MRD, ATG MUD, PTCy haplo). Paper does not report what proportion of each RIC arm received PTCy. Donor type distribution differs significantly across RIC arms (p=0.001). 3-yr OS/PFS endpoints reported by RIC arm only (not by PTCy use). Limited outcome reporting: no D+100 timepoints, no cumulative incidence functions, no NRM/IRM/infection-specific reporting. Only 3-yr OS, PFS, aGVHD III-IV (any timepoint composite, not D+100-specific), cGVHD (any timepoint, no NIH severity), and ICU admission reported. Methods state enrollment to 2023 but abstract/results/title period table is 2012-2022; using 2022 as end year per abstract."
343,1024,Santoro,2017,Journal of Hematology & Oncology,10.1186/s13045-017-0480-5,NR,Santoro N et al. 2017 - Unmanipulated haploidentical stem cell transplan ... a - a study on behalf of the Acute Leukemia Working Party of the EBMT.pdf,Unmanipulated haploidentical stem cell transplantation in adults with acute lymphoblastic leukemia: a study on behalf of the Acute Leukemia Working Party of the EBMT,multinational,multinational,registry,registry,69,2007,2014,pre_2018,31,2,79,partial,partial_overlap,EBMT_ALWP_cluster_1024,English,Y,N,,RL,PEND,2026-05-26,PEND,EBMT ALWP registry retrospective analysis of 208 adults with ALL undergoing unmanipulated haplo-SCT 2007-2014. Two arms by GVHD prophylaxis: PTCy n=118 (57%) vs ATG n=90 (43%). Outcomes in main text are POOLED across both arms; arm-level outcomes not split numerically (only HR ATG vs PTCy reported in MV analysis Table 2; Fig 3 shows OS/LFS curves by GVHD prophylaxis without numeric values). HRs recorded on ATG arm with PTCy as reference. Pooled outcomes recorded on PTCy arm as the index arm (predominant 57%) with noted limitation.
344,1024,Santoro,2018,Journal of Hematology & Oncology,10.1186/s13045-018-0598-0,NR,Santoro N et al. 2018 - Unmanipulated haploidentical in comparison with ... h acute myeloid leukemia - a comparative study on behalf of the [...].pdf,Unmanipulated haploidentical in comparison with matched unrelated donor stem cell transplantation in patients 60 years and older with acute myeloid leukemia: a comparative study on behalf of the ALWP of the EBMT,multinational,multinational,registry,registry,210,2007,2014,pre_2018,23,0.2,128,partial,partial_overlap,NR,English,Y,N,,RL,PEND,2026-05-26,PEND,"EBMT ALWP registry study comparing Haplo (n=250) vs MUD 10/10 (n=2589) in AML patients aged 60+, 2007-2014, 210 EBMT centers. Haplo arm heterogeneous: 65% PT-Cy, 26% ATG; MUD arm 75% ATG, 1% PT-Cy. Multivariate HRs reported for full cohort plus propensity-matched (225 Haplo : 450 MUD). No infection outcomes reported (CMV, BSI, IFI). Comparative HRs MUD vs Haplo. Note: per spec only PT-Cy arms vs comparator; Haplo arm is mixed (PT-Cy ~65% + ATG-based ~26%), and MUD comparator is primarily ATG/CNI (not PTCy). Haplo arm treated as PTCy_arm (predominant PT-Cy)."
345,1024,Santoro N,2019,Cancer,10.1002/cncr.31941,NR,Santoro et al. 2019 - Impact of conditioning intensity on outcomes of haploidentical stem cell transplantation for patients with acute myeloid leukemia 45 years of age and over.pdf,Impact of conditioning intensity on outcomes of haploidentical stem cell transplantation for patients with acute myeloid leukemia 45 years of age and over,multinational,multinational,registry,registry,162,2007,2016,pre_2018,28,0.43,119.9,partial,partial_overlap,EBMT_ALWP_cohort_1024,English,Y,N,,RL,PEND,2026-05-26,PEND,"EBMT ALWP registry study comparing MAC (n=373) vs RIC (n=539) haplo-SCT in AML patients >=45 years. Mixed GVHD prophylaxis within each arm: PTCy used in 77.9% MAC and 78% RIC; ATG in 16.9% MAC and 18.4% RIC; both PTCy+ATG combination in 5.1% MAC and 3.7% RIC. The paper does NOT report MAC vs RIC outcomes stratified to PTCy-only subset; arm-level outcomes are mixed-prophylaxis. Within-PTCy MAC vs RIC comparison can only be obtained via the multivariate Cox model where PTCy vs ATG is a covariate (PT-Cy associated with reduced grade III-IV aGVHD, reduced NRM, improved OS/LFS/GRFS). Follow-up medians: MAC 31.1 mo, RIC 25.7 mo; weighted average ~28 mo. Country=multinational (162 EBMT centers, mainly Europe)."
346,1137,Santos Carreira,2023,Transplantation and Cellular Therapy,10.1016/j.jtct.2023.07.007,NR,Santos Carreira A et al. 2023 - Interaction Between High-Dose Intravenou ... orrhagic Cystitis After Allogeneic Hematopoietic Cell Transplantation.pdf,Interaction Between High-Dose Intravenous Busulfan and Post-Transplantation Cyclophosphamide on Hemorrhagic Cystitis After Allogeneic Hematopoietic Cell Transplantation,Canada,,retrospective_cohort,single,1,2015,2021,mixed,25.4,0.9,89.8,Y,partial_overlap,PMH cohorts 1013/1042/1043/1044 institutional overlap,English,Y,N,,RL,PEND,2026-05-26,PEND,"Paper focus is BK HC and HD Bu x PTCy-ATG-CsA interaction. Baseline characteristics and most outcomes (aGVHD, CMV, EBV, OS, NRM) reported only for the entire 960-patient cohort, NOT stratified by PTCy arm. PTCy stratification is only via composite 4-group HC analysis with HRs (HD Bu+ATG-PTCY-CsA, HD Bu alone, other+ATG-PTCY-CsA, neither). Cannot extract separable PTCy_arm vs comparator_arm baseline demographics or outcome rates. Header label 'IVIG' appears mismatched (paper is about IV Bu, not IVIG). Single-arm-style extraction with cohort-level BK HC outcomes plus composite HR for PTCy interaction. ATG used by 91.4% of PTCy recipients (635/695); ATG was 4.5 mg/kg before May 2018, reduced to 2 mg/kg for HLA-matched donors thereafter; haplo continued at 4.5 mg/kg. PTCy 50 mg/kg/d D+3 and +4."
347,1038,Sanz MA,2024,Bone Marrow Transplantation,10.1038/s41409-024-02319-x,NR,Sanz MÁ et al. 2024 - Longitudinal outcome over four decades of allogeneic stem cell transplantation - a single center experience.pdf,Longitudinal outcome over four decades of allogeneic stem cell transplantation: a single center experience,Spain,EU,single_arm_descriptive_excluded,single,1,1978,2022,mixed,NR,NR,NR,N,overlap_superset_of,cohort_1038_Chorao_2017_2022_subset,English,Y,N,,RL,PEND,2026-05-26,PEND,"EXCLUDED as descriptive era-trend single-center longitudinal study (1978-2022, N=1707) at Hospital Universitari i Politècnic La Fe, Valencia, Spain. Five time periods compared (1978-1987, 1988-1997, 1998-2007, 2008-2016, 2017-2022). PTCy was introduced as uniform CNI-free GVHD prophylaxis (PTCy+sirolimus+MMF) only in the 2017-2022 era (n=469/503=93% of that era, vs 0% in 1978-2016 except 45 patients in 2008-2016). No within-era PTCy vs comparator contrast available. The era comparisons are deeply confounded by simultaneous changes in donor type (shift from UCB to haplo/MUD), conditioning intensity (TBF-based), supportive care, and letermovir availability. Multivariable HR for PTCy on NRM = 0.47 (95% CI 0.27-0.79, p=0.005) is institution-wide adjusted across all 4 analyzable eras but does not isolate a clean PTCy vs non-PTCy arm contrast within a single time period. Cohort overlap: this paper is a SUPERSET of cohort 1038 (Chorao_Portuguese_single_center, 2017-2022 La Fe Valencia subset, N=366); the 2017-2022 era (N=503) of Sanz 2024 fully contains the Chorao cohort. Do not extract PTCy arm rows from this paper — protocol-excluded per spec (single_arm_descriptive_excluded). Tracked for PRISMA flow."
348,1138,Sayin S,2024,Mediterranean Journal of Hematology and Infectious Diseases,10.4084/MJHID.2024.016,NR,Sayýn S et al. 2024 - Comparison of Infectious Complications in Patients ... m A 9 - 10 HLA-Matched Unrelated Donor with Standard GvHD Prophy[...].pdf,Comparison of Infectious Complications in Patients Receiving High-Dose Cyclophosphamide as GvHD Prophylaxis After Transplantation From A 9/10 HLA-Matched Unrelated Donor with Standard GvHD Prophylaxis After Transplant From A Fully Matched Related Donor,Turkey,EU,retrospective_cohort,multi,3,2016,2022,mixed,30,5,125,Y,partial_overlap,349,English,Y,N,,RL,PEND,2026-05-26,PEND,Three Ankara HSCT centers. Comparison is PTCy MMUD vs non-PTCy MRD (NOT PTCy vs ATG as user prompt suggested - ATG was explicit exclusion criterion). Follow-up 30 months (range 5-74) for PTCy arm; 21.16 months (5-125) for control. Studies 348/349 likely duplicate. Paper assigns 45 to each arm but Table 1 column header says n=45 while gender row sums to 42 (PTCy) and 37 (control) - apparent typographic inconsistency in Table 1; n=45 per arm used per Methods and abstract.
352,1139,Seber A,2025,Frontiers in Oncology,10.3389/fonc.2025.1584631,NR,"Seber A et al. 2025 - Haploidentical, matched-related, and matched-unrel ... oidentical transplant implementation in a developing country wit[...].pdf","Haploidentical, matched-related, and matched-unrelated hematopoietic cell transplant for acute leukemias in the early years of haploidentical transplant implementation in a developing country with a large unrelated donor registry",Brazil,SA,retrospective_cohort,registry,NR,2014,2018,mixed,NR,NR,NR,Y,partial_overlap,NR,English,Y,N,,RL,PEND,2026-05-26,PEND,"SBTMO-CIBMTR Brazilian registry study, acute leukemia (AML/ALL) only, 2014-2018, 595 patients. 3 donor arms with CR1 / CR2+ subgroups. Median follow-up reported per donor type per arm (MSD ~46 mo overall; Haplo 24.9/35.5 mo CR1/CR2+; MUD 31.7/43.6 CR1/CR2+) - no overall cohort median reported, so left NR. n_centers explicitly not stated (registry-based; SBTMO/CIBMTR Brazilian centers). Acute GVHD not analyzed due to data unavailability per Methods."
353,1140,Serio B,2024,Hematology Reports,10.3390/hematolrep16020023,NR,Serio et al. 2024 - Post-Transplant Cyclophosphamide versus Anti-Thymocyte Globulin in Hematopoietic Stem Cell Transplantation.pdf,Post-Transplant Cyclophosphamide versus Anti-Thymocyte Globulin in Patients with Hematological Malignancies Treated with Allogeneic Hematopoietic Stem Cell Transplantation from Haploidentical and Matched Unrelated Donors: A Real-Life Experience,Italy,EU,retrospective_cohort,multi,2,2009,2021,mixed,NR,NR,NR,Y,none,,English,Y,N,,RL,PEND,2026-05-26,PEND,PTCy vs ATG = Comparison 2. Italian two-center real-life retrospective. Small N (40); enrollment 2009-2021 (mixed era). Median follow-up not explicitly reported; KM curves extend to ~60-78 months. Most cohort members were haploidentical (PTCy: 22/24 haplo + 2 MUD; ATG: 16/16 haplo by donor type distribution).
357,1141,Sharaf El-Deen MO,2024,Toxicology and Applied Pharmacology,10.1016/j.taap.2024.117071,NR,Sharaf El-Deen MO et al. 2024 - Post-transplantation cyclophosphamide an ... ylaxis after allogeneic peripheral stem cell transplantation in [...].pdf,Post-transplantation cyclophosphamide and cyclosporine A versus methotrexate and cyclosporine A for graft-versus-host disease prophylaxis after allogeneic peripheral stem cell transplantation in adult acute myeloid leukemia patients,Egypt,Africa,prospective_cohort,single,1,2015,2021,mixed,12,NR,NR,Y,none,,English,Y,N,,RL,PEND,2026-05-26,PEND,"Observational cohort (prospective from 2019; retrospective before). Follow-up fixed at 1 year per protocol or until death/relapse. Prompt described as 'PTCy + ATG combo'; on inspection, NO ATG used in either arm. Pure PTCy vs MTX comparator in MSD/MUD 10/10 setting with 100% PBSC and AML-only. Title says 'matched related and unrelated' though Abstract emphasizes MSD; Methods state 10/10 matched donor 'not necessarily sibling'."
358,1142,Shiratori S,2025,Scientific Reports,10.1038/s41598-025-07263-4,NR,Shiratori S et al. 2025 - A comparative study of GVHD prophylaxis using ... TG versus PTCy for PBSCT based on two independent prospective cohorts.pdf,A comparative study of GVHD prophylaxis using low dose ATG versus PTCy for PBSCT based on two independent prospective cohorts,Japan,Asia,prospective_cohort,multi,9,2016,2021,mixed,23.7,NR,NR,Y,none,NR,English,Y,N,,RL,PEND,2026-05-26,PEND,Comparative analysis pooling two non-overlapping JSCT phase II single-arm trials (JSCT-ATG15 and JSCT-PTCY19). Note abstract text states PTCy n=40 but Methods/Results/Table 1 consistently report PTCy n=41 (typo in abstract). Median follow-up 721 days = 23.7 months. Cardiac toxicity discussed but not formally extracted. Adverse events reported as % of original phase II cohorts. aGVHD CI reported at D+200 (not D+100). cGVHD CI reported at 2yr (not 1yr). Conditioning differed by protocol (ATG=MAC only; PTCy=MAC or RIC). HLA mismatch only in PTCy arm. Comp 2 = Low-dose ATG vs PTCy.
359,1143,Shouman MT,2023,Hematology/Oncology and Stem Cell Therapy,10.56875/2589-0646.1065,NR,Shouman MT et al. 2023 - Post-transplantation Cyclophosphamide-based Graft-versus-host Disease Prophylaxis in Matched-related Allogeneic Hematopoietic Stem Cell Transplantation.pdf,Post-transplantation Cyclophosphamide-based Graft-versus-host-disease Prophylaxis Compared to Methotrexate-cyclosporine a in Matched-related Allogeneic Hematopoietic Stem Cell Transplantation,Egypt,Africa,retrospective_cohort,multi,2,2015,2019,mixed,NR,0.5,52,Y,none,,English,Y,N,,RL,PEND,2026-05-26,PEND,"Prospective PTCy arm (Dec 2017-Jun 2019) vs retrospective historical MTX/CsA arm (Sep 2015-Aug 2019). Note PTCy arm has 2/75 patients with one-antigen MMRD. Per-arm median follow-up reported: 12.5 mo PTCy vs 19 mo MTX. Conditioning was uniform Flu/Bu in PTCy arm; heterogeneous (BuCy 64%, BuFlu 24%, TBI/Cy 12%) in MTX arm."
360,NEW_SijsSzabo_2023,Sijs-Szabo A,2023,Transplantation,10.1097/TP.0000000000004706,NR,Sijs-Szabo A. et al. 2023 - Allogeneic Stem Cell Transplantation in Patients with Acute Lymphoblastic Leukemia.pdf,Allogeneic Stem Cell Transplantation in Patients >40 Years of Age With Acute Lymphoblastic Leukemia: Reduced Intensity Versus Myeloablative Conditioning,Netherlands,EU,single_arm_descriptive_excluded,multi,8,2001,2015,pre_2018,NR,NR,NR,Y,none,,English,Y,N,,RL,PEND,2026-05-26,PEND,"PROTOCOL-EXCLUDED: No PTCy used in this study. GVHD prophylaxis was calcineurin inhibitor +/- MMF (>80% of patients). The study compares RIC (n=111, mainly fludarabine + 2Gy TBI Seattle regimen) vs MAC (n=77, mainly high-dose TBI + cyclophosphamide) for ALL CR1 in patients aged 41-65 from Dutch HOVON-37/HOVON-71/HOVON-100 induction trials, 2001-2015, 8 Dutch academic centers. In vivo T-cell depletion (alemtuzumab or ATG) used in 40% MAC vs 27% RIC. No PTCy arm exists; paper does not qualify for PTCy-vs-comparator contrast. Tracked for PRISMA only. Distinct from HOVON-96 (cohort 1031) which is the Dutch PTCy NMA RCT."
361,1001,Singh,2022,Transplantation and Cellular Therapy,10.1016/j.jtct.2021.09.015,NR,Singh A et al. 2022 - Post-Transplantation Cyclophosphamide Is Associated with an Increase in Non-Cytomegalovirus Herpesvirus Infections in Patients with Acute Leukemia and Myelodysplastic Syndrome.pdf,Post-Transplantation Cyclophosphamide Is Associated with an Increase in Non-Cytomegalovirus Herpesvirus Infections in Patients with Acute Leukemia and Myelodysplastic Syndrome,USA,,registry,registry,100,2012,2017,pre_2018,NR,NR,NR,partial,partial_overlap,Goldsmith_2021_CMV_primary,English,Y,N,,RL,PEND,2026-05-26,PEND,"Singh 2022 is the primary publication for non-CMV herpesvirus (NCHV) outcomes (HHV-6, EBV, HSV, VZV) within CIBMTR HaploCy/SibCy/SibCNI cohort 1001. CIBMTR CRF data; AML/ALL/MDS patients age >2; data lock Jan 1 2019. Sibling comparator HCTs allowed. Outcomes limited to NCHV viremia/organ disease + multivariable 2-yr OS/NRM/cGVHD; granular acute GVHD CI%, BSI, IFI, CMV not separately tabulated in this paper."
363,1144,Soltermann Y,2019,Annals of Hematology,10.1007/s00277-019-03673-3,NR,Soltermann Y et al. 2019 - Reduced dose of post-transplantation cyclopho ... matched unrelated donor hematopoietic cell transplantation - a single-center study.pdf,Reduced dose of post-transplantation cyclophosphamide compared to ATG for graft-versus-host disease prophylaxis in recipients of mismatched unrelated donor hematopoietic cell transplantation: a single-center study,Switzerland,EU,retrospective_cohort,single,1,2010,2018,mixed,31,NR,NR,Y,partial_overlap,NR,English,Y,N,,RL,PEND,2026-05-26,PEND,Single-center Basel cohort. Reduced-dose PTCy 40 mg/kg x2 (Comp 2 eligible). 9/10 MMUD only. Median follow-up 24mo PTCy vs 55mo ATG.
364,1145,Srour SA,2017,Biology of Blood and Marrow Transplantation,10.1016/j.bbmt.2016.11.008,NR,Srour et al. 2017 - Haploidentical Transplantation with Post-Transplantation Cyclophosphamide for High-Risk Acute Lymphoblastic Leukemia.pdf,Haploidentical Transplantation with Post-Transplantation Cyclophosphamide for High-Risk Acute Lymphoblastic Leukemia,USA/Colombia,multinational,retrospective_cohort,multi,5,2005,2015,pre_2018,12.8,0.2,55.9,Y,none,,English,Y,N,,RL,PEND,2026-05-26,PEND,"5-center retrospective cohort (MDACC lead, City of Hope, Wash U, Northside Atlanta, Medellin Colombia). 109 adult ALL patients with haplo PTCy. Includes 13 pts with 2nd HSCT analyzed separately. Single-arm (haplo PTCy only) - no comparator arm in this study, but extracted as PTCy arm for the meta-analysis pool."
366,1086,Steiner N,2024,Bone Marrow Transplantation,10.1038/s41409-024-02328-w,NR,Steiner N et al. 2024 - Anti-T-lymphocyte globulin (ATLG) compared to po ... laxis in ALL patients undergoing allogeneic stem cell transplantation.pdf,Anti-T-lymphocyte globulin (ATLG) compared to post-transplant cyclophosphamide as GvHD prophylaxis in ALL patients undergoing allogeneic stem cell transplantation,Germany,EU,retrospective_cohort,single,1,1993,2023,mixed,NR,NR,NR,partial,partial_overlap,Massoud_2022_ref51,English,Y,N,,RL,PEND,2026-05-26,PEND,"Single-center UKE Hamburg analysis of high-risk ALL CR1 patients (n=147) receiving TBI-based MAC with ATLG (n=74) or PTCy (n=73) for GvHD prophylaxis between 1993-2023. Cohort overlap with Hamburg_Massoud (1086) likely as same institution, with Massoud as co-author (Massoud 2022 ref 51 cited). ATLG era predominantly pre-2014, PTCy era post-2014. Comparison 2 (ATG vs PTCy) eligible."
368,1064,Sugita J,2022,Bone Marrow Transplantation,10.1038/s41409-022-01770-y,NR,Sugita J et al. 2022 - Comparable survival outcomes with haploidentical stem cell transplantation and cord blood transplantation.pdf,Comparable survival outcomes with haploidentical stem cell transplantation and cord blood transplantation,Japan,Asia,registry,registry,158,2012,2015,pre_2018,NR,1.8,46.7,Y,none,,English,Y,N,,RL,PEND,2026-05-26,PEND,"JSHCT/JDCHCT TRUMP registry matched-pair (1:3) analysis. Acute leukemia (AML/ALL) + MDS, ages 16-69. PTCy-haplo n=136 (PBSCT n=130, BMT n=5, PBSCT+BMT n=1) vs single-unit UCBT n=408. Enrollment 2012-2015. PTCy was conducted as clinical trials at 31 centers; UCBT at 127 centers. Follow-up median for survivors: PTCy-haplo 1.82 yr (0.15-3.89), UCBT 2.89 yr (0.19-5.55). Cohort 1064 (JDCHCT_TRUMP2_UCBT_vs_PTCyHaplo) - this is the primary publication. Primary outcome: OS at 2 years. Infections (BSI/CMV/IFI) not reported. Follow_up_min/max converted from years to months (0.15yr=1.8mo, 3.89yr=46.7mo for PTCy arm; UCBT arm 0.19-5.55yr = 2.3-66.6mo)."
371,1146,Tang F,2020,Science China Life Sciences,10.1007/s11427-019-9594-7,NR,Tang F et al. 2020 - Comparison of the clinical outcomes of hematologic malignancies after myeloablative haploidentical transplantation with anti-thymocyte globulin and posttransplant cyclophosphamide.pdf,Comparison of the clinical outcomes of hematologic malignancies after myeloablative haploidentical transplantation with G-CSF/ATG and posttransplant cyclophosphamide: results from the Chinese Bone Marrow Transplantation Registry Group (CBMTRG),China,Asia,retrospective_cohort,multi,5,2013,2018,pre_2018,46.5,21.7,83.4,Y,none,,English,Y,N,,RL,PEND,2026-05-26,PEND,"Multicenter Chinese CBMTRG registry retrospective comparison of MAC haplo-HSCT with G-CSF/ATG (Beijing Protocol) vs PTCy (Baltimore Protocol). Nested case-pair 1:4 matching by diagnosis, refined DRI, age (+/-5yr), year of HSCT (+/-2yr). NB: ATG and PTCy are in SEPARATE arms; this is NOT a paper on combined ATG+PTCy (the assignment note appears to mischaracterize this). Both arms qualify for inclusion in the meta-analysis: G-CSF/ATG arm is a comparator (non-PTCy), PTCy arm is the index arm."
374,1147,Tarella C,2025,Transplantation and Cellular Therapy,10.1016/j.jtct.2025.06.004,NR,Tarella C et al. 2025 - Long-Term Outcomes After Allogeneic Hematopoieti ... ell Non-Hodgkin Lymphoma - An Italian Multicenter Collaborative Study.pdf,Long-Term Outcomes After Allogeneic Hematopoietic Stem Cell Transplantation in Relapsed/Refractory B-Cell Non-Hodgkin Lymphoma: An Italian Multicenter Collaborative Study,Italy,EU,retrospective_cohort,multi,6,2000,2020,mixed,104.4,3.6,264,Y,partial_overlap,NR,English,Y,N,,RL,PEND,2026-05-26,PEND,"Paper is B-cell NHL allo-HSCT (not T-NHL as initial routing suggested). Six Italian centers reporting to GITMO/EBMT registry; possible partial overlap with EBMT registry studies. PTCy stratification reported (n=59 PTCy vs n=226 no-PTCy) — eligible for comparison_1 (PTCy vs non-PTCy). No infection outcomes reported (BSI, CMV, IFI all absent); deaths from infection mentioned narratively only. Follow-up median 8.7 yr (range 0.3-22 yr) for survivors."
375,1148,Tischer J,2015,Annals of Hematology,10.1007/s00277-015-2423-y,NR,Tischer J et al. 2015 - Virus infection in HLA-haploidentical hematopoietic stem cell transplantation - incidence in the context of immune recovery in two different transplantation settings.pdf,Virus infection in HLA-haploidentical hematopoietic stem cell transplantation: incidence in the context of immune recovery in two different transplantation settings,Germany,EU,retrospective_cohort,single,1,2006,2011,pre_2018,NR,NR,NR,Y,none,,English,Y,N,,RL,PEND,2026-05-26,PEND,Median follow-up reported separately per arm: cTCR/TCD 6.8 years (range 6.1-7.4); TCR/PTCY 2.8 years (range 2.4-3.8). Two different observational eras for the two groups.
379,1149,Ueda Oshima M,2023,Blood Advances,10.1182/bloodadvances.2022009112,NR,Ueda Oshima M et al. 2023 - Impact of GVHD prophylaxis on CMV reactivation and disease after HLA-matched peripheral blood stem cell transplantation.pdf,Impact of GVHD prophylaxis on CMV reactivation and disease after HLA-matched peripheral blood stem cell transplantation,USA,,retrospective_cohort,single,1,2007,2018,mixed,NR,NR,NR,Y,none,,English,Y,N,,RL,PEND,2026-05-26,PEND,"FHCRC Seattle single-center retrospective cohort. 3-arm comparison: MTX (n=322), MMF (n=414), PTCy (n=44). Pre-letermovir era. Focus on CMV reactivation kinetics."
380,1150,Ueda Oshima M,2025,Journal of Clinical Oncology,10.1200/JCO-25-01238,NR,Ueda Oshima M et al. 2025 - Sirolimus and Cyclosporine With Post-Transplantation Cyclophosphamide As Graft-Versus-Host Disease Prophylaxis.pdf,Sirolimus and Cyclosporine With Post-Transplant Cyclophosphamide or Mycophenolate Mofetil as Graft-Versus-Host Disease Prophylaxis in Unrelated Donor Hematopoietic Cell Transplantation,USA,,RCT,single,1,2017,2024,mixed,36,7.2,84,Y,none,,English,Y,N,,RL,PEND,2026-05-26,PEND,"Phase II open-label RCT, NCT03246906. Open Oct 2017, closed Jun 2024 after accruing 150 (target 160; declining accrual). 145 randomized and treated (PTCy=72, non-PTCy=73). Median follow-up among survivors = 3.0 years (range 0.6-7.0). Conditioning: FLU/MEL/TBI (RIC) or FLU/TBI (NMA). All grafts mobilized PBSC from unrelated donors. HLA 10/10 ~80%, 9/10 ~20%."
382,1001,Ustun C,2024,Bone Marrow Transplantation,10.1038/s41409-023-02131-z,NR,Ustun C et al. 2024 - Post-transplantation cyclophosphamide is associated with increased bacterial infections in matched related donor hematopoietic cell transplantation.pdf,Post-transplantation cyclophosphamide is associated with increased bacterial infections,USA,,registry,registry,102,2012,2017,mixed,25,2,75,partial,overlap_superset_of,Goldsmith 2021 (CMV primary pub of same cohort 1001); Singh 2022 non-CMV herpes; Mulroney 2021 CRV,English,Y,N,,RL,PEND,2026-05-26,PEND,Same CIBMTR cohort 1001 (HaploCy/SibCy/SibCNI; 2012-2017) as Goldsmith 2021 (CMV primary). This paper is the bacterial-infection primary publication. Block 8 task scope: PTCy vs non-PTCy MRD BSI comparison (SibCy vs SibCNI arms). IFI not reported in this paper - bacterial infections only.
383,1024,Villalba M,2026,Bone Marrow Transplantation,10.1038/s41409-025-02751-7,NR,Villalba M et al. 2026 - Impact of donor selection in adverse-risk AML u ... transplantation - A study from the EBMT Acute Leukemia Working Party.pdf,Impact of donor selection in adverse-risk AML undergoing hematopoietic cell transplantation: A study from the EBMT Acute Leukemia Working Party,multinational,multinational,registry,registry,NR,2017,2022,post_2018,24,NR,NR,partial,partial_overlap,NR,English,Y,N,,RL,PEND,2026-05-26,PEND,"EBMT ALWP registry study (cohort 1024). Adverse-risk cytogenetic AML in CR1, transplanted 2017-2022. Two analyses presented: entire cohort (N=3006, heterogeneous GVHD prophylaxis incl ATG/PTCy/other) and PTCy-only subgroup (N=702). Only the PTCy subgroup is extracted as arms here since the protocol-relevant comparison is PTCy by donor type. Within PTCy cohort: MSD-PTCy n=79, MUD-PTCy n=111, MMUD-PTCy n=66, Haplo-PTCy n=446. HRs use MSD-PTCy as reference. No infection (BSI/CMV/IFI) outcomes reported."
384,1024,Vydra,2026,Bone Marrow Transplantation,10.1038/s41409-025-02766-0,NR,Vydra J et al. 2026 - Posttransplant cyclophosphamide versus antithymocyte globulin in HLA-matched allogeneic hematopoietic cell transplantation.pdf,Posttransplant cyclophosphamide versus antithymocyte globulin in patients with cardiovascular comorbidity undergoing allogeneic hematopoietic cell transplantation for acute myeloid leukaemia in first complete remission from unrelated donors: a retrospective matched-pair analysis from the ALWP of the EBMT,multinational,EU,retrospective_cohort,registry,NR,2010,2022,mixed,18.6,NR,NR,partial,partial_overlap,NR,English,Y,N,,RL,PEND,2026-05-26,PEND,"EBMT ALWP registry analysis. AML CR1, unrelated donors (10/10 or 9/10), with cardiovascular comorbidity per HCT-CI. Propensity score matched-pair analysis (3:1 ATG:ptCy with caliper 0.2). 432 matched patients from 1256 identified. Czech first author (Vydra, Prague). Median follow-up: 1.9y (ATG) and 1.2y (ptCy); weighted avg ~1.55y reported here as 18.6 months (approximate). Paper does NOT report IFI/infection outcomes — only OS, LFS, RI, NRM, aGVHD II-IV, aGVHD III-IV, cGVHD, ext-cGVHD. User prompt mentioned 'Use IFI' but IFI data unavailable in this paper."
386,1151,Wadhera S,2026,Blood Cell Therapy,10.31547/bct-2025-018,NR,Wadhera S et al. 2026 - Real-World Outcomes of Allogeneic Stem Cell Tran ... in Relapsed Hodgkin Lymphoma - A Single-Center Experience from India.pdf,Real-World Outcomes of Allogeneic Stem Cell Transplantation in Relapsed Hodgkin Lymphoma: A Single-Center Experience from India,India,Asia,single_arm_descriptive_excluded,single,1,2017,2023,mixed,44,22,44,Y,none,,English,Y,N,,RL,PEND,2026-05-26,PEND,"Single-arm descriptive case series (n=5) of allo-HSCT in chemotherapy-sensitive relapsed HL post auto-HSCT. PT-Cy used in 4/5 patients (mixed donors: 3 haplo, 1 MUD, 1 MSD; mixed conditioning: 2 RIC Flu-Cy-TBI, 2 RTC Flu-Treo, 1 MAC Flu-Bu). No comparator arm and PTCy not isolated to a single comparable arm. Per spec, single-arm descriptive papers with no PTCy contrast are protocol-excluded; tracked for PRISMA. Outcome extraction skipped. 3-year OS 80%, 1 early TRM (Gram-negative sepsis on d10), grade III aGVHD in 1, limited cGVHD in 2."
389,1152,Wang T,2022,Chin J Clin Pharmacol Ther,10.12092/j.issn.1009-2501.2022.03.008,NR,Wang T. et al. 2022 - Clinical analysis of the effect of fludarabine com ... n cyclophosphamide in haploid hematopoietic stem cell transplantation.pdf,Clinical analysis of the effect of fludarabine combined with post-transplantation cyclophosphamide in haploid hematopoietic stem cell transplantation,China,Asia,retrospective_cohort,single,1,2014,2020,mixed,11.8,0.03,61.1,Y,none,,translation_obtained,Y,N,,RL,PEND,2026-05-26,PEND,"Chinese language paper, English abstract available. Median follow-up: PTCy arm 284 days (8-873); BUCY-ATG arm 729 days (1-1860); overall 359 days (1-1860). Conditioning is BUCY (Busulfan+Cyclophosphamide) backbone with addition of Flu and post-transplant CTX in PTCy arm vs ATG in comparator arm."
390,1153,Wang Y,2019,Journal of Hematology & Oncology,10.1186/s13045-019-0781-y,NR,Wang Y et al. 2019 - Low-dose post-transplant cyclophosphamide and anti... an effective strategy for GVHD prevention in haploidentical patients.pdf,Low-dose post-transplant cyclophosphamide and anti-thymocyte globulin as an effective strategy for GVHD prevention in haploidentical patients,China,Asia,prospective_cohort,multi,3,2015,2018,mixed,24,0.1,48.3,Y,overlap_superset_of,Wang_2017_Oncoimmunology_40pts_subset,English,Y,N,,RL,PEND,2026-05-26,PEND,"Extended prospective trial (NCT02412423) from Peking U vs contemporary external control from Soochow + Nanfang. Median follow-up reported in days separately for cohorts (587d ATG-PTCy, 682d ATG); used overall ~24mo approximation. ATG-PTCy is the index arm; ATG-only is comparator. Both arms received Beijing MAC + standard ATG/G-CSF + CSA+MMF+MTX."
391,1092,Wieduwilt,2022,Blood Advances,10.1182/bloodadvances.2021004916,NR,"Wieduwilt et al. 2022 - Haploidentical vs sibling, unrelated, or cord blood hematopoietic cell transplantation for acute lymphoblastic leukemia.pdf","Haploidentical vs sibling, unrelated, or cord blood hematopoietic cell transplantation for acute lymphoblastic leukemia",USA_multinational,multinational,registry,registry,648,2013,2017,pre_2018,30,3,74,Y,none,NR,English,Y,N,,RL,PEND,2026-05-26,PEND,"CIBMTR registry retrospective comparison of 5 donor/HCT groups in adult ALL (CR1/CR2/>=CR3) 2013-2017. Haplo arm requires PTCy; T-cell depleted/CD34 selected excluded. Outcomes reported as adjusted HRs (Cox multivariable) vs haploidentical reference; no direct cumulative incidences for aGVHD/cGVHD/NRM/relapse/OS reported in main tables — only HRs and KM/CI curves. Cause-of-death table provides % of deaths by category. Median follow-up differs by arm (haplo 24 mo; others 26-35 mo); pooled approximate 30 mo used. No center count given for total; sum of per-arm centers (92+206+181+90+79=648) used, may include same centers in multiple arms."
395,1154,Wu L,2025,British Journal of Haematology,10.1111/bjh.70133,NR,Wu L. et al. 2025 - Clinical outcomes of modified post-transplantation cyclophosphamide and anti-thymocyte globulin-based prophylaxis.pdf,Clinical outcomes of modified post-transplantation cyclophosphamide versus granulocyte colony-stimulating factor/anti-thymocyte globulin-based protocol in alternative donor transplantation for severe aplastic anaemia,China,Asia,retrospective_cohort,single,1,2012,2023,mixed,28.5,NR,NR,Y,overlap_superset_of,Wu_2023_TCT_HID;Chen_2024_TCT_URD,English,Y,N,,RL,PEND,2026-05-26,PEND,"Post hoc comparative analysis pooling prospective mPTCy cohort (n=157) with retrospective historical G-CSF/ATG control (n=140). Two donor subgroups: HID (n=205) and URD (n=92). mPTCy regimen: ATG 6 mg/kg total (2 mg/kg/day days -5 to -3) + reduced PTCy 40 mg/kg/day days +3, +4 + CsA + MMF. Median follow-up shorter in mPTCy (866d) vs G-CSF/ATG (2511d). Median follow-up reported separately by arm; overall median ~28.5 mo approximation. IFI not reported. No infection-related mortality outcomes other than narrative deaths."
396,1155,Xu ZL,2025,Haematologica,10.3324/haematol.2024.286040,NR,Xu ZL et al. 2025 - Clinical outcomes of three haploidentical transplant ... d on data from the Chinese Bone Marrow Transplantation Registry Group.pdf,Clinical outcomes of three haploidentical transplantation protocols for hematologic malignancies based on data from the Chinese Bone Marrow Transplantation Registry Group,China,Asia,retrospective_cohort,registry,NR,2020,2022,post_2018,33,15.8,51.7,Y,none,,English,Y,N,,RL,PEND,2026-05-26,PEND,Propensity score matching study from CBMTRG. Four analytical arms after PSM (G-CSF/ATG group 1 vs PTCy; G-CSF/ATG group 2 vs PTCy+ATGlow). The two G-CSF/ATG matched subsets overlap (drawn from same pool with overlap of patients). Follow-up reported as days for survivors; converted to months (median days: 1057/1015/970/865; min/max combined across all arms: 482-1576 days = ~15.8-51.7 months). No IFI data; infection-related deaths only. CMV/EBV viremia reported as crude percentages within D+100. Outcomes for relapse/NRM/OS reported at 3-year (cumulative incidence or KM); recorded at end_of_followup since spec primary timepoints (1yr) not specified separately.
397,1156,Xu ZL,2025,Haematologica,10.3324/haematol.2025.287504,NR,Xu et al. 2025 - Randomized trial of anti-thymocyte globulin plus low-do ... o prevent graft-versus-host disease in haploidentical transplantation.pdf,Randomized trial of anti-thymocyte globulin plus low-dose post-transplant cyclophosphamide to prevent graft-versus-host disease in haploidentical transplantation,China,Asia,RCT,single,1,2023,2024,post_2018,8.7,4.3,13.1,Y,none,,English,Y,N,,RL,PEND,2026-05-26,PEND,Phase III RCT (NCT06108739); stopped at 1st interim analysis (N=66 of planned 196) for futility (conditional power 0.025 < prespecified 0.10); median FU 264 days ATG-PTCy / 257 days ATG (converted to months). Both arms received G-CSF/ATG-based haplo Bu-Cy MAC + rabbit ATG 10 mg/kg + CsA/MMF/MTX; ATG-PTCy arm additionally received Cy 14.5 mg/kg D+3 and D+4. Within-PTCy variant comparison (Comp 3 = ATG+PTCy vs ATG alone).
399,1157,Yanada M,2026,Bone Marrow Transplantation,10.1038/s41409-025-02729-5,NR,Yanada M et al. 2026 - Comparison of single-unit umbilical cord blood transplantation and haploidentical hematopoietic cell transplantation with post-transplant cyclophosphamide.pdf,Comparison of single-unit umbilical cord blood transplantation and haploidentical transplantation using posttransplant cyclophosphamide during first complete remission of acute myeloid leukemia,Japan,Asia,registry,registry,NR,2017,2021,post_2018,37.2,NR,NR,Y,partial_overlap,"studies using JSTCT/JDCHCT TRUMP registry (cohorts 1064, 1070, 1103, 1108, 1109, 1113)",English,Y,N,,RL,PEND,2026-05-26,PEND,Median follow-up 3.1 years (IQR 2.0-4.5) for surviving patients. AML CR1 only; APL excluded. T-cell depletion (in vivo/ex vivo) excluded. ATG explicitly NOT used in either arm.
401,1158,Wu L,2025,British Journal of Haematology,10.1111/bjh.70133,NR,Wu L. et al. 2025 - Clinical outcomes of modified post-transplantation c ... bulin-based protocol in alternative donor transplantation for se[...].pdf,Clinical outcomes of modified post-transplantation cyclophosphamide versus granulocyte colony-stimulating factor/anti-thymocyte globulin-based protocol in alternative donor transplantation for severe aplastic anaemia,China,Asia,retrospective_cohort,single,1,2012,2023,mixed,NR,NR,NR,Y,partial_overlap,Wu 2023 (Transplant Cell Ther) and Chen 2024 (Transplant Cell Ther) prospective single-arm reports of the mPTCy subset,English,Y,N,,RL,PEND,2026-05-26,PEND,"Post hoc comparative analysis combining prospective mPTCy cohort (ChiCTR2000038297, n=157 with 1-year protocol-consistent extension) vs retrospective historical G-CSF/ATG control (n=140). Median follow-up not reported as a single value; for survivors median was 866 days (mPTCy) vs 2511 days (G-CSF/ATG). Era spans 2012-2023, mixed era. IFI not reported in this paper."
405,1159,Yong KY,2025,Open Forum Infectious Diseases,10.1093/ofid/ofaf597,NR,Yong K.Y. et al. 2025 - Incidence and Clinical Outcomes of Multiple Viral Infections After Allogeneic Hematopoietic Cell Transplantation.pdf,Incidence and Clinical Outcomes of Multiple Viral Infections After Allogeneic Hematopoietic Cell Transplantation,Australia,Oceania,single_arm_descriptive_excluded,single,1,2015,2019,mixed,12,NR,12,Y,none,,English,Y,N,,RL,PEND,2026-05-26,PEND,"PROTOCOL-EXCLUDED as single-arm descriptive paper: entire alloHCT cohort (n=430) of mixed donor types analyzed as a single descriptive cohort for viral infections; PTCy is used ONLY in the 10% haploidentical subset (n=44) and outcomes are NOT stratified by PTCy use. No comparator PTCy vs non-PTCy contrast is provided. Paper reports HR for haploidentical donor as risk factor for multiple viral infections (HR 1.56, 95% CI 1.18-2.06) but does not isolate PTCy-arm GVHD/NRM/IFI/CMV outcomes from non-PTCy arms. No IFI data extracted in this paper (focus is exclusively on viral infections: CMV, EBV, BKV, VZV, HHV-6, HSV, ADV, RSV, influenza, HPIV, HRV/ENT, HMPV). Tracked for PRISMA only; no arm/outcome rows emitted per spec."
407,1160,Yoshimitsu M,2025,British Journal of Haematology,10.1111/bjh.19835,NR,Yoshimitsu M et al. 2025 - Comparative outcomes of various transplantation modalities in adult T-cell leukemia-lymphoma after allogeneic transplantation.pdf,"Comparative outcomes of various transplantation platforms, highlighting haploidentical transplants with post-transplantation cyclophosphamide for adult T-cell leukaemia/lymphoma",Japan,Asia,registry,registry,NR,2016,2021,post_2018,23.7,0,75.9,Y,none,,English,Y,N,,RL,PEND,2026-05-26,PEND,JSTCT TRUMP ATLL registry. 4-arm comparison (PTCY haplo vs MRD vs MUD vs CBT). Median follow-up reported as days (range): all-patients 240-374 days across groups; survivor median 718.5-882.5 days. Used median across all four groups (~720 d survivor median ~ 23.7 mo) as follow_up_median_months proxy; full range 0-2310 days reported (75.9 mo).
408,1138,Yildirim M,2024,International Journal of Hematology-Oncology and Stem Cell Research,NR,NR,Yıldırım M et al. 2024 - Comparison of Cyclophosphamide-Based Graft Vers ... A Matched Unrelated Donor'' with Standard Graft Versus Host Dise[...].pdf,Comparison of Cyclophosphamide-Based Graft Versus Host Disease Prophylaxis after Allogeneic Stem Cell Transplantation from 9/10 HLA Matched Unrelated Donor with Standard Graft Versus Host Disease Prophylaxis after 10/10 HLA Matched Relative Donor Transplant,Turkey,EU,retrospective_cohort,multi,3,2016,2022,mixed,NR,NR,NR,Y,none,,English,Y,N,,RL,PEND,2026-05-26,PEND,"Paper is NOT PTCy vs ATG MUD as suggested in prompt; it is PTCy in 9/10 MMUD vs standard MTX/CNI in 10/10 MRD. Neither arm uses ATG. Comp 2 (PTCy MUD vs ATG MUD) is not applicable. Comparison eligibility: not Comp 1 (haplo vs MUD), not Comp 2 (PTCy MUD vs ATG MUD), not Comp 3 (10/10 MUD vs MMUD same prophylaxis). Both arms could be relevant single-arm contributions to PTCy MMUD analyses. PTCy arm = MMUD 9/10 (one mismatch); control = MRD 10/10 with no ATG. Mean OS reported in months; median follow-up not explicitly stated."
410,1161,Pirogova OV,2016,Klinicheskaya onkogematologiya (Clinical Oncohematology),10.21320/2500-2139-2016-9-4-391-397,NR,Бабенко et al. 2016 - Prevention of Acute Graft-Versus-Host Reaction aft ... fectiveness of Treatment Regimens Based on Anti-Thymocyte Globul[...].pdf,Prevention of Acute Graft-Versus-Host Reaction after Allogeneic Unrelated Hematopoietic Stem Cell Transplantation: Comparison of Effectiveness of Treatment Regimens Based on Anti-Thymocyte Globulin and Cyclophosphamide,Russia,EU,prospective_cohort,single,1,2010,2015,pre_2018,10.7,2.8,30,Y,none,,translation_obtained,Y,N,,RL,PEND,2026-05-26,PEND,Russian-language paper with parallel English abstract; full text in Russian. Bilingual title page used to confirm methods and results. PTCy arm is prospective (NCT02294552); comparator ATG arm is historical control. First author is Pirogova OV (Paperpile filename mislabels as Бабенко=Babenko who is 3rd author). Follow-up medians given in days: PTCy median 322 d (range 84-900); ATG median 1146 d (range 238-2113) — only PTCy median used for follow_up_median_months.
416,1042,Desai N,2026,British Journal of Haematology,10.1111/bjh.70380,NR,Desai et al. 2026 - Improved early transplant outcomes with reduced-dose ... nrelated donor allogeneic transplantation for acute myeloid leukaemia.pdf,Improved early transplant outcomes with reduced-dose PTCy and low-dose ATG in matched unrelated donor allogeneic transplantation for acute myeloid leukaemia,Canada,,prospective_cohort,single,1,2021,2024,post_2018,22.1,18,24,partial,partial_overlap,109; 415,English,Y,N,,RL,PEND,2026-05-29,PEND,"Hans Messner Allogeneic BMT Program, Princess Margaret Cancer Centre, Toronto. Prospective pilot of PTCy70 (35 mg/kg D+3/+4, n=41) initiated July 2024 in AML MUD PBSC, compared with contemporary cohort of PTCy100 (50 mg/kg D+3/+4, n=132) transplanted Jan 2021-Jun 2024. Both arms received ATG 2 mg/kg (0.5+1.5 D-3/-2) + CsA (target 150-200 ng/mL) ± tacrolimus. Letermovir for CMV+ recipients. Cohort_id 1042 (PMH_CIBMTR_MUD_acute_leukemia_FtoM) covers PMH MUD acute leukemia 2015-2023 with uniform ATG-PTCy-CNI; substantial patient overlap with PTCy100 control arm here (Jan 2021-Jun 2024 AML subset of PMH MUD). Study 415 (Desai 2025 JCO ASCO abstract) reports interim data from this same pilot study (already excluded as conference abstract). primary_for_cohort=partial: this study is primary for the reduced-dose PTCy comparison (comparison_3) within the PMH MUD AML cohort. Follow-up: total cohort median 22.1 mo (IQR 18-24); PTCy70 7.1 mo (4-9.1); PTCy100 24.1 mo (22-29). Ethics CAPCR 24-5439."
417,1162,Dulery R,2021,JACC: CardioOncology,10.1016/j.jaccao.2021.02.011,NR,Duléry et al. 2021 - Early cardiac toxicity associated with post-transplant cyclophosphamide in allogeneic stem cell transplantation.pdf,Early Cardiac Toxicity Associated With Post-Transplant Cyclophosphamide in Allogeneic Stem Cell Transplantation,France,EU,retrospective_cohort,single,1,2013,2018,pre_2018,36.5,NR,NR,Y,none,,English,Y,N,,RL,PEND,2026-05-29,PEND,"Cardiotoxicity-focused paper but reports comparative GVHD, NRM, OS outcomes between PT-Cy (n=136) and no-PT-Cy (n=195) arms. ATG used in 87% of PT-Cy arm and 99.5% of no-PT-Cy arm. Median follow-up overall 36.5 mo (Q1-Q3 32-40); arm-specific follow-up: no-PTCy 41 mo, PTCy 25 mo. Donor mix: PT-Cy 86% haplo, no-PT-Cy 99.5% MSD+MUD. Cardiac event outcomes not in standard outcomes list (excluded from outcomes table per spec)."
418,1163,Dulery R,2023,Bone Marrow Transplantation,10.1038/s41409-023-02085-2,NR,Duléry et al. 2023 - Reduced post-transplant cyclophosphamide dose with ... globulin in peripheral blood stem cell haploidentical transplantation.pdf,Reduced post-transplant cyclophosphamide dose with antithymocyte globulin in peripheral blood stem cell haploidentical transplantation,France,EU,retrospective_cohort,single,1,2014,2022,mixed,NR,NR,NR,Y,none,,English,Y,N,,RL,PEND,2026-05-29,PEND,Single-center retrospective comparison of PT-Cy 70 mg/kg (reduced; n=33) vs 100 mg/kg (standard; n=25) total dose in haploidentical PBSC HCT with thiotepa-based conditioning + low-dose ATG in age>=65 or prior cardiac event patients. Median follow-up among surviving patients was 17 months (IQR 13-20) in the 70 mg/kg arm and 59 months (IQR 51-66) in the 100 mg/kg arm; outcomes were censored at 2 years. No temporal overlap between groups (100 mg/kg 2014-2019 era; 70 mg/kg 2020-2022 era); letermovir introduced March 2020 hence only used in 70 mg/kg arm (85% of patients). This is a within-PTCy dose comparison (Comparison 3); not eligible for Comparison 1 (no CNI+MTX/MMF arm) or Comparison 2 (both arms received ATG + PTCy).
419,1164,El Jurdi N,2023,medRxiv (preprint),10.1101/2023.03.24.23287521,NR,El Jurdi et al. 2023 - Phase II study of myeloablative 8 - 8- or 7 - 8-m ... henolate mofetil - Marked reduction in GVHD risk without increas[...].pdf,"Phase II Study of Myeloablative 8/8- or 7/8-Matched Allotransplantation with Post-Transplant Cyclophosphamide, Tacrolimus, and Mycophenolate Mofetil: Marked Reduction in GVHD Risk Without Increased Relapse Risk Compared to Historical Cyclosporine/Methotrexate",USA,,prospective_cohort,single,1,2005,2022,mixed,15.5,NR,NR,Y,none,NR,English,Y,N,,RL,PEND,2026-05-29,PEND,"medRxiv preprint, not peer-reviewed at time of extraction. Phase II prospective trial of PTCy/Tac/MMF (NCT03314974) vs historical phase II CSA/MTX cohort (NCT00176930). Median follow-up reported as 472 days post-transplant; converted to ~15.5 months. Comparison 1 eligible. No infection outcomes reported."
421,1165,Esquirol A,2024,Annals of Hematology,10.1007/s00277-023-05530-w,NR,Esquirol et al. 2024 - Outcome improvement over time in reduced intensity conditioning hematopoietic transplantation - a 20-year experience.pdf,Outcome improvement over time in reduced intensity conditioning hematopoietic transplantation: a 20-year experience,Spain,EU,retrospective_cohort,single,1,1999,2020,mixed,96,12,264,Y,none,NR,English,Y,N,,RL,PEND,2026-05-29,PEND,"Single-center Sant Pau Barcelona retrospective sequential cohort study spanning 20 years; three GVHD prophylaxis eras compared. Median follow-up 8 years overall (CsA-MTX/MMF 13y; Tac-Siro 6y; PTCy-Tac 3y). N=484 (271 CsA-MTX/MMF, 145 Tac-Siro, 68 PTCy-Tac). Conditioning uses Flu-Mel for lymphoid, Flu-Bu for myeloid; thiotepa added with PTCy."
422,1166,Gaballa S,2016,Cancer,10.1002/cncr.30180,NR,"Gaballa et al. 2016 - Results of a 2-arm, phase 2 clinical trial using p ... ase in haploidentical donor and mismatched unrelated donor hemat[...].pdf",Results of a Two-arm Phase II Clinical Trial using Post-transplantation Cyclophosphamide for Prevention of Graft-versus-host Disease in Haploidentical and Mismatched Unrelated Donors Hematopoietic Stem-cell Transplantation,USA,,prospective_cohort,single,1,2010,2014,pre_2018,24,NR,NR,Y,overlap_superset_of,242,English,Y,N,,RL,PEND,2026-05-29,PEND,"Phase 2 non-randomized trial NCT01010217. Two parallel arms received identical melphalan-based RIC + PTCy/tacrolimus/MMF GVHD prophylaxis, differing only by donor type (haplo vs 9/10 MUD). Median follow-up: HAPLO 24mo, 9/10 MUD 29mo. Both arms use PTCy; no PTCy vs non-PTCy comparison, no PTCy regimen variant comparison; comparison_1/2/3 = N for both arms. Data retained in corpus for descriptive purposes."
424,1022,Hassan K,2025,American Journal of Hematology,10.1002/ajh.70059,NR,Hassan et al. 2025 - Risk of relapse post reduced intensity conditioning ... risk myeloid neoplasms based on GvHD prophylaxis - PTCy vs. TAC - MTX.pdf,Risk of Relapse Post Reduced Intensity Conditioning Allogeneic Stem Cell Transplant in Patients With High-Risk Myeloid Neoplasms Based on GvHD Prophylaxis: PTCy Vs. TAC/MTX,USA,,retrospective_cohort,single,1,2018,2023,post_2018,NR,NR,NR,partial,overlap_subset_of,48,English,Y,N,,RL,PEND,2026-05-29,PEND,"Single-center Mayo Clinic Rochester retrospective cohort of 107 RIC/NMA alloHCT patients with high-risk myeloid neoplasms (AML/CMML/MDS) Jan 2018 - Jun 2023. Subset of broader Mayo Rochester cohort 1022 (Baranwal 2025, n=500 same time window). Median follow-up reported as 19 months (PTCy) vs 46 months (TAC/MTX), not combined median. Co-author Baranwal is the lead of cohort 1022's primary publication. primary_for_cohort=partial: this paper is primary for relapse outcomes in HR-MN RIC/NMA subset only. Brief CORRESPONDENCE/letter format but contains Methods, Results, and original primary data — NOT a narrative review/editorial; therefore extracted."
425,1167,Hyder MA,2025,Blood Advances,10.1182/bloodadvances.2024014879,NR,Hyder et al. 2025 - Intermediate-dose posttransplantation cyclophosphamide for myeloablative HLA-haploidentical bone marrow transplantation.pdf,Intermediate-dose posttransplantation cyclophosphamide for myeloablative HLA-haploidentical bone marrow transplantation,USA,,prospective_cohort,single,1,2019,2022,post_2018,28.8,NR,NR,Y,none,,English,Y,N,,RL,PEND,2026-05-29,PEND,"Phase 1/2 trial (NCT03983850) of reduced-dose PTCy after MAC haploBMT. Three dose levels: DL1 HD-PTCy 50/50 (n=5 pilot), DL2 ID-PTCy 25/25 days +3/+4 (n=23 phase 1+2), DL3 25 day +4 only (n=7). Comparison_3 eligible (within-PTCy dose comparisons). Median FU 2.4 yr all pts, 2.3 yr DL2 patients."
426,1168,Garcia-Cadenas Irene,2021,Bone Marrow Transplantation,10.1038/s41409-020-01092-x,NR,Irene et al. 2021 - Patterns of infection and infectious-related mortali ... graft-versus-host-disease prophylaxis - impact of HLA donor matching.pdf,Patterns of infection and infectious-related mortality in patients receiving post-transplant high dose cyclophosphamide as graft-versus-host-disease prophylaxis: impact of HLA donor matching,Spain,EU,retrospective_cohort,single,1,2013,2020,mixed,23.4,1.4,80,Y,partial_overlap,"133,134,320,321",English,Y,N,,RL,PEND,2026-05-29,PEND,"Single-center Sant Pau Barcelona; PTCy-only cohort with 3 donor strata. Outcomes reported as HaploSCT (n=40) vs combined MRD/VUD/MMUD (n=77). All comparison_X_eligible set to N because all arms use PTCy with the same regimen (no PTCy vs non-PTCy comparator, no within-PTCy regimen variant comparison - donor-type stratification only). Follow-up censored at 18 months for survival/infection analyses. Median follow-up haplo 851 days, non-haplo 526 days."
430,1169,Kerbauy MN,2025,Haematologica,10.3324/haematol.2024.285921,NR,Kerbauy et al. 2025 - Immune reconstitution dynamics after unrelated all ... l immunosuppression with anti-thymocyte globulin - a prospective[...].pdf,Immune reconstitution dynamics after unrelated allogeneic transplantation with post-transplant cyclophosphamide compared to classical immunosuppression with anti-thymocyte globulin: a prospective cohort study,Brazil,SA,prospective_cohort,single,1,2019,2021,post_2018,39,NR,NR,Y,none,,English,Y,N,,RL,PEND,2026-05-29,PEND,"Median follow-up reported as 3.25 years (~39 months). Single-center prospective cohort comparing PTCy vs ATG in unrelated donor allo-HCT, with patient allocation based on either concurrent RCT (NCT03818334) randomization or clinical team choice (i.e., not a pure RCT). Primary focus is immune reconstitution kinetics, with limited clinical outcome data."
431,1170,Kim DH,2024,Scientific Reports,10.1038/s41598-024-64361-5,NR,Kim et al. 2024 - Dual T-cell depletion with individually tailored anti... clophosphamide in haploidentical peripheral stem cell transplantation.pdf,Dual T-cell depletion with individually tailored anti-thymocyte globulin and attenuated dose of post-transplant cyclophosphamide in haploidentical peripheral stem cell transplantation,South Korea,Asia,retrospective_cohort,single,1,2017,2023,mixed,38,NR,NR,Y,none,,English,Y,N,,RL,PEND,2026-05-29,PEND,"Single-center SNUH retrospective cohort. Two arms compared: ATG (7.5 mg/kg total, days -3 to -1) + CNI + MTX (n=46) vs ATG individually tailored 3-4 mg/kg (by ALC on day -3) + PTCy 50/30 mg/kg days 3,4 (total 80 mg/kg) + CNI + MMF (n=32). Both PBSC, BuFlu conditioning, MAC or RIC. Median FU 38 months. Reverse KM median FU."
432,1171,Koura D,2025,Blood Advances,10.1182/bloodadvances.2024015094,NR,Koura et al. 2025 - A prospective clinical trial of GVHD prophylaxis with posttransplant cyclophosphamide and abatacept.pdf,A prospective clinical trial of GVHD prophylaxis with posttransplant cyclophosphamide and abatacept,USA,,RCT,single,1,2020,2022,post_2018,12,NR,NR,Y,none,,English,Y,N,,RL,PEND,2026-05-29,PEND,"Prospective phase 2 randomized open-label single-center trial (UCSD, NCT03680092). Enrollment 28 Jan 2020 to 26 May 2022. Originally planned 1:1 randomization (n=50, 25/arm); after FDA Abatacept approval Dec 2021, amended to enroll PTCy+Aba only. First 30 patients enrolled before amendment. Final: PTCy+Aba n=25, SOC n=15 (40 treated; 43 enrolled, 3 did not receive treatment). All patients received peripheral blood stem cells. Conditioning: TBI/Cy MAC, Flu/Bu4 MAC, Flu/Mel RIC. Primary endpoint: moderate/severe chronic GVHD at 1 yr. Patients followed 1 year. Diseases predominantly AML/ALL/MDS/MF; no myeloma; no lymphoma in PTCy+Aba arm. Follow-up 12 months for all reported endpoints; median not explicitly stated."
433,1172,Lazana I,2026,Bone Marrow Transplantation,10.1038/s41409-025-02736-6,NR,Lazana et al. 2026 - Low-dose post-transplant cyclophosphamide in combin ... atched unrelated allogeneic stem cell transplantation is associa[...].pdf,Low-dose post-transplant cyclophosphamide in combination with low-dose alemtuzumab for graft-versus-host-disease prevention in mismatched unrelated allogeneic stem cell transplantation is associated with improved outcomes and reduced toxicity,Greece,EU,prospective_cohort,single,1,2015,2024,mixed,42,NR,NR,Y,none,,English,Y,N,,RL,PEND,2026-05-29,PEND,"Single-center prospective study (study group) with non-randomized historical control (2015-2019 control). 3 arms extracted: PTCy-15 mg/kg (A1), PTCy-25 mg/kg (A2), historical alemtuzumab/CsA/MMF control (A3). Median follow-up of 27 months for CI estimates and 42 months for OS/RFS/GRFS in survivors. Mount Sinai (MAGIC) aGvHD criteria; NIH 2014 cGvHD criteria. Control group used alemtuzumab (anti-CD52, in vivo TCD agent); thus comparison_1 (vs CNI+MTX/MMF without TCD) is not eligible. Alemtuzumab is not classical ATG so comparison_2 also marked N. Comparison_3 (within-PTCy dose) Y for both PTCy subgroups."
436,1173,Makanga DR,2020,Journal of Immunology,10.4049/jimmunol.2000578,NR,Makanga et al. 2020 - Posttransplant cyclophosphamide and antithymocyte ... hylaxis for peripheral blood stem cell haploidentical transplant[...].pdf,Posttransplant Cyclophosphamide and Antithymocyte Globulin versus Posttransplant Cyclophosphamide as Graft-versus-Host Disease Prophylaxis for Peripheral Blood Stem Cell Haploidentical Transplants: Comparison of T Cell and NK Effector Reconstitution,France,EU,retrospective_cohort,single,1,2014,2019,mixed,NR,NR,NR,Y,none,NR,English,Y,N,,RL,PEND,2026-05-29,PEND,"Single-center Nantes University Hospital retrospective cohort. PTCY group enrolled 08/2014-05/2017 (median FU 43.5 mo for alive patients); PTCY+ATG group enrolled 05/2017-03/2019 (median FU 24.2 mo for alive patients). Different follow-up windows per group, so paper-level median not reported. Two arms compared: PTCY (Baltimore-based RIC with fludarabine or clofarabine) vs PTCY+ATG (CloB2A1 regimen). Within-PTCy comparison (comparison_3 eligible). Primary focus is NK/T cell reconstitution but key clinical outcomes (engraftment, OS, DFS, GRFS, relapse, NRM, aGVHD, cGVHD) are reported in Tables I-II."
437,1174,Mandaci Sanli N,2025,Therapeutic Advances in Hematology,10.1177/20406207251353011,NR,Mandaci Ṣanli and Ünal 2025 - Low-dose anti-thymocyte globulin combined ... graft-versus-host disease in haploidentical stem cell transplantation.pdf,Low-dose anti-thymocyte globulin combined with low-dose post-transplant cyclophosphamide: a novel approach to prevent graft-versus-host disease in haploidentical stem cell transplantation,Turkiye,EU,retrospective_cohort,single,1,2015,2024,mixed,NR,1,118,Y,none,,English,Y,N,,RL,PEND,2026-05-29,PEND,"Single-center retrospective Erciyes University study, n=33 adult haplo-HSCT patients. Within-PTCy comparison: PTCy-only vs low-dose ATG/PTCy (comparison 3 eligible). Median follow-up reported separately per arm: 15mo (PTCy) and 26mo (ATG/PTCy); range across cohort 1-118 months. Letermovir not used. AGVHD graded by modified Glucksberg; cGVHD by 2014 NIH consensus. The paper reports proportions, not cumulative incidence; outcome rows use proportion_reported_pct."
438,1007,Moiseev IS,2018,European Journal of Haematology,10.1111/ejh.13030,NR,"Moiseev et al. 2018 - Risk-adapted GVHD prophylaxis with post-transplant ... adults after related, unrelated, and haploidentical transplantations.pdf","Risk-adapted GVHD prophylaxis with post-transplantation cyclophosphamide in adults after related, unrelated, and haploidentical transplantations",Russia,EU,prospective_cohort,single,1,2013,2015,pre_2018,NR,NR,NR,partial,overlap_superset_of,7,English,Y,N,,RL,PEND,2026-05-29,PEND,"Prospective non-randomized equivalence trial (NCT02294552) of risk-adapted PTCy prophylaxis at Pavlov First Saint Petersburg State Medical University (R.M. Gorbacheva Memorial Institute). 200 adult patients enrolled 2013-2015 in 3 arms by graft source + HLA matching: (A1) MBM = 10/10 matched (MRD or MUD) bone marrow, single-agent PTCy 50 mg/kg D+3,+4 (n=57); (A2) MPBSC = 10/10 matched PBSC, PTCy + tacrolimus + MMF 30 mg/kg (n=88); (A3) MMG = mismatched grafts (MMUD or Haplo), PTCy + tacrolimus + MMF 45 mg/kg (n=55). Paper explicitly states the MPBSC + unrelated subset was already published in Moiseev 2016 BBMT (study_id 7, cohort 1007), so this 2018 study is the parent trial / superset. Assigned to cohort_id 1007 as overlap_superset_of study_id 7. primary_for_cohort=partial because Moiseev 2016 was already designated primary for some outcomes within the cohort. Within-PTCy 3-arm comparison eligible for comparison_3."
442,1175,Nakamae H,2019,Transplant International,10.1111/tri.13494,NR,Nakamae et al. 2019 - A prospective observational study of immune recons ... ansplant reduced-dose cyclophosphamide from HLA-haploidentical donors.pdf,A prospective observational study of immune reconstitution following transplantation with post-transplant reduced-dose cyclophosphamide from HLA-haploidentical donors,Japan,Asia,prospective_cohort,single,1,2013,2016,pre_2018,22.3,4.4,46.2,Y,none,,English,Y,N,,RL,PEND,2026-05-29,PEND,"Median follow-up overall 678 days (range 133-1405) reported for entire cohort survivors. PTCy-haplo subgroup median follow-up 657 days (range 229-1279). Four-arm prospective observational study with focus on immune reconstitution. Primary outcomes for this MA: GVHD CI, OS, NRM, virus reactivation. Reduced-dose PTCy (25 mg/kg x 2)."
445,1176,Raiola AM,2025,Blood Advances,10.1182/bloodadvances.2024015173,NR,Raiola et al. 2025 - Posttransplant cyclophosphamide as GVHD prophylaxis in patients receiving mismatched unrelated HCT - the PHYLOS trial.pdf,Posttransplant cyclophosphamide as GVHD prophylaxis in patients receiving mismatched unrelated HCT: the PHYLOS trial,Italy,EU,single_arm_descriptive_excluded,multi,26,2020,2022,post_2018,NR,12,NR,Y,none,,English,Y,N,,RL,PEND,2026-05-29,PEND,"PHYLOS trial: prospective phase 2 single-arm open-label multicenter trial. Per spec section 'Single-arm descriptive papers (no comparator arm, no PTCy contrast): emit with study_design = single_arm_descriptive_excluded and skip outcome extraction.' Single PTCy-based arm only, no comparator. Outcomes table available for reference but not extracted per spec. Key reported outcomes (for consolidator reference only): aGVHD II-IV at D+100 18.2% (95% CI 10.6-27.6, 14/77); aGVHD III-IV at D+100 6.5% (95% CI 3.1-15.1, 5/77); cGVHD any-grade NIH at 1yr 13.4% (95% CI 6.9-22.1, 10/77); cGVHD moderate/severe NIH at 1yr 9.4% (95% CI 4.1-17.2, 7/77); relapse 1yr 23.8% (95% CI 14.9-33.9, 18/77); NRM 1yr 9.1% (95% CI 4.0-16.9, 7/77); OS 1yr 78.6% (95% CI 67.4-86.3); GRFS 1yr 55.3% (95% CI 43.4-65.7). Primary graft failure: 5 patients failed to engraft and died with cytopenia; 1 had autologous recovery and underwent second HCT. Neutrophil recovery median day +17 (range 10-35), platelet recovery median day +22 (range 11-137). Bloodstream infections: 18 episodes. CMV reactivations: only 4. Conditioning Bu4Flu MAC in 100%. Donor: 7/8 MMUD in 100%; class I mismatch 93.5%, class II (DRB1) 4%. PB graft 93.5%, BM 6.5%. GVHD prophylaxis: PTCy 50 mg/kg D+3 and D+4 + CSA or Tac (from D+5) + MMF 15 mg/kg q12h D+5 to D+35. Despite being a prospective phase 2 trial, this is excluded from outcome meta-analysis per the locked single-arm exclusion rule; the row is retained for PRISMA tracking and ROBINS-I assessment is provided."
446,1127,Redondo S,2025,European Journal of Haematology,10.1111/ejh.70010,NR,Redondo et al. 2025 - Standard versus reduced-doses of post-transplant c ... e in HLA matched (10 - 10) peripheral blood stem cell transplantation.pdf,Standard Versus Reduced-Doses of Post-Transplant Cyclophosphamide in HLA Matched (10/10) Peripheral Blood Stem Cell Transplantation,Spain,EU,retrospective_cohort,single,1,2017,2024,mixed,24,13,51,partial,partial_overlap,321,English,Y,N,,RL,PEND,2026-05-29,PEND,"Single-center Hospital de la Santa Creu i Sant Pau, Barcelona. Within-PTCy comparison: standard PTCy 50 mg/kg x 2 (total 100 mg/kg) vs reduced PTCy 30 mg/kg x 2 (total 60 mg/kg), both with single-agent tacrolimus. Comparison 3 eligible. Standard-dose arm (2017 onwards through early years) likely subset/overlap with cohort 1127 SantPau_Barcelona_Redondo_HLAmatched (Redondo 2024 study_id 321, n=226, 2012-2022, PTCy+TAC HLA-matched). Reduced-dose arm started March 2018 (initially selective for cardiac comorbidity/low CD34/MF) and expanded to all HLA-matched September 2023. Median follow-up reported separately: 29 mo standard, 20 mo reduced; mid-point ~24 mo used at study level. Assigned to existing cohort 1127 because both arms are PTCy+TAC HLA-matched MSD/MUD at same institution from same group."
447,1009,Ruggeri A,2018,Journal of Hematology & Oncology,10.1186/s13045-018-0586-4,NR,"Ruggeri et al. 2018 - Post-transplant cyclophosphamide for graft-versus... r transplant for patients with acute leukemia, on behalf of ALWP-EBMT.pdf","Post-transplant cyclophosphamide for graft-versus-host disease prophylaxis in HLA matched sibling or matched unrelated donor transplant for patients with acute leukemia, on behalf of ALWP-EBMT",multinational,multinational,registry,registry,150,2007,2015,pre_2018,20,NR,NR,partial,partial_overlap,52;57;60;61;62;63;77;78;79;118;151;217;221;232;276;277;278;279;280;281;282;287;305;323;324;325;343;344;345;383;384,English,Y,N,,RL,PEND,2026-05-29,PEND,"EBMT ALWP registry study, 423 adult AML/ALL patients receiving MSD or 10/10 MUD HSCT 2007-2015 with PT-Cy as GVHD prophylaxis. Three within-PTCy strata: PT-Cy alone (n=78), PT-Cy + 1 IS (n=204), PT-Cy + 2 IS (n=141). Comparison_3 eligible (within-PTCy intensity comparison). Assigned cohort_id 1009 per prompt instruction (EBMT_ALWP_AML cluster). Note: cohort 1024 in map is EBMT_ALWP and contains many overlapping members; consolidator may need to reconcile. Overlap with study_id 324 (Ruggeri A 2017 Haematologica) particularly likely (same author/group/registry, different donor strata - haplo)."
450,1009,Sanz J,2020,Journal of Hematology & Oncology,10.1186/s13045-020-00882-6,NR,Sanz et al. 2020 - Post-transplant cyclophosphamide after matched siblin ... ts with acute myeloid leukemia - a comparative study of the ALWP EBMT.pdf,"Post-transplant cyclophosphamide after matched sibling, unrelated and haploidentical donor transplants in patients with acute myeloid leukemia: a comparative study of the ALWP EBMT",multinational,multinational,registry,registry,NR,2010,2017,pre_2018,24,NR,NR,partial,partial_overlap,1009_cluster_EBMT_ALWP_AML,English,Y,N,,RL,PEND,2026-05-29,PEND,"EBMT ALWP retrospective registry study comparing PTCy as GVHD prophylaxis across 3 donor types (MSD n=215, MUD n=235, Haplo n=789) in AML CR1. All arms received PTCy, so this is a within-PTCy donor type comparison (comparison_3 eligible). Cohort cluster: EBMT_ALWP_AML, cohort_id 1009 per known_clusters mapping. Partial overlap with other EBMT ALWP AML papers (Brissot, Battipaglia, Ruggeri, Nagler, Bazarbachi etc.) by registry/era."
453,1009,Spyridonidis A,2022,Bone Marrow Transplantation,10.1038/s41409-022-01816-1,NR,Spyridonidis et al. 2022 - Should anti-thymocyte globulin be added in po ... transplantation for acute myeloid leukemia - A study on behalf [...].pdf,Should anti-thymocyte globulin be added in post-transplant cyclophosphamide based matched unrelated donor peripheral blood stem cell transplantation for acute myeloid leukemia? A study on behalf of the Acute Leukemia Working Party of the EBMT,multinational,multinational,registry,registry,NR,2010,2019,mixed,22.9,NR,NR,partial,partial_overlap,1009_cluster_EBMT_ALWP_AML,English,Y,N,,RL,PEND,2026-05-29,PEND,EBMT ALWP retrospective registry. AML pts in CR1/CR2 with MUD-PBSCT (10/10 or 9/10) receiving PTCy as GvHD prophylaxis; compares PTCy alone (n=421) vs PTCy+ATG (n=151). Comparison 3 candidate (within-PTCy: addition of ATG). Median FU differs between arms: 19.6 mo (PTCy) vs 31.1 mo (PTCy+ATG); endpoints censored at 2 years. Assigned cohort_id 1009 per Block 9 EBMT_ALWP_AML cluster directive. Total n=572.
454,1177,Venugopal N,2025,Annals of Hematology,10.1007/s00277-025-06657-8,NR,Venugopal et al. 2025 - Safety and feasibility of intermediate-dose post-transplant cyclophosphamide for graft-versus-host disease prophylaxis.pdf,Safety and feasibility of intermediate-dose post-transplant cyclophosphamide for graft-versus-host disease prophylaxis,USA,,retrospective_cohort,single,1,2023,2024,post_2018,7.5,1.5,19.9,Y,none,NR,English,Y,N,,RL,PEND,2026-05-29,PEND,"Paper formally labeled 'CASE REPORT' but functions as a comparative case series with statistical comparison to a historical control cohort (n=57) from the same center receiving standard-dose PTCy (Cioccio et al. 2023 Ann Hematol, ref [4]). Intermediate-dose group includes 10 patients at 25 mg/kg/day x2 and 1 patient at 30 mg/kg/day x2 (Case 4). Median follow-up among 10 survivors was Day 224 (~7.4 months); range Day 45 to Day 596. Cohort 1 (Case 1) died Day 100 from diffuse alveolar hemorrhage. Within-PTCy dose comparison (Comparison 3 eligible). Historical standard-dose comparator arm has limited reporting in this paper for several outcomes (the focus is on engraftment, chimerism, and GVHD)."
455,1153,Wang Y,2017,OncoImmunology,10.1080/2162402X.2017.1356152,NR,Wang et al. 2017 - Low-dose post-transplant cyclophosphamide can mitigat ... HD protective activity and improve haploidentical transplant outcomes.pdf,Low-dose post-transplant cyclophosphamide can mitigate GVHD and enhance the G-CSF/ATG induced GVHD protective activity and improve haploidentical transplant outcomes,China,Asia,prospective_cohort,single,1,2015,2016,pre_2018,10,4,20,N,overlap_subset_of,390,English,Y,N,,RL,PEND,2026-05-29,PEND,"Single-center Peking University People's Hospital (PUPH) pilot prospective trial NCT02412423 enrolled Apr 2015-Aug 2016. Combines murine model (extracted no outcomes from mouse data) + clinical cohort. Cohort A (n=40): intensified conditioning (Bu/Cy/Ara-C/SIM) + ATG/G-CSF + low-dose PTCy 14.5 mg/kg x 2 days (+3,+4) + CSA/MMF/MTX, haplo from maternal donor or collateral relative. Cohort B (n=120): contemporary matched-pair control (3:1) without PTCy, haplo from other relatives (not maternal/collateral). Cohort C (n=46): historic control (Jan 2014-Mar 2015) without PTCy, haplo from maternal donors/collateral relatives. All three arms received ATG + G-CSF-primed BM + CSA+MMF+MTX (Beijing protocol). The 40 ATG-PTCy patients in Cohort A are a subset of the larger Wang Y 2019 (study_id 390) cohort 1153 (PekingU_Soochow_Nanfang_MD_CRD_haplo_ATG_PTCy, n=239). Cohorts B and C are PUPH non-PTCy controls. Follow-up median in cohort A: 303 days (~10 months); range 120-607 days for survivors. This paper is the earlier pilot publication; primary publication for the cohort is Wang Y 2019 (study_id 390)."
456,1178,Wang L,2021,Frontiers of Medicine,10.1007/s11684-019-0730-8,NR,Wang et al. 2021 - Fludarabine and intravenous busulfan conditioning wit ... nsplantation for adult patients with lymphoid malignancies - a p[...].pdf,Fludarabine and intravenous busulfan conditioning with post-transplantation cyclophosphamide for allogeneic peripheral stem cell transplantation for adult patients with lymphoid malignancies: a prospective single-arm phase II study,China,Asia,prospective_cohort,single,1,2013,2018,pre_2018,18,3.5,60,Y,none,,English,Y,N,,RL,PEND,2026-05-29,PEND,"Prospective single-arm phase II trial (NCT01435447) with historical control group (n=48, pre-2013) at same institution. PTCy arm (n=31) used Flu-Bu4 MAC + PBSC + PTCy 50 mg/kg D+3/+4 + CsA. Historical group used BuCy + CsA+MTX+MMF (MSD) or CsA+MTX+MMF+ATG (MUD). Donor mix in PTCy arm: 58% MSD, 32% MUD, 10% haplo. Disease: 81% ALL, 19% lymphoma. Outcome comparisons reported with Gray P-values vs historical group."
457,1179,Wang Y,2025,Bone Marrow Transplantation,10.1038/s41409-024-02436-7,NR,Wang et al. 2025 - Post-transplant cyclophosphamide with post-engraftmen ... disease in peripheral stem cell transplantation from HLA-matched[...].pdf,Post-transplant cyclophosphamide with post-engraftment antithymocyte globulin reduce moderate to severe chronic graft-versus-host disease in peripheral stem cell transplantation from HLA-matched unrelated and haploidentical donors,China,Asia,retrospective_cohort,single,1,2015,2021,mixed,24.9,15.1,42.1,Y,none,,English,Y,N,,RL,PEND,2026-05-29,PEND,"Single-center Ruijin Hospital Shanghai. D+100 landmark analysis (only patients alive in remission at D+100 included for outcome analysis: 71/77 PTCy-ATG, 48 CNI MSD historical, 35 CNI-ATG MUD/haplo historical). aGVHD percentages NOT directly reported in this paper - only listed as binary covariate in multivariate Cox model. Authors quoted previous reports (refs 9, 10) for grade II-IV ~15% and III-IV <5%. Three-arm comparison enables comparison 1 (PTCy-ATG vs CNI MTX-based MSD) and comparison 2 (PTCy-ATG vs CNI-ATG MUD/haplo). Follow-up medians: PTCy-ATG 757 days, CNI 787, CNI-ATG 1281; min-max approximated from reported range 458-1236d in PTCy-ATG."
460,1068,Xu X,2021,Bone Marrow Transplantation,10.1038/s41409-020-01047-2,NR,Xu et al. 2021 - Low dose anti-thymocyte globulin with low dose posttran ... sus-host dise as compared with standard-dose anti-thymocyte g[...].pdf,Low dose anti-thymocyte globulin with low dose posttransplant cyclophosphamide (low dose ATG/PTCy) can reduce the risk of graft-versus-host disease as compared with standard-dose anti-thymocyte globulin in haploidentical peripheral hematopoietic stem cell transplantation combined with unrelated cord blood,China,Asia,retrospective_cohort,single,1,2014,2018,pre_2018,NR,NR,NR,partial,overlap_subset_of,184,English,Y,N,,RL,PEND,2026-05-29,PEND,"Correspondence/Letter to the Editor in BMT, but contains full methods, results, and discussion (not a typical 1-page abstract). Follow-up median: standard ATG arm = 23 months, low dose ATG/PTCy arm = 12.5 months (these are arm-specific; study-level NR). Two-arm comparative study (low dose ATG/PTCy vs standard-dose ATG). Cohort_id 1068 = Shanghai_General_older_myeloid_lowATGPTCy; current paper enrolled 2014-2018 (PTCy patients from June 2017), subset of broader 2016-2023 Jia Y 2025 cohort. cohort_overlap_status = overlap_subset_of as Jia 2025 covers a superset time window and is restricted to older (>=55). Median FU at study-level is unclear; both arms are myeloid malignancies (AML, MDS, etc.). All patients received Haplo-PBSCT + co-infused unrelated UCB."
461,1036,Xue E,2022,J Clin Med,10.3390/jcm11041106,NR,Xue et al. 2022 - Addition of a single low dose of anti T-lymphocyte glo ... e after allogeneic hematopoietic stem cell transplant - A pilot study.pdf,Addition of a Single Low Dose of Anti T-Lymphocyte Globulin to Post-Transplant Cyclophosphamide after Allogeneic Hematopoietic Stem Cell Transplant: A Pilot Study,Italy,EU,retrospective_cohort,single,1,2015,2021,mixed,NR,NR,NR,partial,partial_overlap,97,English,Y,N,,RL,PEND,2026-05-29,PEND,"Single-center retrospective matched-pair (1:2 propensity-score) cohort from IRCCS San Raffaele Milan. Study group n=21 (Jan 2019-Aug 2021 + 1 patient 2015), PT-Cy + ATLG 5 mg/kg D+5 + sirolimus +/- MMF. Control group n=42 (Jun 2015-Dec 2018), PT-Cy + sirolimus +/- MMF without ATLG. Both arms received treosulfan/fludarabine-based conditioning. Inclusion: PBSC graft with CD3+ >300 x 10^6/kg. Median FU 538 days (study) vs 1450 days (control); reported in days only. Cohort partially overlaps cohort 1036 (SanRaffaele_Milan_MAP_PTCy 2015-2022, study 97 Chiurlo 2025) - same institution and overlapping enrollment years. Paper eligible for comparison_3 (within-PTCy: PT-Cy alone vs PT-Cy + post-transplant ATLG addition)."
462,1180,Zhang W,2023,British Journal of Haematology,10.1111/bjh.18483,NR,Zhang et al. 2023 - Reduced-dose post-transplant cyclophosphamide plus l ... ophylaxis with fludarabine-busulfan-cytarabine conditioning in h[...].pdf,"Reduced-dose post-transplant cyclophosphamide plus low-dose post-transplant anti-thymocyte globulin as graft-versus-host disease prophylaxis with fludarabine-busulfan-cytarabine conditioning in haploidentical peripheral blood stem cell transplantation: A multicentre, randomized controlled clinical trial",China,Asia,RCT,multi,4,2018,2022,post_2018,19.1,1.6,46.1,Y,none,,English,Y,N,,RL,PEND,2026-05-29,PEND,"Phase II multicentre RCT (ChiCTR2200058591). Primary endpoint: D+100 grade II-IV aGVHD. Both arms are haplo-PBSCT (PBSC graft in PTCy arm; G-BM+PBSC mixture in standard-dose ATG arm). Comparator is 'Beijing Protocol' G-CSF/ATG-based MAC, not a true ATG vs PTCy head-to-head: experimental arm = reduced-dose PTCy (40 mg/kg x2) + low-dose post-transplant ATG (2.5 mg/kg d+8) + CsA + MMF; control arm = standard-dose ATG 10 mg/kg pretransplant + CsA + MMF + MTX. Median follow-up reported as 486 days (PTCy/ATG) and 533 days (standard-dose ATG); reported here in months for arm 1; min/max derived from individual arm ranges (50-1458 days)."
464,1181,Zu Y,2022,Bone Marrow Transplantation,10.1038/s41409-022-01754-y,NR,Zu et al. 2022 - Low-dose post-transplant cyclophosphamide with low-dose ... omplete remission undergoing 10 - 10 HLA-matched unrelated donor[...].pdf,"Low-dose post-transplant cyclophosphamide with low-dose antithymocyte globulin for prevention of graft-versus-host disease in first complete remission undergoing 10/10 HLA-matched unrelated donor peripheral blood stem cell transplants: a multicentre, randomized controlled trial",China,Asia,RCT,multi,3,2018,2021,post_2018,18.5,6,47.7,Y,none,,English,Y,N,,RL,PEND,2026-05-29,PEND,"Multicenter RCT (ChiCTR2200056979). Median follow-up for survivors: 561 days (range 182-1450) in PTCy-ATG arm vs 600 days (196-1370) in ATG arm; pooled median ~18.5 months. Conditioning: Flu + Bu (12.8 mg/kg / MAC) + Ara-C, +/- TBI 2.5-3 Gy for lymphoid malignancies."
465,1182,Zu Y,2023,Blood Cancer Journal,10.1038/s41408-022-00771-w,NR,"Zu et al. 2023 - Low-dose PTCy plus low-dose ATG as GVHD prophylaxis aft ... alignancies - a prospective, multicenter, randomized controlled trial.pdf","Low-dose PTCy plus low-dose ATG as GVHD prophylaxis after UD-PBSCT for hematologic malignancies: a prospective, multicenter, randomized controlled trial",China,Asia,RCT,multi,3,2019,2022,post_2018,14.4,0.3,45.8,Y,none,NR,English,Y,N,,RL,PEND,2026-05-29,PEND,"Published as Correspondence in Blood Cancer Journal but qualifies as primary RCT (ChiCTR2200056979) with full Methods and Results. Median follow-up: 457 days (PTCy-ATG) and 424 days (quadruplet ATG) — overall paper-level median ~14.4 months, range 8-1394 days (~0.3 to 45.8 months)."
